[FWD-PRE] #000 | Conv2d_1a_3x3.conv                       | inp[0]=shape=(4, 3, 224, 224) ptr=20617035155456 size=2408448B
[FWD-PRE] #000 | Conv2d_1a_3x3.conv                       | weight=shape=(32, 3, 3, 3) ptr=20616935636992 size=3456B
[FWD-POST] #001 | Conv2d_1a_3x3.conv                       | out[0]=shape=(4, 32, 111, 111) ptr=20617038397440 size=6308352B
[FWD-PRE] #002 | Conv2d_1a_3x3.bn                         | inp[0]=shape=(4, 32, 111, 111) ptr=20617038397440 size=6308352B
[FWD-PRE] #002 | Conv2d_1a_3x3.bn                         | weight=shape=(32,) ptr=20616935640576 size=128B
[FWD-PRE] #002 | Conv2d_1a_3x3.bn                         | bias=shape=(32,) ptr=20616935641088 size=128B
[FWD-PRE] #002 | Conv2d_1a_3x3.bn                         | running_mean=shape=(32,) ptr=20616935641600 size=128B
[FWD-PRE] #002 | Conv2d_1a_3x3.bn                         | running_var=shape=(32,) ptr=20616935642112 size=128B
[FWD-POST] #003 | Conv2d_1a_3x3.bn                         | out[0]=shape=(4, 32, 111, 111) ptr=20617044706304 size=6308352B
[FWD-PRE] #004 | relu_relu                                | inp[0]=shape=(4, 32, 111, 111) ptr=20617044706304 size=6308352B
[FWD-POST] #005 | relu_relu                                | out[0]=shape=(4, 32, 111, 111) ptr=20617051015168 size=6308352B
[FWD-PRE] #006 | Conv2d_2a_3x3.conv                       | inp[0]=shape=(4, 32, 111, 111) ptr=20617051015168 size=6308352B
[FWD-PRE] #006 | Conv2d_2a_3x3.conv                       | weight=shape=(32, 32, 3, 3) ptr=20616935643136 size=36864B
[FWD-POST] #007 | Conv2d_2a_3x3.conv                       | out[0]=shape=(4, 32, 109, 109) ptr=20617044706304 size=6083072B
[FWD-PRE] #008 | Conv2d_2a_3x3.bn                         | inp[0]=shape=(4, 32, 109, 109) ptr=20617044706304 size=6083072B
[FWD-PRE] #008 | Conv2d_2a_3x3.bn                         | weight=shape=(32,) ptr=20616935680512 size=128B
[FWD-PRE] #008 | Conv2d_2a_3x3.bn                         | bias=shape=(32,) ptr=20616935681024 size=128B
[FWD-PRE] #008 | Conv2d_2a_3x3.bn                         | running_mean=shape=(32,) ptr=20616935681536 size=128B
[FWD-PRE] #008 | Conv2d_2a_3x3.bn                         | running_var=shape=(32,) ptr=20616935682048 size=128B
[FWD-POST] #009 | Conv2d_2a_3x3.bn                         | out[0]=shape=(4, 32, 109, 109) ptr=20617059368960 size=6083072B
[FWD-PRE] #010 | relu_relu_1                              | inp[0]=shape=(4, 32, 109, 109) ptr=20617059368960 size=6083072B
[FWD-POST] #011 | relu_relu_1                              | out[0]=shape=(4, 32, 109, 109) ptr=20617065452544 size=6083072B
[FWD-PRE] #012 | Conv2d_2b_3x3.conv                       | inp[0]=shape=(4, 32, 109, 109) ptr=20617065452544 size=6083072B
[FWD-PRE] #012 | Conv2d_2b_3x3.conv                       | weight=shape=(64, 32, 3, 3) ptr=20616935683072 size=73728B
[FWD-POST] #013 | Conv2d_2b_3x3.conv                       | out[0]=shape=(4, 64, 109, 109) ptr=20617080340480 size=12166144B
[FWD-PRE] #014 | Conv2d_2b_3x3.bn                         | inp[0]=shape=(4, 64, 109, 109) ptr=20617080340480 size=12166144B
[FWD-PRE] #014 | Conv2d_2b_3x3.bn                         | weight=shape=(64,) ptr=20616935757312 size=256B
[FWD-PRE] #014 | Conv2d_2b_3x3.bn                         | bias=shape=(64,) ptr=20616935757824 size=256B
[FWD-PRE] #014 | Conv2d_2b_3x3.bn                         | running_mean=shape=(64,) ptr=20616935758336 size=256B
[FWD-PRE] #014 | Conv2d_2b_3x3.bn                         | running_var=shape=(64,) ptr=20616935758848 size=256B
[FWD-POST] #015 | Conv2d_2b_3x3.bn                         | out[0]=shape=(4, 64, 109, 109) ptr=20617092923392 size=12166144B
[FWD-PRE] #016 | relu_relu_2                              | inp[0]=shape=(4, 64, 109, 109) ptr=20617092923392 size=12166144B
[FWD-POST] #017 | relu_relu_2                              | out[0]=shape=(4, 64, 109, 109) ptr=20617105506304 size=12166144B
[FWD-PRE] #018 | maxpool1                                 | inp[0]=shape=(4, 64, 109, 109) ptr=20617105506304 size=12166144B
[FWD-POST] #019 | maxpool1                                 | out[0]=shape=(4, 64, 54, 54) ptr=20617059368960 size=2985984B
[FWD-PRE] #020 | Conv2d_3b_1x1.conv                       | inp[0]=shape=(4, 64, 54, 54) ptr=20617059368960 size=2985984B
[FWD-PRE] #020 | Conv2d_3b_1x1.conv                       | weight=shape=(80, 64, 1, 1) ptr=20616935759872 size=20480B
[FWD-POST] #021 | Conv2d_3b_1x1.conv                       | out[0]=shape=(4, 80, 54, 54) ptr=20617117672960 size=3732480B
[FWD-PRE] #022 | Conv2d_3b_1x1.bn                         | inp[0]=shape=(4, 80, 54, 54) ptr=20617117672960 size=3732480B
[FWD-PRE] #022 | Conv2d_3b_1x1.bn                         | weight=shape=(80,) ptr=20616935780864 size=320B
[FWD-PRE] #022 | Conv2d_3b_1x1.bn                         | bias=shape=(80,) ptr=20616935781376 size=320B
[FWD-PRE] #022 | Conv2d_3b_1x1.bn                         | running_mean=shape=(80,) ptr=20616935781888 size=320B
[FWD-PRE] #022 | Conv2d_3b_1x1.bn                         | running_var=shape=(80,) ptr=20616935782400 size=320B
[FWD-POST] #023 | Conv2d_3b_1x1.bn                         | out[0]=shape=(4, 80, 54, 54) ptr=20617071536128 size=3732480B
[FWD-PRE] #024 | relu_relu_3                              | inp[0]=shape=(4, 80, 54, 54) ptr=20617071536128 size=3732480B
[FWD-POST] #025 | relu_relu_3                              | out[0]=shape=(4, 80, 54, 54) ptr=20617075269120 size=3732480B
[FWD-PRE] #026 | Conv2d_4a_3x3.conv                       | inp[0]=shape=(4, 80, 54, 54) ptr=20617075269120 size=3732480B
[FWD-PRE] #026 | Conv2d_4a_3x3.conv                       | weight=shape=(192, 80, 3, 3) ptr=20616935783424 size=552960B
[FWD-POST] #027 | Conv2d_4a_3x3.conv                       | out[0]=shape=(4, 192, 52, 52) ptr=20617092923392 size=8306688B
[FWD-PRE] #028 | Conv2d_4a_3x3.bn                         | inp[0]=shape=(4, 192, 52, 52) ptr=20617092923392 size=8306688B
[FWD-PRE] #028 | Conv2d_4a_3x3.bn                         | weight=shape=(192,) ptr=20616936336896 size=768B
[FWD-PRE] #028 | Conv2d_4a_3x3.bn                         | bias=shape=(192,) ptr=20616936337920 size=768B
[FWD-PRE] #028 | Conv2d_4a_3x3.bn                         | running_mean=shape=(192,) ptr=20616936338944 size=768B
[FWD-PRE] #028 | Conv2d_4a_3x3.bn                         | running_var=shape=(192,) ptr=20616936339968 size=768B
[FWD-POST] #029 | Conv2d_4a_3x3.bn                         | out[0]=shape=(4, 192, 52, 52) ptr=20617139060736 size=8306688B
[FWD-PRE] #030 | relu_relu_4                              | inp[0]=shape=(4, 192, 52, 52) ptr=20617139060736 size=8306688B
[FWD-POST] #031 | relu_relu_4                              | out[0]=shape=(4, 192, 52, 52) ptr=20617147367936 size=8306688B
[FWD-PRE] #032 | maxpool2                                 | inp[0]=shape=(4, 192, 52, 52) ptr=20617147367936 size=8306688B
[FWD-POST] #033 | maxpool2                                 | out[0]=shape=(4, 192, 25, 25) ptr=20617057324032 size=1920000B
[FWD-PRE] #034 | Mixed_5b.branch1x1.conv                  | inp[0]=shape=(4, 192, 25, 25) ptr=20617057324032 size=1920000B
[FWD-PRE] #034 | Mixed_5b.branch1x1.conv                  | weight=shape=(64, 192, 1, 1) ptr=20616936341504 size=49152B
[FWD-POST] #035 | Mixed_5b.branch1x1.conv                  | out[0]=shape=(4, 64, 25, 25) ptr=20617016312320 size=640000B
[FWD-PRE] #036 | Mixed_5b.branch1x1.bn                    | inp[0]=shape=(4, 64, 25, 25) ptr=20617016312320 size=640000B
[FWD-PRE] #036 | Mixed_5b.branch1x1.bn                    | weight=shape=(64,) ptr=20616936391168 size=256B
[FWD-PRE] #036 | Mixed_5b.branch1x1.bn                    | bias=shape=(64,) ptr=20616936391680 size=256B
[FWD-PRE] #036 | Mixed_5b.branch1x1.bn                    | running_mean=shape=(64,) ptr=20616936392192 size=256B
[FWD-PRE] #036 | Mixed_5b.branch1x1.bn                    | running_var=shape=(64,) ptr=20616936392704 size=256B
[FWD-POST] #037 | Mixed_5b.branch1x1.bn                    | out[0]=shape=(4, 64, 25, 25) ptr=20617197780992 size=640000B
[FWD-PRE] #038 | relu_relu_5                              | inp[0]=shape=(4, 64, 25, 25) ptr=20617197780992 size=640000B
[FWD-POST] #039 | relu_relu_5                              | out[0]=shape=(4, 64, 25, 25) ptr=20617198421504 size=640000B
[FWD-PRE] #040 | Mixed_5b.branch5x5_1.conv                | inp[0]=shape=(4, 192, 25, 25) ptr=20617057324032 size=1920000B
[FWD-PRE] #040 | Mixed_5b.branch5x5_1.conv                | weight=shape=(48, 192, 1, 1) ptr=20616936393728 size=36864B
[FWD-POST] #041 | Mixed_5b.branch5x5_1.conv                | out[0]=shape=(4, 48, 25, 25) ptr=20616981255168 size=480000B
[FWD-PRE] #042 | Mixed_5b.branch5x5_1.bn                  | inp[0]=shape=(4, 48, 25, 25) ptr=20616981255168 size=480000B
[FWD-PRE] #042 | Mixed_5b.branch5x5_1.bn                  | weight=shape=(48,) ptr=20616936431104 size=192B
[FWD-PRE] #042 | Mixed_5b.branch5x5_1.bn                  | bias=shape=(48,) ptr=20616936431616 size=192B
[FWD-PRE] #042 | Mixed_5b.branch5x5_1.bn                  | running_mean=shape=(48,) ptr=20616936432128 size=192B
[FWD-PRE] #042 | Mixed_5b.branch5x5_1.bn                  | running_var=shape=(48,) ptr=20616936432640 size=192B
[FWD-POST] #043 | Mixed_5b.branch5x5_1.bn                  | out[0]=shape=(4, 48, 25, 25) ptr=20617197780992 size=480000B
[FWD-PRE] #044 | relu_relu_6                              | inp[0]=shape=(4, 48, 25, 25) ptr=20617197780992 size=480000B
[FWD-POST] #045 | relu_relu_6                              | out[0]=shape=(4, 48, 25, 25) ptr=20617199062016 size=480000B
[FWD-PRE] #046 | Mixed_5b.branch5x5_2.conv                | inp[0]=shape=(4, 48, 25, 25) ptr=20617199062016 size=480000B
[FWD-PRE] #046 | Mixed_5b.branch5x5_2.conv                | weight=shape=(64, 48, 5, 5) ptr=20616936433664 size=307200B
[FWD-POST] #047 | Mixed_5b.branch5x5_2.conv                | out[0]=shape=(4, 64, 25, 25) ptr=20617197780992 size=640000B
[FWD-PRE] #048 | Mixed_5b.branch5x5_2.bn                  | inp[0]=shape=(4, 64, 25, 25) ptr=20617197780992 size=640000B
[FWD-PRE] #048 | Mixed_5b.branch5x5_2.bn                  | weight=shape=(64,) ptr=20616936741376 size=256B
[FWD-PRE] #048 | Mixed_5b.branch5x5_2.bn                  | bias=shape=(64,) ptr=20616936741888 size=256B
[FWD-PRE] #048 | Mixed_5b.branch5x5_2.bn                  | running_mean=shape=(64,) ptr=20616936742400 size=256B
[FWD-PRE] #048 | Mixed_5b.branch5x5_2.bn                  | running_var=shape=(64,) ptr=20616936742912 size=256B
[FWD-POST] #049 | Mixed_5b.branch5x5_2.bn                  | out[0]=shape=(4, 64, 25, 25) ptr=20617199878144 size=640000B
[FWD-PRE] #050 | relu_relu_7                              | inp[0]=shape=(4, 64, 25, 25) ptr=20617199878144 size=640000B
[FWD-POST] #051 | relu_relu_7                              | out[0]=shape=(4, 64, 25, 25) ptr=20617200518656 size=640000B
[FWD-PRE] #052 | Mixed_5b.branch3x3dbl_1.conv             | inp[0]=shape=(4, 192, 25, 25) ptr=20617057324032 size=1920000B
[FWD-PRE] #052 | Mixed_5b.branch3x3dbl_1.conv             | weight=shape=(64, 192, 1, 1) ptr=20616936743936 size=49152B
[FWD-POST] #053 | Mixed_5b.branch3x3dbl_1.conv             | out[0]=shape=(4, 64, 25, 25) ptr=20617199878144 size=640000B
[FWD-PRE] #054 | Mixed_5b.branch3x3dbl_1.bn               | inp[0]=shape=(4, 64, 25, 25) ptr=20617199878144 size=640000B
[FWD-PRE] #054 | Mixed_5b.branch3x3dbl_1.bn               | weight=shape=(64,) ptr=20616936793600 size=256B
[FWD-PRE] #054 | Mixed_5b.branch3x3dbl_1.bn               | bias=shape=(64,) ptr=20616936794112 size=256B
[FWD-PRE] #054 | Mixed_5b.branch3x3dbl_1.bn               | running_mean=shape=(64,) ptr=20616936794624 size=256B
[FWD-PRE] #054 | Mixed_5b.branch3x3dbl_1.bn               | running_var=shape=(64,) ptr=20616936795136 size=256B
[FWD-POST] #055 | Mixed_5b.branch3x3dbl_1.bn               | out[0]=shape=(4, 64, 25, 25) ptr=20617201159168 size=640000B
[FWD-PRE] #056 | relu_relu_8                              | inp[0]=shape=(4, 64, 25, 25) ptr=20617201159168 size=640000B
[FWD-POST] #057 | relu_relu_8                              | out[0]=shape=(4, 64, 25, 25) ptr=20617201975296 size=640000B
[FWD-PRE] #058 | Mixed_5b.branch3x3dbl_2.conv             | inp[0]=shape=(4, 64, 25, 25) ptr=20617201975296 size=640000B
[FWD-PRE] #058 | Mixed_5b.branch3x3dbl_2.conv             | weight=shape=(96, 64, 3, 3) ptr=20616936796160 size=221184B
[FWD-POST] #059 | Mixed_5b.branch3x3dbl_2.conv             | out[0]=shape=(4, 96, 25, 25) ptr=20617202615808 size=960000B
[FWD-PRE] #060 | Mixed_5b.branch3x3dbl_2.bn               | inp[0]=shape=(4, 96, 25, 25) ptr=20617202615808 size=960000B
[FWD-PRE] #060 | Mixed_5b.branch3x3dbl_2.bn               | weight=shape=(96,) ptr=20616937017856 size=384B
[FWD-PRE] #060 | Mixed_5b.branch3x3dbl_2.bn               | bias=shape=(96,) ptr=20616937018368 size=384B
[FWD-PRE] #060 | Mixed_5b.branch3x3dbl_2.bn               | running_mean=shape=(96,) ptr=20616937018880 size=384B
[FWD-PRE] #060 | Mixed_5b.branch3x3dbl_2.bn               | running_var=shape=(96,) ptr=20616937019392 size=384B
[FWD-POST] #061 | Mixed_5b.branch3x3dbl_2.bn               | out[0]=shape=(4, 96, 25, 25) ptr=20617204072448 size=960000B
[FWD-PRE] #062 | relu_relu_9                              | inp[0]=shape=(4, 96, 25, 25) ptr=20617204072448 size=960000B
[FWD-POST] #063 | relu_relu_9                              | out[0]=shape=(4, 96, 25, 25) ptr=20617205032960 size=960000B
[FWD-PRE] #064 | Mixed_5b.branch3x3dbl_3.conv             | inp[0]=shape=(4, 96, 25, 25) ptr=20617205032960 size=960000B
[FWD-PRE] #064 | Mixed_5b.branch3x3dbl_3.conv             | weight=shape=(96, 96, 3, 3) ptr=20616937020416 size=331776B
[FWD-POST] #065 | Mixed_5b.branch3x3dbl_3.conv             | out[0]=shape=(4, 96, 25, 25) ptr=20617204072448 size=960000B
[FWD-PRE] #066 | Mixed_5b.branch3x3dbl_3.bn               | inp[0]=shape=(4, 96, 25, 25) ptr=20617204072448 size=960000B
[FWD-PRE] #066 | Mixed_5b.branch3x3dbl_3.bn               | weight=shape=(96,) ptr=20616937352704 size=384B
[FWD-PRE] #066 | Mixed_5b.branch3x3dbl_3.bn               | bias=shape=(96,) ptr=20616937353216 size=384B
[FWD-PRE] #066 | Mixed_5b.branch3x3dbl_3.bn               | running_mean=shape=(96,) ptr=20616937353728 size=384B
[FWD-PRE] #066 | Mixed_5b.branch3x3dbl_3.bn               | running_var=shape=(96,) ptr=20616937354240 size=384B
[FWD-POST] #067 | Mixed_5b.branch3x3dbl_3.bn               | out[0]=shape=(4, 96, 25, 25) ptr=20617206169600 size=960000B
[FWD-PRE] #068 | relu_relu_10                             | inp[0]=shape=(4, 96, 25, 25) ptr=20617206169600 size=960000B
[FWD-POST] #069 | relu_relu_10                             | out[0]=shape=(4, 96, 25, 25) ptr=20617207130112 size=960000B
[FWD-PRE] #070 | Mixed_5b.branch_pool.conv                | inp[0]=shape=(4, 192, 25, 25) ptr=20617121405952 size=1920000B
[FWD-PRE] #070 | Mixed_5b.branch_pool.conv                | weight=shape=(32, 192, 1, 1) ptr=20616937355264 size=24576B
[FWD-POST] #071 | Mixed_5b.branch_pool.conv                | out[0]=shape=(4, 32, 25, 25) ptr=20616983545344 size=320000B
[FWD-PRE] #072 | Mixed_5b.branch_pool.bn                  | inp[0]=shape=(4, 32, 25, 25) ptr=20616983545344 size=320000B
[FWD-PRE] #072 | Mixed_5b.branch_pool.bn                  | weight=shape=(32,) ptr=20616937380352 size=128B
[FWD-PRE] #072 | Mixed_5b.branch_pool.bn                  | bias=shape=(32,) ptr=20616937380864 size=128B
[FWD-PRE] #072 | Mixed_5b.branch_pool.bn                  | running_mean=shape=(32,) ptr=20616937381376 size=128B
[FWD-PRE] #072 | Mixed_5b.branch_pool.bn                  | running_var=shape=(32,) ptr=20616937381888 size=128B
[FWD-POST] #073 | Mixed_5b.branch_pool.bn                  | out[0]=shape=(4, 32, 25, 25) ptr=20616991933952 size=320000B
[FWD-PRE] #074 | relu_relu_11                             | inp[0]=shape=(4, 32, 25, 25) ptr=20616991933952 size=320000B
[FWD-POST] #075 | relu_relu_11                             | out[0]=shape=(4, 32, 25, 25) ptr=20617199542272 size=320000B
[FWD-POST] #077 | cat_cat                                  | out[0]=shape=(4, 256, 25, 25) ptr=20617062355456 size=2560000B
[FWD-PRE] #078 | Mixed_5c.branch1x1.conv                  | inp[0]=shape=(4, 256, 25, 25) ptr=20617062355456 size=2560000B
[FWD-PRE] #078 | Mixed_5c.branch1x1.conv                  | weight=shape=(64, 256, 1, 1) ptr=20616937382912 size=65536B
[FWD-POST] #079 | Mixed_5c.branch1x1.conv                  | out[0]=shape=(4, 64, 25, 25) ptr=20617201159168 size=640000B
[FWD-PRE] #080 | Mixed_5c.branch1x1.bn                    | inp[0]=shape=(4, 64, 25, 25) ptr=20617201159168 size=640000B
[FWD-PRE] #080 | Mixed_5c.branch1x1.bn                    | weight=shape=(64,) ptr=20616937448960 size=256B
[FWD-PRE] #080 | Mixed_5c.branch1x1.bn                    | bias=shape=(64,) ptr=20616937449472 size=256B
[FWD-PRE] #080 | Mixed_5c.branch1x1.bn                    | running_mean=shape=(64,) ptr=20616937449984 size=256B
[FWD-PRE] #080 | Mixed_5c.branch1x1.bn                    | running_var=shape=(64,) ptr=20616937450496 size=256B
[FWD-POST] #081 | Mixed_5c.branch1x1.bn                    | out[0]=shape=(4, 64, 25, 25) ptr=20617206169600 size=640000B
[FWD-PRE] #082 | relu_relu_12                             | inp[0]=shape=(4, 64, 25, 25) ptr=20617206169600 size=640000B
[FWD-POST] #083 | relu_relu_12                             | out[0]=shape=(4, 64, 25, 25) ptr=20617208266752 size=640000B
[FWD-PRE] #084 | Mixed_5c.branch5x5_1.conv                | inp[0]=shape=(4, 256, 25, 25) ptr=20617062355456 size=2560000B
[FWD-PRE] #084 | Mixed_5c.branch5x5_1.conv                | weight=shape=(48, 256, 1, 1) ptr=20616937451520 size=49152B
[FWD-POST] #085 | Mixed_5c.branch5x5_1.conv                | out[0]=shape=(4, 48, 25, 25) ptr=20617203576320 size=480000B
[FWD-PRE] #086 | Mixed_5c.branch5x5_1.bn                  | inp[0]=shape=(4, 48, 25, 25) ptr=20617203576320 size=480000B
[FWD-PRE] #086 | Mixed_5c.branch5x5_1.bn                  | weight=shape=(48,) ptr=20616937501184 size=192B
[FWD-PRE] #086 | Mixed_5c.branch5x5_1.bn                  | bias=shape=(48,) ptr=20616937501696 size=192B
[FWD-PRE] #086 | Mixed_5c.branch5x5_1.bn                  | running_mean=shape=(48,) ptr=20616937502208 size=192B
[FWD-PRE] #086 | Mixed_5c.branch5x5_1.bn                  | running_var=shape=(48,) ptr=20616937502720 size=192B
[FWD-POST] #087 | Mixed_5c.branch5x5_1.bn                  | out[0]=shape=(4, 48, 25, 25) ptr=20617206169600 size=480000B
[FWD-PRE] #088 | relu_relu_13                             | inp[0]=shape=(4, 48, 25, 25) ptr=20617206169600 size=480000B
[FWD-POST] #089 | relu_relu_13                             | out[0]=shape=(4, 48, 25, 25) ptr=20617206649856 size=480000B
[FWD-PRE] #090 | Mixed_5c.branch5x5_2.conv                | inp[0]=shape=(4, 48, 25, 25) ptr=20617206649856 size=480000B
[FWD-PRE] #090 | Mixed_5c.branch5x5_2.conv                | weight=shape=(64, 48, 5, 5) ptr=20616937734144 size=307200B
[FWD-POST] #091 | Mixed_5c.branch5x5_2.conv                | out[0]=shape=(4, 64, 25, 25) ptr=20617208907264 size=640000B
[FWD-PRE] #092 | Mixed_5c.branch5x5_2.bn                  | inp[0]=shape=(4, 64, 25, 25) ptr=20617208907264 size=640000B
[FWD-PRE] #092 | Mixed_5c.branch5x5_2.bn                  | weight=shape=(64,) ptr=20616937503744 size=256B
[FWD-PRE] #092 | Mixed_5c.branch5x5_2.bn                  | bias=shape=(64,) ptr=20616937504256 size=256B
[FWD-PRE] #092 | Mixed_5c.branch5x5_2.bn                  | running_mean=shape=(64,) ptr=20616937504768 size=256B
[FWD-PRE] #092 | Mixed_5c.branch5x5_2.bn                  | running_var=shape=(64,) ptr=20616937505280 size=256B
[FWD-POST] #093 | Mixed_5c.branch5x5_2.bn                  | out[0]=shape=(4, 64, 25, 25) ptr=20617209547776 size=640000B
[FWD-PRE] #094 | relu_relu_14                             | inp[0]=shape=(4, 64, 25, 25) ptr=20617209547776 size=640000B
[FWD-POST] #095 | relu_relu_14                             | out[0]=shape=(4, 64, 25, 25) ptr=20617210363904 size=640000B
[FWD-PRE] #096 | Mixed_5c.branch3x3dbl_1.conv             | inp[0]=shape=(4, 256, 25, 25) ptr=20617062355456 size=2560000B
[FWD-PRE] #096 | Mixed_5c.branch3x3dbl_1.conv             | weight=shape=(64, 256, 1, 1) ptr=20616937506304 size=65536B
[FWD-POST] #097 | Mixed_5c.branch3x3dbl_1.conv             | out[0]=shape=(4, 64, 25, 25) ptr=20617209547776 size=640000B
[FWD-PRE] #098 | Mixed_5c.branch3x3dbl_1.bn               | inp[0]=shape=(4, 64, 25, 25) ptr=20617209547776 size=640000B
[FWD-PRE] #098 | Mixed_5c.branch3x3dbl_1.bn               | weight=shape=(64,) ptr=20616937572352 size=256B
[FWD-PRE] #098 | Mixed_5c.branch3x3dbl_1.bn               | bias=shape=(64,) ptr=20616937572864 size=256B
[FWD-PRE] #098 | Mixed_5c.branch3x3dbl_1.bn               | running_mean=shape=(64,) ptr=20616937573376 size=256B
[FWD-PRE] #098 | Mixed_5c.branch3x3dbl_1.bn               | running_var=shape=(64,) ptr=20616937573888 size=256B
[FWD-POST] #099 | Mixed_5c.branch3x3dbl_1.bn               | out[0]=shape=(4, 64, 25, 25) ptr=20617211004416 size=640000B
[FWD-PRE] #100 | relu_relu_15                             | inp[0]=shape=(4, 64, 25, 25) ptr=20617211004416 size=640000B
[FWD-POST] #101 | relu_relu_15                             | out[0]=shape=(4, 64, 25, 25) ptr=20617211644928 size=640000B
[FWD-PRE] #102 | Mixed_5c.branch3x3dbl_2.conv             | inp[0]=shape=(4, 64, 25, 25) ptr=20617211644928 size=640000B
[FWD-PRE] #102 | Mixed_5c.branch3x3dbl_2.conv             | weight=shape=(96, 64, 3, 3) ptr=20616938041856 size=221184B
[FWD-POST] #103 | Mixed_5c.branch3x3dbl_2.conv             | out[0]=shape=(4, 96, 25, 25) ptr=20617212461056 size=960000B
[FWD-PRE] #104 | Mixed_5c.branch3x3dbl_2.bn               | inp[0]=shape=(4, 96, 25, 25) ptr=20617212461056 size=960000B
[FWD-PRE] #104 | Mixed_5c.branch3x3dbl_2.bn               | weight=shape=(96,) ptr=20616937574912 size=384B
[FWD-PRE] #104 | Mixed_5c.branch3x3dbl_2.bn               | bias=shape=(96,) ptr=20616937575424 size=384B
[FWD-PRE] #104 | Mixed_5c.branch3x3dbl_2.bn               | running_mean=shape=(96,) ptr=20616937575936 size=384B
[FWD-PRE] #104 | Mixed_5c.branch3x3dbl_2.bn               | running_var=shape=(96,) ptr=20616937576448 size=384B
[FWD-POST] #105 | Mixed_5c.branch3x3dbl_2.bn               | out[0]=shape=(4, 96, 25, 25) ptr=20617213421568 size=960000B
[FWD-PRE] #106 | relu_relu_16                             | inp[0]=shape=(4, 96, 25, 25) ptr=20617213421568 size=960000B
[FWD-POST] #107 | relu_relu_16                             | out[0]=shape=(4, 96, 25, 25) ptr=20617214558208 size=960000B
[FWD-PRE] #108 | Mixed_5c.branch3x3dbl_3.conv             | inp[0]=shape=(4, 96, 25, 25) ptr=20617214558208 size=960000B
[FWD-PRE] #108 | Mixed_5c.branch3x3dbl_3.conv             | weight=shape=(96, 96, 3, 3) ptr=20616938263552 size=331776B
[FWD-POST] #109 | Mixed_5c.branch3x3dbl_3.conv             | out[0]=shape=(4, 96, 25, 25) ptr=20617213421568 size=960000B
[FWD-PRE] #110 | Mixed_5c.branch3x3dbl_3.bn               | inp[0]=shape=(4, 96, 25, 25) ptr=20617213421568 size=960000B
[FWD-PRE] #110 | Mixed_5c.branch3x3dbl_3.bn               | weight=shape=(96,) ptr=20616937577472 size=384B
[FWD-PRE] #110 | Mixed_5c.branch3x3dbl_3.bn               | bias=shape=(96,) ptr=20616937577984 size=384B
[FWD-PRE] #110 | Mixed_5c.branch3x3dbl_3.bn               | running_mean=shape=(96,) ptr=20616937578496 size=384B
[FWD-PRE] #110 | Mixed_5c.branch3x3dbl_3.bn               | running_var=shape=(96,) ptr=20616937579008 size=384B
[FWD-POST] #111 | Mixed_5c.branch3x3dbl_3.bn               | out[0]=shape=(4, 96, 25, 25) ptr=20617215518720 size=960000B
[FWD-PRE] #112 | relu_relu_17                             | inp[0]=shape=(4, 96, 25, 25) ptr=20617215518720 size=960000B
[FWD-POST] #113 | relu_relu_17                             | out[0]=shape=(4, 96, 25, 25) ptr=20617216655360 size=960000B
[FWD-PRE] #114 | Mixed_5c.branch_pool.conv                | inp[0]=shape=(4, 256, 25, 25) ptr=20617071536128 size=2560000B
[FWD-PRE] #114 | Mixed_5c.branch_pool.conv                | weight=shape=(64, 256, 1, 1) ptr=20616937580032 size=65536B
[FWD-POST] #115 | Mixed_5c.branch_pool.conv                | out[0]=shape=(4, 64, 25, 25) ptr=20617211004416 size=640000B
[FWD-PRE] #116 | Mixed_5c.branch_pool.bn                  | inp[0]=shape=(4, 64, 25, 25) ptr=20617211004416 size=640000B
[FWD-PRE] #116 | Mixed_5c.branch_pool.bn                  | weight=shape=(64,) ptr=20616937646080 size=256B
[FWD-PRE] #116 | Mixed_5c.branch_pool.bn                  | bias=shape=(64,) ptr=20616937646592 size=256B
[FWD-PRE] #116 | Mixed_5c.branch_pool.bn                  | running_mean=shape=(64,) ptr=20616937647104 size=256B
[FWD-PRE] #116 | Mixed_5c.branch_pool.bn                  | running_var=shape=(64,) ptr=20616937647616 size=256B
[FWD-POST] #117 | Mixed_5c.branch_pool.bn                  | out[0]=shape=(4, 64, 25, 25) ptr=20617215518720 size=640000B
[FWD-PRE] #118 | relu_relu_18                             | inp[0]=shape=(4, 64, 25, 25) ptr=20617215518720 size=640000B
[FWD-POST] #119 | relu_relu_18                             | out[0]=shape=(4, 64, 25, 25) ptr=20617217615872 size=640000B
[FWD-POST] #121 | cat_cat_1                                | out[0]=shape=(4, 288, 25, 25) ptr=20617101230592 size=2880000B
[FWD-PRE] #122 | Mixed_5d.branch1x1.conv                  | inp[0]=shape=(4, 288, 25, 25) ptr=20617101230592 size=2880000B
[FWD-PRE] #122 | Mixed_5d.branch1x1.conv                  | weight=shape=(64, 288, 1, 1) ptr=20616937648640 size=73728B
[FWD-POST] #123 | Mixed_5d.branch1x1.conv                  | out[0]=shape=(4, 64, 25, 25) ptr=20617215518720 size=640000B
[FWD-PRE] #124 | Mixed_5d.branch1x1.bn                    | inp[0]=shape=(4, 64, 25, 25) ptr=20617215518720 size=640000B
[FWD-PRE] #124 | Mixed_5d.branch1x1.bn                    | weight=shape=(64,) ptr=20616937722880 size=256B
[FWD-PRE] #124 | Mixed_5d.branch1x1.bn                    | bias=shape=(64,) ptr=20616937723392 size=256B
[FWD-PRE] #124 | Mixed_5d.branch1x1.bn                    | running_mean=shape=(64,) ptr=20616937723904 size=256B
[FWD-PRE] #124 | Mixed_5d.branch1x1.bn                    | running_var=shape=(64,) ptr=20616937724416 size=256B
[FWD-POST] #125 | Mixed_5d.branch1x1.bn                    | out[0]=shape=(4, 64, 25, 25) ptr=20617218752512 size=640000B
[FWD-PRE] #126 | relu_relu_19                             | inp[0]=shape=(4, 64, 25, 25) ptr=20617218752512 size=640000B
[FWD-POST] #127 | relu_relu_19                             | out[0]=shape=(4, 64, 25, 25) ptr=20617219393024 size=640000B
[FWD-PRE] #128 | Mixed_5d.branch5x5_1.conv                | inp[0]=shape=(4, 288, 25, 25) ptr=20617101230592 size=2880000B
[FWD-PRE] #128 | Mixed_5d.branch5x5_1.conv                | weight=shape=(48, 288, 1, 1) ptr=20616938595840 size=55296B
[FWD-POST] #129 | Mixed_5d.branch5x5_1.conv                | out[0]=shape=(4, 48, 25, 25) ptr=20617206169600 size=480000B
[FWD-PRE] #130 | Mixed_5d.branch5x5_1.bn                  | inp[0]=shape=(4, 48, 25, 25) ptr=20617206169600 size=480000B
[FWD-PRE] #130 | Mixed_5d.branch5x5_1.bn                  | weight=shape=(48,) ptr=20616937725440 size=192B
[FWD-PRE] #130 | Mixed_5d.branch5x5_1.bn                  | bias=shape=(48,) ptr=20616937725952 size=192B
[FWD-PRE] #130 | Mixed_5d.branch5x5_1.bn                  | running_mean=shape=(48,) ptr=20616937726464 size=192B
[FWD-PRE] #130 | Mixed_5d.branch5x5_1.bn                  | running_var=shape=(48,) ptr=20616937726976 size=192B
[FWD-POST] #131 | Mixed_5d.branch5x5_1.bn                  | out[0]=shape=(4, 48, 25, 25) ptr=20617216159232 size=480000B
[FWD-PRE] #132 | relu_relu_20                             | inp[0]=shape=(4, 48, 25, 25) ptr=20617216159232 size=480000B
[FWD-POST] #133 | relu_relu_20                             | out[0]=shape=(4, 48, 25, 25) ptr=20617218256384 size=480000B
[FWD-PRE] #134 | Mixed_5d.branch5x5_2.conv                | inp[0]=shape=(4, 48, 25, 25) ptr=20617218256384 size=480000B
[FWD-PRE] #134 | Mixed_5d.branch5x5_2.conv                | weight=shape=(64, 48, 5, 5) ptr=20616938651648 size=307200B
[FWD-POST] #135 | Mixed_5d.branch5x5_2.conv                | out[0]=shape=(4, 64, 25, 25) ptr=20617218752512 size=640000B
[FWD-PRE] #136 | Mixed_5d.branch5x5_2.bn                  | inp[0]=shape=(4, 64, 25, 25) ptr=20617218752512 size=640000B
[FWD-PRE] #136 | Mixed_5d.branch5x5_2.bn                  | weight=shape=(64,) ptr=20616937728000 size=256B
[FWD-PRE] #136 | Mixed_5d.branch5x5_2.bn                  | bias=shape=(64,) ptr=20616937728512 size=256B
[FWD-PRE] #136 | Mixed_5d.branch5x5_2.bn                  | running_mean=shape=(64,) ptr=20616937729024 size=256B
[FWD-PRE] #136 | Mixed_5d.branch5x5_2.bn                  | running_var=shape=(64,) ptr=20616937729536 size=256B
[FWD-POST] #137 | Mixed_5d.branch5x5_2.bn                  | out[0]=shape=(4, 64, 25, 25) ptr=20617220033536 size=640000B
[FWD-PRE] #138 | relu_relu_21                             | inp[0]=shape=(4, 64, 25, 25) ptr=20617220033536 size=640000B
[FWD-POST] #139 | relu_relu_21                             | out[0]=shape=(4, 64, 25, 25) ptr=20617220849664 size=640000B
[FWD-PRE] #140 | Mixed_5d.branch3x3dbl_1.conv             | inp[0]=shape=(4, 288, 25, 25) ptr=20617101230592 size=2880000B
[FWD-PRE] #140 | Mixed_5d.branch3x3dbl_1.conv             | weight=shape=(64, 288, 1, 1) ptr=20616938959360 size=73728B
[FWD-POST] #141 | Mixed_5d.branch3x3dbl_1.conv             | out[0]=shape=(4, 64, 25, 25) ptr=20617220033536 size=640000B
[FWD-PRE] #142 | Mixed_5d.branch3x3dbl_1.bn               | inp[0]=shape=(4, 64, 25, 25) ptr=20617220033536 size=640000B
[FWD-PRE] #142 | Mixed_5d.branch3x3dbl_1.bn               | weight=shape=(64,) ptr=20616937730560 size=256B
[FWD-PRE] #142 | Mixed_5d.branch3x3dbl_1.bn               | bias=shape=(64,) ptr=20616937731072 size=256B
[FWD-PRE] #142 | Mixed_5d.branch3x3dbl_1.bn               | running_mean=shape=(64,) ptr=20616937731584 size=256B
[FWD-PRE] #142 | Mixed_5d.branch3x3dbl_1.bn               | running_var=shape=(64,) ptr=20616937732096 size=256B
[FWD-POST] #143 | Mixed_5d.branch3x3dbl_1.bn               | out[0]=shape=(4, 64, 25, 25) ptr=20617221490176 size=640000B
[FWD-PRE] #144 | relu_relu_22                             | inp[0]=shape=(4, 64, 25, 25) ptr=20617221490176 size=640000B
[FWD-POST] #145 | relu_relu_22                             | out[0]=shape=(4, 64, 25, 25) ptr=20617222130688 size=640000B
[FWD-PRE] #146 | Mixed_5d.branch3x3dbl_2.conv             | inp[0]=shape=(4, 64, 25, 25) ptr=20617222130688 size=640000B
[FWD-PRE] #146 | Mixed_5d.branch3x3dbl_2.conv             | weight=shape=(96, 64, 3, 3) ptr=20616939033600 size=221184B
[FWD-POST] #147 | Mixed_5d.branch3x3dbl_2.conv             | out[0]=shape=(4, 96, 25, 25) ptr=20617222946816 size=960000B
[FWD-PRE] #148 | Mixed_5d.branch3x3dbl_2.bn               | inp[0]=shape=(4, 96, 25, 25) ptr=20617222946816 size=960000B
[FWD-PRE] #148 | Mixed_5d.branch3x3dbl_2.bn               | weight=shape=(96,) ptr=20616937733120 size=384B
[FWD-PRE] #148 | Mixed_5d.branch3x3dbl_2.bn               | bias=shape=(96,) ptr=20616937733632 size=384B
[FWD-PRE] #148 | Mixed_5d.branch3x3dbl_2.bn               | running_mean=shape=(96,) ptr=20616939255296 size=384B
[FWD-PRE] #148 | Mixed_5d.branch3x3dbl_2.bn               | running_var=shape=(96,) ptr=20616939255808 size=384B
[FWD-POST] #149 | Mixed_5d.branch3x3dbl_2.bn               | out[0]=shape=(4, 96, 25, 25) ptr=20617223907328 size=960000B
[FWD-PRE] #150 | relu_relu_23                             | inp[0]=shape=(4, 96, 25, 25) ptr=20617223907328 size=960000B
[FWD-POST] #151 | relu_relu_23                             | out[0]=shape=(4, 96, 25, 25) ptr=20617225043968 size=960000B
[FWD-PRE] #152 | Mixed_5d.branch3x3dbl_3.conv             | inp[0]=shape=(4, 96, 25, 25) ptr=20617225043968 size=960000B
[FWD-PRE] #152 | Mixed_5d.branch3x3dbl_3.conv             | weight=shape=(96, 96, 3, 3) ptr=20616939256832 size=331776B
[FWD-POST] #153 | Mixed_5d.branch3x3dbl_3.conv             | out[0]=shape=(4, 96, 25, 25) ptr=20617223907328 size=960000B
[FWD-PRE] #154 | Mixed_5d.branch3x3dbl_3.bn               | inp[0]=shape=(4, 96, 25, 25) ptr=20617223907328 size=960000B
[FWD-PRE] #154 | Mixed_5d.branch3x3dbl_3.bn               | weight=shape=(96,) ptr=20616939589120 size=384B
[FWD-PRE] #154 | Mixed_5d.branch3x3dbl_3.bn               | bias=shape=(96,) ptr=20616939589632 size=384B
[FWD-PRE] #154 | Mixed_5d.branch3x3dbl_3.bn               | running_mean=shape=(96,) ptr=20616939590144 size=384B
[FWD-PRE] #154 | Mixed_5d.branch3x3dbl_3.bn               | running_var=shape=(96,) ptr=20616939590656 size=384B
[FWD-POST] #155 | Mixed_5d.branch3x3dbl_3.bn               | out[0]=shape=(4, 96, 25, 25) ptr=20617226004480 size=960000B
[FWD-PRE] #156 | relu_relu_24                             | inp[0]=shape=(4, 96, 25, 25) ptr=20617226004480 size=960000B
[FWD-POST] #157 | relu_relu_24                             | out[0]=shape=(4, 96, 25, 25) ptr=20617227141120 size=960000B
[FWD-PRE] #158 | Mixed_5d.branch_pool.conv                | inp[0]=shape=(4, 288, 25, 25) ptr=20617155675136 size=2880000B
[FWD-PRE] #158 | Mixed_5d.branch_pool.conv                | weight=shape=(64, 288, 1, 1) ptr=20616939591680 size=73728B
[FWD-POST] #159 | Mixed_5d.branch_pool.conv                | out[0]=shape=(4, 64, 25, 25) ptr=20617221490176 size=640000B
[FWD-PRE] #160 | Mixed_5d.branch_pool.bn                  | inp[0]=shape=(4, 64, 25, 25) ptr=20617221490176 size=640000B
[FWD-PRE] #160 | Mixed_5d.branch_pool.bn                  | weight=shape=(64,) ptr=20616939665920 size=256B
[FWD-PRE] #160 | Mixed_5d.branch_pool.bn                  | bias=shape=(64,) ptr=20616939666432 size=256B
[FWD-PRE] #160 | Mixed_5d.branch_pool.bn                  | running_mean=shape=(64,) ptr=20616939666944 size=256B
[FWD-PRE] #160 | Mixed_5d.branch_pool.bn                  | running_var=shape=(64,) ptr=20616939667456 size=256B
[FWD-POST] #161 | Mixed_5d.branch_pool.bn                  | out[0]=shape=(4, 64, 25, 25) ptr=20617226004480 size=640000B
[FWD-PRE] #162 | relu_relu_25                             | inp[0]=shape=(4, 64, 25, 25) ptr=20617226004480 size=640000B
[FWD-POST] #163 | relu_relu_25                             | out[0]=shape=(4, 64, 25, 25) ptr=20617228101632 size=640000B
[FWD-POST] #165 | cat_cat_2                                | out[0]=shape=(4, 288, 25, 25) ptr=20617139060736 size=2880000B
[FWD-PRE] #166 | Mixed_6a.branch3x3.conv                  | inp[0]=shape=(4, 288, 25, 25) ptr=20617139060736 size=2880000B
[FWD-PRE] #166 | Mixed_6a.branch3x3.conv                  | weight=shape=(384, 288, 3, 3) ptr=20616939831296 size=3981312B
[FWD-POST] #167 | Mixed_6a.branch3x3.conv                  | out[0]=shape=(4, 384, 12, 12) ptr=20617226004480 size=884736B
[FWD-PRE] #168 | Mixed_6a.branch3x3.bn                    | inp[0]=shape=(4, 384, 12, 12) ptr=20617226004480 size=884736B
[FWD-PRE] #168 | Mixed_6a.branch3x3.bn                    | weight=shape=(384,) ptr=20616939668480 size=1536B
[FWD-PRE] #168 | Mixed_6a.branch3x3.bn                    | bias=shape=(384,) ptr=20616939670528 size=1536B
[FWD-PRE] #168 | Mixed_6a.branch3x3.bn                    | running_mean=shape=(384,) ptr=20616939672576 size=1536B
[FWD-PRE] #168 | Mixed_6a.branch3x3.bn                    | running_var=shape=(384,) ptr=20616939674624 size=1536B
[FWD-POST] #169 | Mixed_6a.branch3x3.bn                    | out[0]=shape=(4, 384, 12, 12) ptr=20617229238272 size=884736B
[FWD-PRE] #170 | relu_relu_26                             | inp[0]=shape=(4, 384, 12, 12) ptr=20617229238272 size=884736B
[FWD-POST] #171 | relu_relu_26                             | out[0]=shape=(4, 384, 12, 12) ptr=20617230123520 size=884736B
[FWD-PRE] #172 | Mixed_6a.branch3x3dbl_1.conv             | inp[0]=shape=(4, 288, 25, 25) ptr=20617139060736 size=2880000B
[FWD-PRE] #172 | Mixed_6a.branch3x3dbl_1.conv             | weight=shape=(64, 288, 1, 1) ptr=20616939677184 size=73728B
[FWD-POST] #173 | Mixed_6a.branch3x3dbl_1.conv             | out[0]=shape=(4, 64, 25, 25) ptr=20617229238272 size=640000B
[FWD-PRE] #174 | Mixed_6a.branch3x3dbl_1.bn               | inp[0]=shape=(4, 64, 25, 25) ptr=20617229238272 size=640000B
[FWD-PRE] #174 | Mixed_6a.branch3x3dbl_1.bn               | weight=shape=(64,) ptr=20616939751424 size=256B
[FWD-PRE] #174 | Mixed_6a.branch3x3dbl_1.bn               | bias=shape=(64,) ptr=20616939751936 size=256B
[FWD-PRE] #174 | Mixed_6a.branch3x3dbl_1.bn               | running_mean=shape=(64,) ptr=20616939752448 size=256B
[FWD-PRE] #174 | Mixed_6a.branch3x3dbl_1.bn               | running_var=shape=(64,) ptr=20616939752960 size=256B
[FWD-POST] #175 | Mixed_6a.branch3x3dbl_1.bn               | out[0]=shape=(4, 64, 25, 25) ptr=20617231335424 size=640000B
[FWD-PRE] #176 | relu_relu_27                             | inp[0]=shape=(4, 64, 25, 25) ptr=20617231335424 size=640000B
[FWD-POST] #177 | relu_relu_27                             | out[0]=shape=(4, 64, 25, 25) ptr=20617231975936 size=640000B
[FWD-PRE] #178 | Mixed_6a.branch3x3dbl_2.conv             | inp[0]=shape=(4, 64, 25, 25) ptr=20617231975936 size=640000B
[FWD-PRE] #178 | Mixed_6a.branch3x3dbl_2.conv             | weight=shape=(96, 64, 3, 3) ptr=20616960802816 size=221184B
[FWD-POST] #179 | Mixed_6a.branch3x3dbl_2.conv             | out[0]=shape=(4, 96, 25, 25) ptr=20617233432576 size=960000B
[FWD-PRE] #180 | Mixed_6a.branch3x3dbl_2.bn               | inp[0]=shape=(4, 96, 25, 25) ptr=20617233432576 size=960000B
[FWD-PRE] #180 | Mixed_6a.branch3x3dbl_2.bn               | weight=shape=(96,) ptr=20616939753984 size=384B
[FWD-PRE] #180 | Mixed_6a.branch3x3dbl_2.bn               | bias=shape=(96,) ptr=20616939754496 size=384B
[FWD-PRE] #180 | Mixed_6a.branch3x3dbl_2.bn               | running_mean=shape=(96,) ptr=20616939755008 size=384B
[FWD-PRE] #180 | Mixed_6a.branch3x3dbl_2.bn               | running_var=shape=(96,) ptr=20616939755520 size=384B
[FWD-POST] #181 | Mixed_6a.branch3x3dbl_2.bn               | out[0]=shape=(4, 96, 25, 25) ptr=20617234393088 size=960000B
[FWD-PRE] #182 | relu_relu_28                             | inp[0]=shape=(4, 96, 25, 25) ptr=20617234393088 size=960000B
[FWD-POST] #183 | relu_relu_28                             | out[0]=shape=(4, 96, 25, 25) ptr=20617235529728 size=960000B
[FWD-PRE] #184 | Mixed_6a.branch3x3dbl_3.conv             | inp[0]=shape=(4, 96, 25, 25) ptr=20617235529728 size=960000B
[FWD-PRE] #184 | Mixed_6a.branch3x3dbl_3.conv             | weight=shape=(96, 96, 3, 3) ptr=20616961024512 size=331776B
[FWD-POST] #185 | Mixed_6a.branch3x3dbl_3.conv             | out[0]=shape=(4, 96, 12, 12) ptr=20617229878784 size=221184B
[FWD-PRE] #186 | Mixed_6a.branch3x3dbl_3.bn               | inp[0]=shape=(4, 96, 12, 12) ptr=20617229878784 size=221184B
[FWD-PRE] #186 | Mixed_6a.branch3x3dbl_3.bn               | weight=shape=(96,) ptr=20616939756544 size=384B
[FWD-PRE] #186 | Mixed_6a.branch3x3dbl_3.bn               | bias=shape=(96,) ptr=20616939757056 size=384B
[FWD-PRE] #186 | Mixed_6a.branch3x3dbl_3.bn               | running_mean=shape=(96,) ptr=20616939757568 size=384B
[FWD-PRE] #186 | Mixed_6a.branch3x3dbl_3.bn               | running_var=shape=(96,) ptr=20616939758080 size=384B
[FWD-POST] #187 | Mixed_6a.branch3x3dbl_3.bn               | out[0]=shape=(4, 96, 12, 12) ptr=20617226889728 size=221184B
[FWD-PRE] #188 | relu_relu_29                             | inp[0]=shape=(4, 96, 12, 12) ptr=20617226889728 size=221184B
[FWD-POST] #189 | relu_relu_29                             | out[0]=shape=(4, 96, 12, 12) ptr=20616968893952 size=221184B
[FWD-POST] #191 | cat_cat_3                                | out[0]=shape=(4, 768, 12, 12) ptr=20617145259520 size=1769472B
[FWD-PRE] #192 | Mixed_6b.branch1x1.conv                  | inp[0]=shape=(4, 768, 12, 12) ptr=20617145259520 size=1769472B
[FWD-PRE] #192 | Mixed_6b.branch1x1.conv                  | weight=shape=(192, 768, 1, 1) ptr=20616961356800 size=589824B
[FWD-POST] #193 | Mixed_6b.branch1x1.conv                  | out[0]=shape=(4, 192, 12, 12) ptr=20617016952832 size=442368B
[FWD-PRE] #194 | Mixed_6b.branch1x1.bn                    | inp[0]=shape=(4, 192, 12, 12) ptr=20617016952832 size=442368B
[FWD-PRE] #194 | Mixed_6b.branch1x1.bn                    | weight=shape=(192,) ptr=20616939759104 size=768B
[FWD-PRE] #194 | Mixed_6b.branch1x1.bn                    | bias=shape=(192,) ptr=20616939760128 size=768B
[FWD-PRE] #194 | Mixed_6b.branch1x1.bn                    | running_mean=shape=(192,) ptr=20616939761152 size=768B
[FWD-PRE] #194 | Mixed_6b.branch1x1.bn                    | running_var=shape=(192,) ptr=20616939762176 size=768B
[FWD-POST] #195 | Mixed_6b.branch1x1.bn                    | out[0]=shape=(4, 192, 12, 12) ptr=20617216159232 size=442368B
[FWD-PRE] #196 | relu_relu_30                             | inp[0]=shape=(4, 192, 12, 12) ptr=20617216159232 size=442368B
[FWD-POST] #197 | relu_relu_30                             | out[0]=shape=(4, 192, 12, 12) ptr=20617228742144 size=442368B
[FWD-PRE] #198 | Mixed_6b.branch7x7_1.conv                | inp[0]=shape=(4, 768, 12, 12) ptr=20617145259520 size=1769472B
[FWD-PRE] #198 | Mixed_6b.branch7x7_1.conv                | weight=shape=(128, 768, 1, 1) ptr=20616961947136 size=393216B
[FWD-POST] #199 | Mixed_6b.branch7x7_1.conv                | out[0]=shape=(4, 128, 12, 12) ptr=20616991933952 size=294912B
[FWD-PRE] #200 | Mixed_6b.branch7x7_1.bn                  | inp[0]=shape=(4, 128, 12, 12) ptr=20616991933952 size=294912B
[FWD-PRE] #200 | Mixed_6b.branch7x7_1.bn                  | weight=shape=(128,) ptr=20616939763712 size=512B
[FWD-PRE] #200 | Mixed_6b.branch7x7_1.bn                  | bias=shape=(128,) ptr=20616939764736 size=512B
[FWD-PRE] #200 | Mixed_6b.branch7x7_1.bn                  | running_mean=shape=(128,) ptr=20616939765760 size=512B
[FWD-PRE] #200 | Mixed_6b.branch7x7_1.bn                  | running_var=shape=(128,) ptr=20616939766784 size=512B
[FWD-POST] #201 | Mixed_6b.branch7x7_1.bn                  | out[0]=shape=(4, 128, 12, 12) ptr=20617231008768 size=294912B
[FWD-PRE] #202 | relu_relu_31                             | inp[0]=shape=(4, 128, 12, 12) ptr=20617231008768 size=294912B
[FWD-POST] #203 | relu_relu_31                             | out[0]=shape=(4, 128, 12, 12) ptr=20616966735360 size=294912B
[FWD-PRE] #204 | Mixed_6b.branch7x7_2.conv                | inp[0]=shape=(4, 128, 12, 12) ptr=20616966735360 size=294912B
[FWD-PRE] #204 | Mixed_6b.branch7x7_2.conv                | weight=shape=(128, 128, 1, 7) ptr=20616962340864 size=458752B
[FWD-POST] #205 | Mixed_6b.branch7x7_2.conv                | out[0]=shape=(4, 128, 12, 12) ptr=20617231008768 size=294912B
[FWD-PRE] #206 | Mixed_6b.branch7x7_2.bn                  | inp[0]=shape=(4, 128, 12, 12) ptr=20617231008768 size=294912B
[FWD-PRE] #206 | Mixed_6b.branch7x7_2.bn                  | weight=shape=(128,) ptr=20616939768320 size=512B
[FWD-PRE] #206 | Mixed_6b.branch7x7_2.bn                  | bias=shape=(128,) ptr=20616939769344 size=512B
[FWD-PRE] #206 | Mixed_6b.branch7x7_2.bn                  | running_mean=shape=(128,) ptr=20616939770368 size=512B
[FWD-PRE] #206 | Mixed_6b.branch7x7_2.bn                  | running_var=shape=(128,) ptr=20616939771392 size=512B
[FWD-POST] #207 | Mixed_6b.branch7x7_2.bn                  | out[0]=shape=(4, 128, 12, 12) ptr=20617216159232 size=294912B
[FWD-PRE] #208 | relu_relu_32                             | inp[0]=shape=(4, 128, 12, 12) ptr=20617216159232 size=294912B
[FWD-POST] #209 | relu_relu_32                             | out[0]=shape=(4, 128, 12, 12) ptr=20617231335424 size=294912B
[FWD-PRE] #210 | Mixed_6b.branch7x7_3.conv                | inp[0]=shape=(4, 128, 12, 12) ptr=20617231335424 size=294912B
[FWD-PRE] #210 | Mixed_6b.branch7x7_3.conv                | weight=shape=(192, 128, 7, 1) ptr=20616962899968 size=688128B
[FWD-POST] #211 | Mixed_6b.branch7x7_3.conv                | out[0]=shape=(4, 192, 12, 12) ptr=20617216159232 size=442368B
[FWD-PRE] #212 | Mixed_6b.branch7x7_3.bn                  | inp[0]=shape=(4, 192, 12, 12) ptr=20617216159232 size=442368B
[FWD-PRE] #212 | Mixed_6b.branch7x7_3.bn                  | weight=shape=(192,) ptr=20616939772928 size=768B
[FWD-PRE] #212 | Mixed_6b.branch7x7_3.bn                  | bias=shape=(192,) ptr=20616939773952 size=768B
[FWD-PRE] #212 | Mixed_6b.branch7x7_3.bn                  | running_mean=shape=(192,) ptr=20616939774976 size=768B
[FWD-PRE] #212 | Mixed_6b.branch7x7_3.bn                  | running_var=shape=(192,) ptr=20616939776000 size=768B
[FWD-POST] #213 | Mixed_6b.branch7x7_3.bn                  | out[0]=shape=(4, 192, 12, 12) ptr=20617232616448 size=442368B
[FWD-PRE] #214 | relu_relu_33                             | inp[0]=shape=(4, 192, 12, 12) ptr=20617232616448 size=442368B
[FWD-POST] #215 | relu_relu_33                             | out[0]=shape=(4, 192, 12, 12) ptr=20617234393088 size=442368B
[FWD-PRE] #216 | Mixed_6b.branch7x7dbl_1.conv             | inp[0]=shape=(4, 768, 12, 12) ptr=20617145259520 size=1769472B
[FWD-PRE] #216 | Mixed_6b.branch7x7dbl_1.conv             | weight=shape=(128, 768, 1, 1) ptr=20616963588608 size=393216B
[FWD-POST] #217 | Mixed_6b.branch7x7dbl_1.conv             | out[0]=shape=(4, 128, 12, 12) ptr=20617231630848 size=294912B
[FWD-PRE] #218 | Mixed_6b.branch7x7dbl_1.bn               | inp[0]=shape=(4, 128, 12, 12) ptr=20617231630848 size=294912B
[FWD-PRE] #218 | Mixed_6b.branch7x7dbl_1.bn               | weight=shape=(128,) ptr=20616939777536 size=512B
[FWD-PRE] #218 | Mixed_6b.branch7x7dbl_1.bn               | bias=shape=(128,) ptr=20616939778560 size=512B
[FWD-PRE] #218 | Mixed_6b.branch7x7dbl_1.bn               | running_mean=shape=(128,) ptr=20616939779584 size=512B
[FWD-PRE] #218 | Mixed_6b.branch7x7dbl_1.bn               | running_var=shape=(128,) ptr=20616939780608 size=512B
[FWD-POST] #219 | Mixed_6b.branch7x7dbl_1.bn               | out[0]=shape=(4, 128, 12, 12) ptr=20617234835968 size=294912B
[FWD-PRE] #220 | relu_relu_34                             | inp[0]=shape=(4, 128, 12, 12) ptr=20617234835968 size=294912B
[FWD-POST] #221 | relu_relu_34                             | out[0]=shape=(4, 128, 12, 12) ptr=20617235131392 size=294912B
[FWD-PRE] #222 | Mixed_6b.branch7x7dbl_2.conv             | inp[0]=shape=(4, 128, 12, 12) ptr=20617235131392 size=294912B
[FWD-PRE] #222 | Mixed_6b.branch7x7dbl_2.conv             | weight=shape=(128, 128, 7, 1) ptr=20616963982336 size=458752B
[FWD-POST] #223 | Mixed_6b.branch7x7dbl_2.conv             | out[0]=shape=(4, 128, 12, 12) ptr=20617234835968 size=294912B
[FWD-PRE] #224 | Mixed_6b.branch7x7dbl_2.bn               | inp[0]=shape=(4, 128, 12, 12) ptr=20617234835968 size=294912B
[FWD-PRE] #224 | Mixed_6b.branch7x7dbl_2.bn               | weight=shape=(128,) ptr=20616939782144 size=512B
[FWD-PRE] #224 | Mixed_6b.branch7x7dbl_2.bn               | bias=shape=(128,) ptr=20616939783168 size=512B
[FWD-PRE] #224 | Mixed_6b.branch7x7dbl_2.bn               | running_mean=shape=(128,) ptr=20616939784192 size=512B
[FWD-PRE] #224 | Mixed_6b.branch7x7dbl_2.bn               | running_var=shape=(128,) ptr=20616939785216 size=512B
[FWD-POST] #225 | Mixed_6b.branch7x7dbl_2.bn               | out[0]=shape=(4, 128, 12, 12) ptr=20617232616448 size=294912B
[FWD-PRE] #226 | relu_relu_35                             | inp[0]=shape=(4, 128, 12, 12) ptr=20617232616448 size=294912B
[FWD-POST] #227 | relu_relu_35                             | out[0]=shape=(4, 128, 12, 12) ptr=20617232911872 size=294912B
[FWD-PRE] #228 | Mixed_6b.branch7x7dbl_3.conv             | inp[0]=shape=(4, 128, 12, 12) ptr=20617232911872 size=294912B
[FWD-PRE] #228 | Mixed_6b.branch7x7dbl_3.conv             | weight=shape=(128, 128, 1, 7) ptr=20616964441600 size=458752B
[FWD-POST] #229 | Mixed_6b.branch7x7dbl_3.conv             | out[0]=shape=(4, 128, 12, 12) ptr=20617232616448 size=294912B
[FWD-PRE] #230 | Mixed_6b.branch7x7dbl_3.bn               | inp[0]=shape=(4, 128, 12, 12) ptr=20617232616448 size=294912B
[FWD-PRE] #230 | Mixed_6b.branch7x7dbl_3.bn               | weight=shape=(128,) ptr=20616939786752 size=512B
[FWD-PRE] #230 | Mixed_6b.branch7x7dbl_3.bn               | bias=shape=(128,) ptr=20616939787776 size=512B
[FWD-PRE] #230 | Mixed_6b.branch7x7dbl_3.bn               | running_mean=shape=(128,) ptr=20616939788800 size=512B
[FWD-PRE] #230 | Mixed_6b.branch7x7dbl_3.bn               | running_var=shape=(128,) ptr=20616939789824 size=512B
[FWD-POST] #231 | Mixed_6b.branch7x7dbl_3.bn               | out[0]=shape=(4, 128, 12, 12) ptr=20617236490240 size=294912B
[FWD-PRE] #232 | relu_relu_36                             | inp[0]=shape=(4, 128, 12, 12) ptr=20617236490240 size=294912B
[FWD-POST] #233 | relu_relu_36                             | out[0]=shape=(4, 128, 12, 12) ptr=20617236785664 size=294912B
[FWD-PRE] #234 | Mixed_6b.branch7x7dbl_4.conv             | inp[0]=shape=(4, 128, 12, 12) ptr=20617236785664 size=294912B
[FWD-PRE] #234 | Mixed_6b.branch7x7dbl_4.conv             | weight=shape=(128, 128, 7, 1) ptr=20616964997120 size=458752B
[FWD-POST] #235 | Mixed_6b.branch7x7dbl_4.conv             | out[0]=shape=(4, 128, 12, 12) ptr=20617236490240 size=294912B
[FWD-PRE] #236 | Mixed_6b.branch7x7dbl_4.bn               | inp[0]=shape=(4, 128, 12, 12) ptr=20617236490240 size=294912B
[FWD-PRE] #236 | Mixed_6b.branch7x7dbl_4.bn               | weight=shape=(128,) ptr=20616939791360 size=512B
[FWD-PRE] #236 | Mixed_6b.branch7x7dbl_4.bn               | bias=shape=(128,) ptr=20616939792384 size=512B
[FWD-PRE] #236 | Mixed_6b.branch7x7dbl_4.bn               | running_mean=shape=(128,) ptr=20616939793408 size=512B
[FWD-PRE] #236 | Mixed_6b.branch7x7dbl_4.bn               | running_var=shape=(128,) ptr=20616939794432 size=512B
[FWD-POST] #237 | Mixed_6b.branch7x7dbl_4.bn               | out[0]=shape=(4, 128, 12, 12) ptr=20617237081088 size=294912B
[FWD-PRE] #238 | relu_relu_37                             | inp[0]=shape=(4, 128, 12, 12) ptr=20617237081088 size=294912B
[FWD-POST] #239 | relu_relu_37                             | out[0]=shape=(4, 128, 12, 12) ptr=20617237626880 size=294912B
[FWD-PRE] #240 | Mixed_6b.branch7x7dbl_5.conv             | inp[0]=shape=(4, 128, 12, 12) ptr=20617237626880 size=294912B
[FWD-PRE] #240 | Mixed_6b.branch7x7dbl_5.conv             | weight=shape=(192, 128, 1, 7) ptr=20616965456384 size=688128B
[FWD-POST] #241 | Mixed_6b.branch7x7dbl_5.conv             | out[0]=shape=(4, 192, 12, 12) ptr=20617237081088 size=442368B
[FWD-PRE] #242 | Mixed_6b.branch7x7dbl_5.bn               | inp[0]=shape=(4, 192, 12, 12) ptr=20617237081088 size=442368B
[FWD-PRE] #242 | Mixed_6b.branch7x7dbl_5.bn               | weight=shape=(192,) ptr=20616939795968 size=768B
[FWD-PRE] #242 | Mixed_6b.branch7x7dbl_5.bn               | bias=shape=(192,) ptr=20616939796992 size=768B
[FWD-PRE] #242 | Mixed_6b.branch7x7dbl_5.bn               | running_mean=shape=(192,) ptr=20616939798016 size=768B
[FWD-PRE] #242 | Mixed_6b.branch7x7dbl_5.bn               | running_var=shape=(192,) ptr=20616939799040 size=768B
[FWD-POST] #243 | Mixed_6b.branch7x7dbl_5.bn               | out[0]=shape=(4, 192, 12, 12) ptr=20617237922304 size=442368B
[FWD-PRE] #244 | relu_relu_38                             | inp[0]=shape=(4, 192, 12, 12) ptr=20617237922304 size=442368B
[FWD-POST] #245 | relu_relu_38                             | out[0]=shape=(4, 192, 12, 12) ptr=20617238365184 size=442368B
[FWD-PRE] #246 | Mixed_6b.branch_pool.conv                | inp[0]=shape=(4, 768, 12, 12) ptr=20617169101312 size=1769472B
[FWD-PRE] #246 | Mixed_6b.branch_pool.conv                | weight=shape=(192, 768, 1, 1) ptr=20616966145024 size=589824B
[FWD-POST] #247 | Mixed_6b.branch_pool.conv                | out[0]=shape=(4, 192, 12, 12) ptr=20617237922304 size=442368B
[FWD-PRE] #248 | Mixed_6b.branch_pool.bn                  | inp[0]=shape=(4, 192, 12, 12) ptr=20617237922304 size=442368B
[FWD-PRE] #248 | Mixed_6b.branch_pool.bn                  | weight=shape=(192,) ptr=20616939800576 size=768B
[FWD-PRE] #248 | Mixed_6b.branch_pool.bn                  | bias=shape=(192,) ptr=20616939801600 size=768B
[FWD-PRE] #248 | Mixed_6b.branch_pool.bn                  | running_mean=shape=(192,) ptr=20616939802624 size=768B
[FWD-PRE] #248 | Mixed_6b.branch_pool.bn                  | running_var=shape=(192,) ptr=20616939803648 size=768B
[FWD-POST] #249 | Mixed_6b.branch_pool.bn                  | out[0]=shape=(4, 192, 12, 12) ptr=20617238808064 size=442368B
[FWD-PRE] #250 | relu_relu_39                             | inp[0]=shape=(4, 192, 12, 12) ptr=20617238808064 size=442368B
[FWD-POST] #251 | relu_relu_39                             | out[0]=shape=(4, 192, 12, 12) ptr=20617239250944 size=442368B
[FWD-POST] #253 | cat_cat_4                                | out[0]=shape=(4, 768, 12, 12) ptr=20617170871296 size=1769472B
[FWD-PRE] #254 | Mixed_6c.branch1x1.conv                  | inp[0]=shape=(4, 768, 12, 12) ptr=20617170871296 size=1769472B
[FWD-PRE] #254 | Mixed_6c.branch1x1.conv                  | weight=shape=(192, 768, 1, 1) ptr=20616967094272 size=589824B
[FWD-POST] #255 | Mixed_6c.branch1x1.conv                  | out[0]=shape=(4, 192, 12, 12) ptr=20617238808064 size=442368B
[FWD-PRE] #256 | Mixed_6c.branch1x1.bn                    | inp[0]=shape=(4, 192, 12, 12) ptr=20617238808064 size=442368B
[FWD-PRE] #256 | Mixed_6c.branch1x1.bn                    | weight=shape=(192,) ptr=20616939805184 size=768B
[FWD-PRE] #256 | Mixed_6c.branch1x1.bn                    | bias=shape=(192,) ptr=20616939806208 size=768B
[FWD-PRE] #256 | Mixed_6c.branch1x1.bn                    | running_mean=shape=(192,) ptr=20616939807232 size=768B
[FWD-PRE] #256 | Mixed_6c.branch1x1.bn                    | running_var=shape=(192,) ptr=20616939808256 size=768B
[FWD-POST] #257 | Mixed_6c.branch1x1.bn                    | out[0]=shape=(4, 192, 12, 12) ptr=20617239724032 size=442368B
[FWD-PRE] #258 | relu_relu_40                             | inp[0]=shape=(4, 192, 12, 12) ptr=20617239724032 size=442368B
[FWD-POST] #259 | relu_relu_40                             | out[0]=shape=(4, 192, 12, 12) ptr=20617240166912 size=442368B
[FWD-PRE] #260 | Mixed_6c.branch7x7_1.conv                | inp[0]=shape=(4, 768, 12, 12) ptr=20617170871296 size=1769472B
[FWD-PRE] #260 | Mixed_6c.branch7x7_1.conv                | weight=shape=(160, 768, 1, 1) ptr=20616967684608 size=491520B
[FWD-POST] #261 | Mixed_6c.branch7x7_1.conv                | out[0]=shape=(4, 160, 12, 12) ptr=20617239724032 size=368640B
[FWD-PRE] #262 | Mixed_6c.branch7x7_1.bn                  | inp[0]=shape=(4, 160, 12, 12) ptr=20617239724032 size=368640B
[FWD-PRE] #262 | Mixed_6c.branch7x7_1.bn                  | weight=shape=(160,) ptr=20616939809792 size=640B
[FWD-PRE] #262 | Mixed_6c.branch7x7_1.bn                  | bias=shape=(160,) ptr=20616939810816 size=640B
[FWD-PRE] #262 | Mixed_6c.branch7x7_1.bn                  | running_mean=shape=(160,) ptr=20616939811840 size=640B
[FWD-PRE] #262 | Mixed_6c.branch7x7_1.bn                  | running_var=shape=(160,) ptr=20616939812864 size=640B
[FWD-POST] #263 | Mixed_6c.branch7x7_1.bn                  | out[0]=shape=(4, 160, 12, 12) ptr=20617240609792 size=368640B
[FWD-PRE] #264 | relu_relu_41                             | inp[0]=shape=(4, 160, 12, 12) ptr=20617240609792 size=368640B
[FWD-POST] #265 | relu_relu_41                             | out[0]=shape=(4, 160, 12, 12) ptr=20617240978944 size=368640B
[FWD-PRE] #266 | Mixed_6c.branch7x7_2.conv                | inp[0]=shape=(4, 160, 12, 12) ptr=20617240978944 size=368640B
[FWD-PRE] #266 | Mixed_6c.branch7x7_2.conv                | weight=shape=(160, 160, 1, 7) ptr=20616968176640 size=716800B
[FWD-POST] #267 | Mixed_6c.branch7x7_2.conv                | out[0]=shape=(4, 160, 12, 12) ptr=20617240609792 size=368640B
[FWD-PRE] #268 | Mixed_6c.branch7x7_2.bn                  | inp[0]=shape=(4, 160, 12, 12) ptr=20617240609792 size=368640B
[FWD-PRE] #268 | Mixed_6c.branch7x7_2.bn                  | weight=shape=(160,) ptr=20616939814400 size=640B
[FWD-PRE] #268 | Mixed_6c.branch7x7_2.bn                  | bias=shape=(160,) ptr=20616939815424 size=640B
[FWD-PRE] #268 | Mixed_6c.branch7x7_2.bn                  | running_mean=shape=(160,) ptr=20616939816448 size=640B
[FWD-PRE] #268 | Mixed_6c.branch7x7_2.bn                  | running_var=shape=(160,) ptr=20616939817472 size=640B
[FWD-POST] #269 | Mixed_6c.branch7x7_2.bn                  | out[0]=shape=(4, 160, 12, 12) ptr=20617241348096 size=368640B
[FWD-PRE] #270 | relu_relu_42                             | inp[0]=shape=(4, 160, 12, 12) ptr=20617241348096 size=368640B
[FWD-POST] #271 | relu_relu_42                             | out[0]=shape=(4, 160, 12, 12) ptr=20617241821184 size=368640B
[FWD-PRE] #272 | Mixed_6c.branch7x7_3.conv                | inp[0]=shape=(4, 160, 12, 12) ptr=20617241821184 size=368640B
[FWD-PRE] #272 | Mixed_6c.branch7x7_3.conv                | weight=shape=(192, 160, 7, 1) ptr=20616969191424 size=860160B
[FWD-POST] #273 | Mixed_6c.branch7x7_3.conv                | out[0]=shape=(4, 192, 12, 12) ptr=20617241348096 size=442368B
[FWD-PRE] #274 | Mixed_6c.branch7x7_3.bn                  | inp[0]=shape=(4, 192, 12, 12) ptr=20617241348096 size=442368B
[FWD-PRE] #274 | Mixed_6c.branch7x7_3.bn                  | weight=shape=(192,) ptr=20616939819008 size=768B
[FWD-PRE] #274 | Mixed_6c.branch7x7_3.bn                  | bias=shape=(192,) ptr=20616939820032 size=768B
[FWD-PRE] #274 | Mixed_6c.branch7x7_3.bn                  | running_mean=shape=(192,) ptr=20616939821056 size=768B
[FWD-PRE] #274 | Mixed_6c.branch7x7_3.bn                  | running_var=shape=(192,) ptr=20616939822080 size=768B
[FWD-POST] #275 | Mixed_6c.branch7x7_3.bn                  | out[0]=shape=(4, 192, 12, 12) ptr=20617242190336 size=442368B
[FWD-PRE] #276 | relu_relu_43                             | inp[0]=shape=(4, 192, 12, 12) ptr=20617242190336 size=442368B
[FWD-POST] #277 | relu_relu_43                             | out[0]=shape=(4, 192, 12, 12) ptr=20617242633216 size=442368B
[FWD-PRE] #278 | Mixed_6c.branch7x7dbl_1.conv             | inp[0]=shape=(4, 768, 12, 12) ptr=20617170871296 size=1769472B
[FWD-PRE] #278 | Mixed_6c.branch7x7dbl_1.conv             | weight=shape=(160, 768, 1, 1) ptr=20616970052096 size=491520B
[FWD-POST] #279 | Mixed_6c.branch7x7dbl_1.conv             | out[0]=shape=(4, 160, 12, 12) ptr=20617242190336 size=368640B
[FWD-PRE] #280 | Mixed_6c.branch7x7dbl_1.bn               | inp[0]=shape=(4, 160, 12, 12) ptr=20617242190336 size=368640B
[FWD-PRE] #280 | Mixed_6c.branch7x7dbl_1.bn               | weight=shape=(160,) ptr=20616939823616 size=640B
[FWD-PRE] #280 | Mixed_6c.branch7x7dbl_1.bn               | bias=shape=(160,) ptr=20616939824640 size=640B
[FWD-PRE] #280 | Mixed_6c.branch7x7dbl_1.bn               | running_mean=shape=(160,) ptr=20616939825664 size=640B
[FWD-PRE] #280 | Mixed_6c.branch7x7dbl_1.bn               | running_var=shape=(160,) ptr=20616939826688 size=640B
[FWD-POST] #281 | Mixed_6c.branch7x7dbl_1.bn               | out[0]=shape=(4, 160, 12, 12) ptr=20617243076096 size=368640B
[FWD-PRE] #282 | relu_relu_44                             | inp[0]=shape=(4, 160, 12, 12) ptr=20617243076096 size=368640B
[FWD-POST] #283 | relu_relu_44                             | out[0]=shape=(4, 160, 12, 12) ptr=20617243445248 size=368640B
[FWD-PRE] #284 | Mixed_6c.branch7x7dbl_2.conv             | inp[0]=shape=(4, 160, 12, 12) ptr=20617243445248 size=368640B
[FWD-PRE] #284 | Mixed_6c.branch7x7dbl_2.conv             | weight=shape=(160, 160, 7, 1) ptr=20616970544128 size=716800B
[FWD-POST] #285 | Mixed_6c.branch7x7dbl_2.conv             | out[0]=shape=(4, 160, 12, 12) ptr=20617243076096 size=368640B
[FWD-PRE] #286 | Mixed_6c.branch7x7dbl_2.bn               | inp[0]=shape=(4, 160, 12, 12) ptr=20617243076096 size=368640B
[FWD-PRE] #286 | Mixed_6c.branch7x7dbl_2.bn               | weight=shape=(160,) ptr=20616939828224 size=640B
[FWD-PRE] #286 | Mixed_6c.branch7x7dbl_2.bn               | bias=shape=(160,) ptr=20616939829248 size=640B
[FWD-PRE] #286 | Mixed_6c.branch7x7dbl_2.bn               | running_mean=shape=(160,) ptr=20616939830272 size=640B
[FWD-PRE] #286 | Mixed_6c.branch7x7dbl_2.bn               | running_var=shape=(160,) ptr=20616971261440 size=640B
[FWD-POST] #287 | Mixed_6c.branch7x7dbl_2.bn               | out[0]=shape=(4, 160, 12, 12) ptr=20617243918336 size=368640B
[FWD-PRE] #288 | relu_relu_45                             | inp[0]=shape=(4, 160, 12, 12) ptr=20617243918336 size=368640B
[FWD-POST] #289 | relu_relu_45                             | out[0]=shape=(4, 160, 12, 12) ptr=20617244287488 size=368640B
[FWD-PRE] #290 | Mixed_6c.branch7x7dbl_3.conv             | inp[0]=shape=(4, 160, 12, 12) ptr=20617244287488 size=368640B
[FWD-PRE] #290 | Mixed_6c.branch7x7dbl_3.conv             | weight=shape=(160, 160, 1, 7) ptr=20616971288576 size=716800B
[FWD-POST] #291 | Mixed_6c.branch7x7dbl_3.conv             | out[0]=shape=(4, 160, 12, 12) ptr=20617243918336 size=368640B
[FWD-PRE] #292 | Mixed_6c.branch7x7dbl_3.bn               | inp[0]=shape=(4, 160, 12, 12) ptr=20617243918336 size=368640B
[FWD-PRE] #292 | Mixed_6c.branch7x7dbl_3.bn               | weight=shape=(160,) ptr=20616971262976 size=640B
[FWD-PRE] #292 | Mixed_6c.branch7x7dbl_3.bn               | bias=shape=(160,) ptr=20616971264000 size=640B
[FWD-PRE] #292 | Mixed_6c.branch7x7dbl_3.bn               | running_mean=shape=(160,) ptr=20616971265024 size=640B
[FWD-PRE] #292 | Mixed_6c.branch7x7dbl_3.bn               | running_var=shape=(160,) ptr=20616971266048 size=640B
[FWD-POST] #293 | Mixed_6c.branch7x7dbl_3.bn               | out[0]=shape=(4, 160, 12, 12) ptr=20617244656640 size=368640B
[FWD-PRE] #294 | relu_relu_46                             | inp[0]=shape=(4, 160, 12, 12) ptr=20617244656640 size=368640B
[FWD-POST] #295 | relu_relu_46                             | out[0]=shape=(4, 160, 12, 12) ptr=20617245025792 size=368640B
[FWD-PRE] #296 | Mixed_6c.branch7x7dbl_4.conv             | inp[0]=shape=(4, 160, 12, 12) ptr=20617245025792 size=368640B
[FWD-PRE] #296 | Mixed_6c.branch7x7dbl_4.conv             | weight=shape=(160, 160, 7, 1) ptr=20616972005888 size=716800B
[FWD-POST] #297 | Mixed_6c.branch7x7dbl_4.conv             | out[0]=shape=(4, 160, 12, 12) ptr=20617244656640 size=368640B
[FWD-PRE] #298 | Mixed_6c.branch7x7dbl_4.bn               | inp[0]=shape=(4, 160, 12, 12) ptr=20617244656640 size=368640B
[FWD-PRE] #298 | Mixed_6c.branch7x7dbl_4.bn               | weight=shape=(160,) ptr=20616971267584 size=640B
[FWD-PRE] #298 | Mixed_6c.branch7x7dbl_4.bn               | bias=shape=(160,) ptr=20616971268608 size=640B
[FWD-PRE] #298 | Mixed_6c.branch7x7dbl_4.bn               | running_mean=shape=(160,) ptr=20616971269632 size=640B
[FWD-PRE] #298 | Mixed_6c.branch7x7dbl_4.bn               | running_var=shape=(160,) ptr=20616971270656 size=640B
[FWD-POST] #299 | Mixed_6c.branch7x7dbl_4.bn               | out[0]=shape=(4, 160, 12, 12) ptr=20617245394944 size=368640B
[FWD-PRE] #300 | relu_relu_47                             | inp[0]=shape=(4, 160, 12, 12) ptr=20617245394944 size=368640B
[FWD-POST] #301 | relu_relu_47                             | out[0]=shape=(4, 160, 12, 12) ptr=20617246015488 size=368640B
[FWD-PRE] #302 | Mixed_6c.branch7x7dbl_5.conv             | inp[0]=shape=(4, 160, 12, 12) ptr=20617246015488 size=368640B
[FWD-PRE] #302 | Mixed_6c.branch7x7dbl_5.conv             | weight=shape=(192, 160, 1, 7) ptr=20616973385728 size=860160B
[FWD-POST] #303 | Mixed_6c.branch7x7dbl_5.conv             | out[0]=shape=(4, 192, 12, 12) ptr=20617245394944 size=442368B
[FWD-PRE] #304 | Mixed_6c.branch7x7dbl_5.bn               | inp[0]=shape=(4, 192, 12, 12) ptr=20617245394944 size=442368B
[FWD-PRE] #304 | Mixed_6c.branch7x7dbl_5.bn               | weight=shape=(192,) ptr=20616971272192 size=768B
[FWD-PRE] #304 | Mixed_6c.branch7x7dbl_5.bn               | bias=shape=(192,) ptr=20616971273216 size=768B
[FWD-PRE] #304 | Mixed_6c.branch7x7dbl_5.bn               | running_mean=shape=(192,) ptr=20616971274240 size=768B
[FWD-PRE] #304 | Mixed_6c.branch7x7dbl_5.bn               | running_var=shape=(192,) ptr=20616971275264 size=768B
[FWD-POST] #305 | Mixed_6c.branch7x7dbl_5.bn               | out[0]=shape=(4, 192, 12, 12) ptr=20617246384640 size=442368B
[FWD-PRE] #306 | relu_relu_48                             | inp[0]=shape=(4, 192, 12, 12) ptr=20617246384640 size=442368B
[FWD-POST] #307 | relu_relu_48                             | out[0]=shape=(4, 192, 12, 12) ptr=20617246827520 size=442368B
[FWD-PRE] #308 | Mixed_6c.branch_pool.conv                | inp[0]=shape=(4, 768, 12, 12) ptr=20617172641280 size=1769472B
[FWD-PRE] #308 | Mixed_6c.branch_pool.conv                | weight=shape=(192, 768, 1, 1) ptr=20616972723200 size=589824B
[FWD-POST] #309 | Mixed_6c.branch_pool.conv                | out[0]=shape=(4, 192, 12, 12) ptr=20617246384640 size=442368B
[FWD-PRE] #310 | Mixed_6c.branch_pool.bn                  | inp[0]=shape=(4, 192, 12, 12) ptr=20617246384640 size=442368B
[FWD-PRE] #310 | Mixed_6c.branch_pool.bn                  | weight=shape=(192,) ptr=20616971276800 size=768B
[FWD-PRE] #310 | Mixed_6c.branch_pool.bn                  | bias=shape=(192,) ptr=20616971277824 size=768B
[FWD-PRE] #310 | Mixed_6c.branch_pool.bn                  | running_mean=shape=(192,) ptr=20616971278848 size=768B
[FWD-PRE] #310 | Mixed_6c.branch_pool.bn                  | running_var=shape=(192,) ptr=20616971279872 size=768B
[FWD-POST] #311 | Mixed_6c.branch_pool.bn                  | out[0]=shape=(4, 192, 12, 12) ptr=20617247270400 size=442368B
[FWD-PRE] #312 | relu_relu_49                             | inp[0]=shape=(4, 192, 12, 12) ptr=20617247270400 size=442368B
[FWD-POST] #313 | relu_relu_49                             | out[0]=shape=(4, 192, 12, 12) ptr=20617248112640 size=442368B
[FWD-POST] #315 | cat_cat_5                                | out[0]=shape=(4, 768, 12, 12) ptr=20617174411264 size=1769472B
[FWD-PRE] #316 | Mixed_6d.branch1x1.conv                  | inp[0]=shape=(4, 768, 12, 12) ptr=20617174411264 size=1769472B
[FWD-PRE] #316 | Mixed_6d.branch1x1.conv                  | weight=shape=(192, 768, 1, 1) ptr=20616974246400 size=589824B
[FWD-POST] #317 | Mixed_6d.branch1x1.conv                  | out[0]=shape=(4, 192, 12, 12) ptr=20617247270400 size=442368B
[FWD-PRE] #318 | Mixed_6d.branch1x1.bn                    | inp[0]=shape=(4, 192, 12, 12) ptr=20617247270400 size=442368B
[FWD-PRE] #318 | Mixed_6d.branch1x1.bn                    | weight=shape=(192,) ptr=20616971281408 size=768B
[FWD-PRE] #318 | Mixed_6d.branch1x1.bn                    | bias=shape=(192,) ptr=20616971282432 size=768B
[FWD-PRE] #318 | Mixed_6d.branch1x1.bn                    | running_mean=shape=(192,) ptr=20616971283456 size=768B
[FWD-PRE] #318 | Mixed_6d.branch1x1.bn                    | running_var=shape=(192,) ptr=20616971284480 size=768B
[FWD-POST] #319 | Mixed_6d.branch1x1.bn                    | out[0]=shape=(4, 192, 12, 12) ptr=20617248555520 size=442368B
[FWD-PRE] #320 | relu_relu_50                             | inp[0]=shape=(4, 192, 12, 12) ptr=20617248555520 size=442368B
[FWD-POST] #321 | relu_relu_50                             | out[0]=shape=(4, 192, 12, 12) ptr=20617248998400 size=442368B
[FWD-PRE] #322 | Mixed_6d.branch7x7_1.conv                | inp[0]=shape=(4, 768, 12, 12) ptr=20617174411264 size=1769472B
[FWD-PRE] #322 | Mixed_6d.branch7x7_1.conv                | weight=shape=(160, 768, 1, 1) ptr=20616974836736 size=491520B
[FWD-POST] #323 | Mixed_6d.branch7x7_1.conv                | out[0]=shape=(4, 160, 12, 12) ptr=20617247713280 size=368640B
[FWD-PRE] #324 | Mixed_6d.branch7x7_1.bn                  | inp[0]=shape=(4, 160, 12, 12) ptr=20617247713280 size=368640B
[FWD-PRE] #324 | Mixed_6d.branch7x7_1.bn                  | weight=shape=(160,) ptr=20616971286016 size=640B
[FWD-PRE] #324 | Mixed_6d.branch7x7_1.bn                  | bias=shape=(160,) ptr=20616971287040 size=640B
[FWD-PRE] #324 | Mixed_6d.branch7x7_1.bn                  | running_mean=shape=(160,) ptr=20616973313536 size=640B
[FWD-PRE] #324 | Mixed_6d.branch7x7_1.bn                  | running_var=shape=(160,) ptr=20616973314560 size=640B
[FWD-POST] #325 | Mixed_6d.branch7x7_1.bn                  | out[0]=shape=(4, 160, 12, 12) ptr=20617248555520 size=368640B
[FWD-PRE] #326 | relu_relu_51                             | inp[0]=shape=(4, 160, 12, 12) ptr=20617248555520 size=368640B
[FWD-POST] #327 | relu_relu_51                             | out[0]=shape=(4, 160, 12, 12) ptr=20617249441280 size=368640B
[FWD-PRE] #328 | Mixed_6d.branch7x7_2.conv                | inp[0]=shape=(4, 160, 12, 12) ptr=20617249441280 size=368640B
[FWD-PRE] #328 | Mixed_6d.branch7x7_2.conv                | weight=shape=(160, 160, 1, 7) ptr=20616975482880 size=716800B
[FWD-POST] #329 | Mixed_6d.branch7x7_2.conv                | out[0]=shape=(4, 160, 12, 12) ptr=20617249810432 size=368640B
[FWD-PRE] #330 | Mixed_6d.branch7x7_2.bn                  | inp[0]=shape=(4, 160, 12, 12) ptr=20617249810432 size=368640B
[FWD-PRE] #330 | Mixed_6d.branch7x7_2.bn                  | weight=shape=(160,) ptr=20616973315584 size=640B
[FWD-PRE] #330 | Mixed_6d.branch7x7_2.bn                  | bias=shape=(160,) ptr=20616973316608 size=640B
[FWD-PRE] #330 | Mixed_6d.branch7x7_2.bn                  | running_mean=shape=(160,) ptr=20616973317632 size=640B
[FWD-PRE] #330 | Mixed_6d.branch7x7_2.bn                  | running_var=shape=(160,) ptr=20616973318656 size=640B
[FWD-POST] #331 | Mixed_6d.branch7x7_2.bn                  | out[0]=shape=(4, 160, 12, 12) ptr=20617248555520 size=368640B
[FWD-PRE] #332 | relu_relu_52                             | inp[0]=shape=(4, 160, 12, 12) ptr=20617248555520 size=368640B
[FWD-POST] #333 | relu_relu_52                             | out[0]=shape=(4, 160, 12, 12) ptr=20617250209792 size=368640B
[FWD-PRE] #334 | Mixed_6d.branch7x7_3.conv                | inp[0]=shape=(4, 160, 12, 12) ptr=20617250209792 size=368640B
[FWD-PRE] #334 | Mixed_6d.branch7x7_3.conv                | weight=shape=(192, 160, 7, 1) ptr=20616976200192 size=860160B
[FWD-POST] #335 | Mixed_6d.branch7x7_3.conv                | out[0]=shape=(4, 192, 12, 12) ptr=20617248555520 size=442368B
[FWD-PRE] #336 | Mixed_6d.branch7x7_3.bn                  | inp[0]=shape=(4, 192, 12, 12) ptr=20617248555520 size=442368B
[FWD-PRE] #336 | Mixed_6d.branch7x7_3.bn                  | weight=shape=(192,) ptr=20616973320192 size=768B
[FWD-PRE] #336 | Mixed_6d.branch7x7_3.bn                  | bias=shape=(192,) ptr=20616973321216 size=768B
[FWD-PRE] #336 | Mixed_6d.branch7x7_3.bn                  | running_mean=shape=(192,) ptr=20616973322240 size=768B
[FWD-PRE] #336 | Mixed_6d.branch7x7_3.bn                  | running_var=shape=(192,) ptr=20616973323264 size=768B
[FWD-POST] #337 | Mixed_6d.branch7x7_3.bn                  | out[0]=shape=(4, 192, 12, 12) ptr=20617250578944 size=442368B
[FWD-PRE] #338 | relu_relu_53                             | inp[0]=shape=(4, 192, 12, 12) ptr=20617250578944 size=442368B
[FWD-POST] #339 | relu_relu_53                             | out[0]=shape=(4, 192, 12, 12) ptr=20617251021824 size=442368B
[FWD-PRE] #340 | Mixed_6d.branch7x7dbl_1.conv             | inp[0]=shape=(4, 768, 12, 12) ptr=20617174411264 size=1769472B
[FWD-PRE] #340 | Mixed_6d.branch7x7dbl_1.conv             | weight=shape=(160, 768, 1, 1) ptr=20616977060864 size=491520B
[FWD-POST] #341 | Mixed_6d.branch7x7dbl_1.conv             | out[0]=shape=(4, 160, 12, 12) ptr=20617250578944 size=368640B
[FWD-PRE] #342 | Mixed_6d.branch7x7dbl_1.bn               | inp[0]=shape=(4, 160, 12, 12) ptr=20617250578944 size=368640B
[FWD-PRE] #342 | Mixed_6d.branch7x7dbl_1.bn               | weight=shape=(160,) ptr=20616977552896 size=640B
[FWD-PRE] #342 | Mixed_6d.branch7x7dbl_1.bn               | bias=shape=(160,) ptr=20616977553920 size=640B
[FWD-PRE] #342 | Mixed_6d.branch7x7dbl_1.bn               | running_mean=shape=(160,) ptr=20616977554944 size=640B
[FWD-PRE] #342 | Mixed_6d.branch7x7dbl_1.bn               | running_var=shape=(160,) ptr=20616977555968 size=640B
[FWD-POST] #343 | Mixed_6d.branch7x7dbl_1.bn               | out[0]=shape=(4, 160, 12, 12) ptr=20617251464704 size=368640B
[FWD-PRE] #344 | relu_relu_54                             | inp[0]=shape=(4, 160, 12, 12) ptr=20617251464704 size=368640B
[FWD-POST] #345 | relu_relu_54                             | out[0]=shape=(4, 160, 12, 12) ptr=20617251833856 size=368640B
[FWD-PRE] #346 | Mixed_6d.branch7x7dbl_2.conv             | inp[0]=shape=(4, 160, 12, 12) ptr=20617251833856 size=368640B
[FWD-PRE] #346 | Mixed_6d.branch7x7dbl_2.conv             | weight=shape=(160, 160, 7, 1) ptr=20616977580032 size=716800B
[FWD-POST] #347 | Mixed_6d.branch7x7dbl_2.conv             | out[0]=shape=(4, 160, 12, 12) ptr=20617251464704 size=368640B
[FWD-PRE] #348 | Mixed_6d.branch7x7dbl_2.bn               | inp[0]=shape=(4, 160, 12, 12) ptr=20617251464704 size=368640B
[FWD-PRE] #348 | Mixed_6d.branch7x7dbl_2.bn               | weight=shape=(160,) ptr=20616977557504 size=640B
[FWD-PRE] #348 | Mixed_6d.branch7x7dbl_2.bn               | bias=shape=(160,) ptr=20616977558528 size=640B
[FWD-PRE] #348 | Mixed_6d.branch7x7dbl_2.bn               | running_mean=shape=(160,) ptr=20616977559552 size=640B
[FWD-PRE] #348 | Mixed_6d.branch7x7dbl_2.bn               | running_var=shape=(160,) ptr=20616977560576 size=640B
[FWD-POST] #349 | Mixed_6d.branch7x7dbl_2.bn               | out[0]=shape=(4, 160, 12, 12) ptr=20617252306944 size=368640B
[FWD-PRE] #350 | relu_relu_55                             | inp[0]=shape=(4, 160, 12, 12) ptr=20617252306944 size=368640B
[FWD-POST] #351 | relu_relu_55                             | out[0]=shape=(4, 160, 12, 12) ptr=20617252676096 size=368640B
[FWD-PRE] #352 | Mixed_6d.branch7x7dbl_3.conv             | inp[0]=shape=(4, 160, 12, 12) ptr=20617252676096 size=368640B
[FWD-PRE] #352 | Mixed_6d.branch7x7dbl_3.conv             | weight=shape=(160, 160, 1, 7) ptr=20616978297344 size=716800B
[FWD-POST] #353 | Mixed_6d.branch7x7dbl_3.conv             | out[0]=shape=(4, 160, 12, 12) ptr=20617252306944 size=368640B
[FWD-PRE] #354 | Mixed_6d.branch7x7dbl_3.bn               | inp[0]=shape=(4, 160, 12, 12) ptr=20617252306944 size=368640B
[FWD-PRE] #354 | Mixed_6d.branch7x7dbl_3.bn               | weight=shape=(160,) ptr=20616977562112 size=640B
[FWD-PRE] #354 | Mixed_6d.branch7x7dbl_3.bn               | bias=shape=(160,) ptr=20616977563136 size=640B
[FWD-PRE] #354 | Mixed_6d.branch7x7dbl_3.bn               | running_mean=shape=(160,) ptr=20616977564160 size=640B
[FWD-PRE] #354 | Mixed_6d.branch7x7dbl_3.bn               | running_var=shape=(160,) ptr=20616977565184 size=640B
[FWD-POST] #355 | Mixed_6d.branch7x7dbl_3.bn               | out[0]=shape=(4, 160, 12, 12) ptr=20617253045248 size=368640B
[FWD-PRE] #356 | relu_relu_56                             | inp[0]=shape=(4, 160, 12, 12) ptr=20617253045248 size=368640B
[FWD-POST] #357 | relu_relu_56                             | out[0]=shape=(4, 160, 12, 12) ptr=20617253414400 size=368640B
[FWD-PRE] #358 | Mixed_6d.branch7x7dbl_4.conv             | inp[0]=shape=(4, 160, 12, 12) ptr=20617253414400 size=368640B
[FWD-PRE] #358 | Mixed_6d.branch7x7dbl_4.conv             | weight=shape=(160, 160, 7, 1) ptr=20616979677184 size=716800B
[FWD-POST] #359 | Mixed_6d.branch7x7dbl_4.conv             | out[0]=shape=(4, 160, 12, 12) ptr=20617253045248 size=368640B
[FWD-PRE] #360 | Mixed_6d.branch7x7dbl_4.bn               | inp[0]=shape=(4, 160, 12, 12) ptr=20617253045248 size=368640B
[FWD-PRE] #360 | Mixed_6d.branch7x7dbl_4.bn               | weight=shape=(160,) ptr=20616977566720 size=640B
[FWD-PRE] #360 | Mixed_6d.branch7x7dbl_4.bn               | bias=shape=(160,) ptr=20616977567744 size=640B
[FWD-PRE] #360 | Mixed_6d.branch7x7dbl_4.bn               | running_mean=shape=(160,) ptr=20616977568768 size=640B
[FWD-PRE] #360 | Mixed_6d.branch7x7dbl_4.bn               | running_var=shape=(160,) ptr=20616977569792 size=640B
[FWD-POST] #361 | Mixed_6d.branch7x7dbl_4.bn               | out[0]=shape=(4, 160, 12, 12) ptr=20617253783552 size=368640B
[FWD-PRE] #362 | relu_relu_57                             | inp[0]=shape=(4, 160, 12, 12) ptr=20617253783552 size=368640B
[FWD-POST] #363 | relu_relu_57                             | out[0]=shape=(4, 160, 12, 12) ptr=20617254404096 size=368640B
[FWD-PRE] #364 | Mixed_6d.branch7x7dbl_5.conv             | inp[0]=shape=(4, 160, 12, 12) ptr=20617254404096 size=368640B
[FWD-PRE] #364 | Mixed_6d.branch7x7dbl_5.conv             | weight=shape=(192, 160, 1, 7) ptr=20616980394496 size=860160B
[FWD-POST] #365 | Mixed_6d.branch7x7dbl_5.conv             | out[0]=shape=(4, 192, 12, 12) ptr=20617253783552 size=442368B
[FWD-PRE] #366 | Mixed_6d.branch7x7dbl_5.bn               | inp[0]=shape=(4, 192, 12, 12) ptr=20617253783552 size=442368B
[FWD-PRE] #366 | Mixed_6d.branch7x7dbl_5.bn               | weight=shape=(192,) ptr=20616977571328 size=768B
[FWD-PRE] #366 | Mixed_6d.branch7x7dbl_5.bn               | bias=shape=(192,) ptr=20616977572352 size=768B
[FWD-PRE] #366 | Mixed_6d.branch7x7dbl_5.bn               | running_mean=shape=(192,) ptr=20616977573376 size=768B
[FWD-PRE] #366 | Mixed_6d.branch7x7dbl_5.bn               | running_var=shape=(192,) ptr=20616977574400 size=768B
[FWD-POST] #367 | Mixed_6d.branch7x7dbl_5.bn               | out[0]=shape=(4, 192, 12, 12) ptr=20617254773248 size=442368B
[FWD-PRE] #368 | relu_relu_58                             | inp[0]=shape=(4, 192, 12, 12) ptr=20617254773248 size=442368B
[FWD-POST] #369 | relu_relu_58                             | out[0]=shape=(4, 192, 12, 12) ptr=20617255216128 size=442368B
[FWD-PRE] #370 | Mixed_6d.branch_pool.conv                | inp[0]=shape=(4, 768, 12, 12) ptr=20617176181248 size=1769472B
[FWD-PRE] #370 | Mixed_6d.branch_pool.conv                | weight=shape=(192, 768, 1, 1) ptr=20616979014656 size=589824B
[FWD-POST] #371 | Mixed_6d.branch_pool.conv                | out[0]=shape=(4, 192, 12, 12) ptr=20617254773248 size=442368B
[FWD-PRE] #372 | Mixed_6d.branch_pool.bn                  | inp[0]=shape=(4, 192, 12, 12) ptr=20617254773248 size=442368B
[FWD-PRE] #372 | Mixed_6d.branch_pool.bn                  | weight=shape=(192,) ptr=20616977575936 size=768B
[FWD-PRE] #372 | Mixed_6d.branch_pool.bn                  | bias=shape=(192,) ptr=20616977576960 size=768B
[FWD-PRE] #372 | Mixed_6d.branch_pool.bn                  | running_mean=shape=(192,) ptr=20616977577984 size=768B
[FWD-PRE] #372 | Mixed_6d.branch_pool.bn                  | running_var=shape=(192,) ptr=20616977579008 size=768B
[FWD-POST] #373 | Mixed_6d.branch_pool.bn                  | out[0]=shape=(4, 192, 12, 12) ptr=20617255659008 size=442368B
[FWD-PRE] #374 | relu_relu_59                             | inp[0]=shape=(4, 192, 12, 12) ptr=20617255659008 size=442368B
[FWD-POST] #375 | relu_relu_59                             | out[0]=shape=(4, 192, 12, 12) ptr=20617256501248 size=442368B
[FWD-POST] #377 | cat_cat_6                                | out[0]=shape=(4, 768, 12, 12) ptr=20617177951232 size=1769472B
[FWD-PRE] #378 | Mixed_6e.branch1x1.conv                  | inp[0]=shape=(4, 768, 12, 12) ptr=20617177951232 size=1769472B
[FWD-PRE] #378 | Mixed_6e.branch1x1.conv                  | weight=shape=(192, 768, 1, 1) ptr=20616981774336 size=589824B
[FWD-POST] #379 | Mixed_6e.branch1x1.conv                  | out[0]=shape=(4, 192, 12, 12) ptr=20617255659008 size=442368B
[FWD-PRE] #380 | Mixed_6e.branch1x1.bn                    | inp[0]=shape=(4, 192, 12, 12) ptr=20617255659008 size=442368B
[FWD-PRE] #380 | Mixed_6e.branch1x1.bn                    | weight=shape=(192,) ptr=20616973325312 size=768B
[FWD-PRE] #380 | Mixed_6e.branch1x1.bn                    | bias=shape=(192,) ptr=20616973326336 size=768B
[FWD-PRE] #380 | Mixed_6e.branch1x1.bn                    | running_mean=shape=(192,) ptr=20616973327360 size=768B
[FWD-PRE] #380 | Mixed_6e.branch1x1.bn                    | running_var=shape=(192,) ptr=20616973328384 size=768B
[FWD-POST] #381 | Mixed_6e.branch1x1.bn                    | out[0]=shape=(4, 192, 12, 12) ptr=20617256944128 size=442368B
[FWD-PRE] #382 | relu_relu_60                             | inp[0]=shape=(4, 192, 12, 12) ptr=20617256944128 size=442368B
[FWD-POST] #383 | relu_relu_60                             | out[0]=shape=(4, 192, 12, 12) ptr=20617257387008 size=442368B
[FWD-PRE] #384 | Mixed_6e.branch7x7_1.conv                | inp[0]=shape=(4, 768, 12, 12) ptr=20617177951232 size=1769472B
[FWD-PRE] #384 | Mixed_6e.branch7x7_1.conv                | weight=shape=(192, 768, 1, 1) ptr=20616982364672 size=589824B
[FWD-POST] #385 | Mixed_6e.branch7x7_1.conv                | out[0]=shape=(4, 192, 12, 12) ptr=20617256944128 size=442368B
[FWD-PRE] #386 | Mixed_6e.branch7x7_1.bn                  | inp[0]=shape=(4, 192, 12, 12) ptr=20617256944128 size=442368B
[FWD-PRE] #386 | Mixed_6e.branch7x7_1.bn                  | weight=shape=(192,) ptr=20616973329920 size=768B
[FWD-PRE] #386 | Mixed_6e.branch7x7_1.bn                  | bias=shape=(192,) ptr=20616973330944 size=768B
[FWD-PRE] #386 | Mixed_6e.branch7x7_1.bn                  | running_mean=shape=(192,) ptr=20616973331968 size=768B
[FWD-PRE] #386 | Mixed_6e.branch7x7_1.bn                  | running_var=shape=(192,) ptr=20616973332992 size=768B
[FWD-POST] #387 | Mixed_6e.branch7x7_1.bn                  | out[0]=shape=(4, 192, 12, 12) ptr=20617257829888 size=442368B
[FWD-PRE] #388 | relu_relu_61                             | inp[0]=shape=(4, 192, 12, 12) ptr=20617257829888 size=442368B
[FWD-POST] #389 | relu_relu_61                             | out[0]=shape=(4, 192, 12, 12) ptr=20617258598400 size=442368B
[FWD-PRE] #390 | Mixed_6e.branch7x7_2.conv                | inp[0]=shape=(4, 192, 12, 12) ptr=20617258598400 size=442368B
[FWD-PRE] #390 | Mixed_6e.branch7x7_2.conv                | weight=shape=(192, 192, 1, 7) ptr=20616983871488 size=1032192B
[FWD-POST] #391 | Mixed_6e.branch7x7_2.conv                | out[0]=shape=(4, 192, 12, 12) ptr=20617257829888 size=442368B
[FWD-PRE] #392 | Mixed_6e.branch7x7_2.bn                  | inp[0]=shape=(4, 192, 12, 12) ptr=20617257829888 size=442368B
[FWD-PRE] #392 | Mixed_6e.branch7x7_2.bn                  | weight=shape=(192,) ptr=20616973334528 size=768B
[FWD-PRE] #392 | Mixed_6e.branch7x7_2.bn                  | bias=shape=(192,) ptr=20616973335552 size=768B
[FWD-PRE] #392 | Mixed_6e.branch7x7_2.bn                  | running_mean=shape=(192,) ptr=20616973336576 size=768B
[FWD-PRE] #392 | Mixed_6e.branch7x7_2.bn                  | running_var=shape=(192,) ptr=20616973337600 size=768B
[FWD-POST] #393 | Mixed_6e.branch7x7_2.bn                  | out[0]=shape=(4, 192, 12, 12) ptr=20617259041280 size=442368B
[FWD-PRE] #394 | relu_relu_62                             | inp[0]=shape=(4, 192, 12, 12) ptr=20617259041280 size=442368B
[FWD-POST] #395 | relu_relu_62                             | out[0]=shape=(4, 192, 12, 12) ptr=20617259484160 size=442368B
[FWD-PRE] #396 | Mixed_6e.branch7x7_3.conv                | inp[0]=shape=(4, 192, 12, 12) ptr=20617259484160 size=442368B
[FWD-PRE] #396 | Mixed_6e.branch7x7_3.conv                | weight=shape=(192, 192, 7, 1) ptr=20616984904192 size=1032192B
[FWD-POST] #397 | Mixed_6e.branch7x7_3.conv                | out[0]=shape=(4, 192, 12, 12) ptr=20617259041280 size=442368B
[FWD-PRE] #398 | Mixed_6e.branch7x7_3.bn                  | inp[0]=shape=(4, 192, 12, 12) ptr=20617259041280 size=442368B
[FWD-PRE] #398 | Mixed_6e.branch7x7_3.bn                  | weight=shape=(192,) ptr=20616985936896 size=768B
[FWD-PRE] #398 | Mixed_6e.branch7x7_3.bn                  | bias=shape=(192,) ptr=20616985937920 size=768B
[FWD-PRE] #398 | Mixed_6e.branch7x7_3.bn                  | running_mean=shape=(192,) ptr=20616985938944 size=768B
[FWD-PRE] #398 | Mixed_6e.branch7x7_3.bn                  | running_var=shape=(192,) ptr=20616985939968 size=768B
[FWD-POST] #399 | Mixed_6e.branch7x7_3.bn                  | out[0]=shape=(4, 192, 12, 12) ptr=20617259927040 size=442368B
[FWD-PRE] #400 | relu_relu_63                             | inp[0]=shape=(4, 192, 12, 12) ptr=20617259927040 size=442368B
[FWD-POST] #401 | relu_relu_63                             | out[0]=shape=(4, 192, 12, 12) ptr=20617260695552 size=442368B
[FWD-PRE] #402 | Mixed_6e.branch7x7dbl_1.conv             | inp[0]=shape=(4, 768, 12, 12) ptr=20617177951232 size=1769472B
[FWD-PRE] #402 | Mixed_6e.branch7x7dbl_1.conv             | weight=shape=(192, 768, 1, 1) ptr=20616982955008 size=589824B
[FWD-POST] #403 | Mixed_6e.branch7x7dbl_1.conv             | out[0]=shape=(4, 192, 12, 12) ptr=20617259927040 size=442368B
[FWD-PRE] #404 | Mixed_6e.branch7x7dbl_1.bn               | inp[0]=shape=(4, 192, 12, 12) ptr=20617259927040 size=442368B
[FWD-PRE] #404 | Mixed_6e.branch7x7dbl_1.bn               | weight=shape=(192,) ptr=20616985941504 size=768B
[FWD-PRE] #404 | Mixed_6e.branch7x7dbl_1.bn               | bias=shape=(192,) ptr=20616985942528 size=768B
[FWD-PRE] #404 | Mixed_6e.branch7x7dbl_1.bn               | running_mean=shape=(192,) ptr=20616985943552 size=768B
[FWD-PRE] #404 | Mixed_6e.branch7x7dbl_1.bn               | running_var=shape=(192,) ptr=20616985944576 size=768B
[FWD-POST] #405 | Mixed_6e.branch7x7dbl_1.bn               | out[0]=shape=(4, 192, 12, 12) ptr=20617261138432 size=442368B
[FWD-PRE] #406 | relu_relu_64                             | inp[0]=shape=(4, 192, 12, 12) ptr=20617261138432 size=442368B
[FWD-POST] #407 | relu_relu_64                             | out[0]=shape=(4, 192, 12, 12) ptr=20617261581312 size=442368B
[FWD-PRE] #408 | Mixed_6e.branch7x7dbl_2.conv             | inp[0]=shape=(4, 192, 12, 12) ptr=20617261581312 size=442368B
[FWD-PRE] #408 | Mixed_6e.branch7x7dbl_2.conv             | weight=shape=(192, 192, 7, 1) ptr=20616985968640 size=1032192B
[FWD-POST] #409 | Mixed_6e.branch7x7dbl_2.conv             | out[0]=shape=(4, 192, 12, 12) ptr=20617261138432 size=442368B
[FWD-PRE] #410 | Mixed_6e.branch7x7dbl_2.bn               | inp[0]=shape=(4, 192, 12, 12) ptr=20617261138432 size=442368B
[FWD-PRE] #410 | Mixed_6e.branch7x7dbl_2.bn               | weight=shape=(192,) ptr=20616985946112 size=768B
[FWD-PRE] #410 | Mixed_6e.branch7x7dbl_2.bn               | bias=shape=(192,) ptr=20616985947136 size=768B
[FWD-PRE] #410 | Mixed_6e.branch7x7dbl_2.bn               | running_mean=shape=(192,) ptr=20616985948160 size=768B
[FWD-PRE] #410 | Mixed_6e.branch7x7dbl_2.bn               | running_var=shape=(192,) ptr=20616985949184 size=768B
[FWD-POST] #411 | Mixed_6e.branch7x7dbl_2.bn               | out[0]=shape=(4, 192, 12, 12) ptr=20617262024192 size=442368B
[FWD-PRE] #412 | relu_relu_65                             | inp[0]=shape=(4, 192, 12, 12) ptr=20617262024192 size=442368B
[FWD-POST] #413 | relu_relu_65                             | out[0]=shape=(4, 192, 12, 12) ptr=20617262792704 size=442368B
[FWD-PRE] #414 | Mixed_6e.branch7x7dbl_3.conv             | inp[0]=shape=(4, 192, 12, 12) ptr=20617262792704 size=442368B
[FWD-PRE] #414 | Mixed_6e.branch7x7dbl_3.conv             | weight=shape=(192, 192, 1, 7) ptr=20616987001344 size=1032192B
[FWD-POST] #415 | Mixed_6e.branch7x7dbl_3.conv             | out[0]=shape=(4, 192, 12, 12) ptr=20617262024192 size=442368B
[FWD-PRE] #416 | Mixed_6e.branch7x7dbl_3.bn               | inp[0]=shape=(4, 192, 12, 12) ptr=20617262024192 size=442368B
[FWD-PRE] #416 | Mixed_6e.branch7x7dbl_3.bn               | weight=shape=(192,) ptr=20616985950720 size=768B
[FWD-PRE] #416 | Mixed_6e.branch7x7dbl_3.bn               | bias=shape=(192,) ptr=20616985951744 size=768B
[FWD-PRE] #416 | Mixed_6e.branch7x7dbl_3.bn               | running_mean=shape=(192,) ptr=20616985952768 size=768B
[FWD-PRE] #416 | Mixed_6e.branch7x7dbl_3.bn               | running_var=shape=(192,) ptr=20616985953792 size=768B
[FWD-POST] #417 | Mixed_6e.branch7x7dbl_3.bn               | out[0]=shape=(4, 192, 12, 12) ptr=20617263235584 size=442368B
[FWD-PRE] #418 | relu_relu_66                             | inp[0]=shape=(4, 192, 12, 12) ptr=20617263235584 size=442368B
[FWD-POST] #419 | relu_relu_66                             | out[0]=shape=(4, 192, 12, 12) ptr=20617263678464 size=442368B
[FWD-PRE] #420 | Mixed_6e.branch7x7dbl_4.conv             | inp[0]=shape=(4, 192, 12, 12) ptr=20617263678464 size=442368B
[FWD-PRE] #420 | Mixed_6e.branch7x7dbl_4.conv             | weight=shape=(192, 192, 7, 1) ptr=20616988065792 size=1032192B
[FWD-POST] #421 | Mixed_6e.branch7x7dbl_4.conv             | out[0]=shape=(4, 192, 12, 12) ptr=20617263235584 size=442368B
[FWD-PRE] #422 | Mixed_6e.branch7x7dbl_4.bn               | inp[0]=shape=(4, 192, 12, 12) ptr=20617263235584 size=442368B
[FWD-PRE] #422 | Mixed_6e.branch7x7dbl_4.bn               | weight=shape=(192,) ptr=20616985955328 size=768B
[FWD-PRE] #422 | Mixed_6e.branch7x7dbl_4.bn               | bias=shape=(192,) ptr=20616985956352 size=768B
[FWD-PRE] #422 | Mixed_6e.branch7x7dbl_4.bn               | running_mean=shape=(192,) ptr=20616985957376 size=768B
[FWD-PRE] #422 | Mixed_6e.branch7x7dbl_4.bn               | running_var=shape=(192,) ptr=20616985958400 size=768B
[FWD-POST] #423 | Mixed_6e.branch7x7dbl_4.bn               | out[0]=shape=(4, 192, 12, 12) ptr=20617264121344 size=442368B
[FWD-PRE] #424 | relu_relu_67                             | inp[0]=shape=(4, 192, 12, 12) ptr=20617264121344 size=442368B
[FWD-POST] #425 | relu_relu_67                             | out[0]=shape=(4, 192, 12, 12) ptr=20617264889856 size=442368B
[FWD-PRE] #426 | Mixed_6e.branch7x7dbl_5.conv             | inp[0]=shape=(4, 192, 12, 12) ptr=20617264889856 size=442368B
[FWD-PRE] #426 | Mixed_6e.branch7x7dbl_5.conv             | weight=shape=(192, 192, 1, 7) ptr=20616989098496 size=1032192B
[FWD-POST] #427 | Mixed_6e.branch7x7dbl_5.conv             | out[0]=shape=(4, 192, 12, 12) ptr=20617264121344 size=442368B
[FWD-PRE] #428 | Mixed_6e.branch7x7dbl_5.bn               | inp[0]=shape=(4, 192, 12, 12) ptr=20617264121344 size=442368B
[FWD-PRE] #428 | Mixed_6e.branch7x7dbl_5.bn               | weight=shape=(192,) ptr=20616985959936 size=768B
[FWD-PRE] #428 | Mixed_6e.branch7x7dbl_5.bn               | bias=shape=(192,) ptr=20616985960960 size=768B
[FWD-PRE] #428 | Mixed_6e.branch7x7dbl_5.bn               | running_mean=shape=(192,) ptr=20616985961984 size=768B
[FWD-PRE] #428 | Mixed_6e.branch7x7dbl_5.bn               | running_var=shape=(192,) ptr=20616985963008 size=768B
[FWD-POST] #429 | Mixed_6e.branch7x7dbl_5.bn               | out[0]=shape=(4, 192, 12, 12) ptr=20617265332736 size=442368B
[FWD-PRE] #430 | relu_relu_68                             | inp[0]=shape=(4, 192, 12, 12) ptr=20617265332736 size=442368B
[FWD-POST] #431 | relu_relu_68                             | out[0]=shape=(4, 192, 12, 12) ptr=20617265775616 size=442368B
[FWD-PRE] #432 | Mixed_6e.branch_pool.conv                | inp[0]=shape=(4, 768, 12, 12) ptr=20617181003776 size=1769472B
[FWD-PRE] #432 | Mixed_6e.branch_pool.conv                | weight=shape=(192, 768, 1, 1) ptr=20616990162944 size=589824B
[FWD-POST] #433 | Mixed_6e.branch_pool.conv                | out[0]=shape=(4, 192, 12, 12) ptr=20617265332736 size=442368B
[FWD-PRE] #434 | Mixed_6e.branch_pool.bn                  | inp[0]=shape=(4, 192, 12, 12) ptr=20617265332736 size=442368B
[FWD-PRE] #434 | Mixed_6e.branch_pool.bn                  | weight=shape=(192,) ptr=20616985964544 size=768B
[FWD-PRE] #434 | Mixed_6e.branch_pool.bn                  | bias=shape=(192,) ptr=20616985965568 size=768B
[FWD-PRE] #434 | Mixed_6e.branch_pool.bn                  | running_mean=shape=(192,) ptr=20616985966592 size=768B
[FWD-PRE] #434 | Mixed_6e.branch_pool.bn                  | running_var=shape=(192,) ptr=20616985967616 size=768B
[FWD-POST] #435 | Mixed_6e.branch_pool.bn                  | out[0]=shape=(4, 192, 12, 12) ptr=20617266218496 size=442368B
[FWD-PRE] #436 | relu_relu_69                             | inp[0]=shape=(4, 192, 12, 12) ptr=20617266218496 size=442368B
[FWD-POST] #437 | relu_relu_69                             | out[0]=shape=(4, 192, 12, 12) ptr=20617266987008 size=442368B
[FWD-POST] #439 | cat_cat_7                                | out[0]=shape=(4, 768, 12, 12) ptr=20617182773760 size=1769472B
[FWD-PRE] #440 | Mixed_7a.branch3x3_1.conv                | inp[0]=shape=(4, 768, 12, 12) ptr=20617182773760 size=1769472B
[FWD-PRE] #440 | Mixed_7a.branch3x3_1.conv                | weight=shape=(192, 768, 1, 1) ptr=20616990753280 size=589824B
[FWD-POST] #441 | Mixed_7a.branch3x3_1.conv                | out[0]=shape=(4, 192, 12, 12) ptr=20617266218496 size=442368B
[FWD-PRE] #442 | Mixed_7a.branch3x3_1.bn                  | inp[0]=shape=(4, 192, 12, 12) ptr=20617266218496 size=442368B
[FWD-PRE] #442 | Mixed_7a.branch3x3_1.bn                  | weight=shape=(192,) ptr=20616988034560 size=768B
[FWD-PRE] #442 | Mixed_7a.branch3x3_1.bn                  | bias=shape=(192,) ptr=20616988035584 size=768B
[FWD-PRE] #442 | Mixed_7a.branch3x3_1.bn                  | running_mean=shape=(192,) ptr=20616988036608 size=768B
[FWD-PRE] #442 | Mixed_7a.branch3x3_1.bn                  | running_var=shape=(192,) ptr=20616988037632 size=768B
[FWD-POST] #443 | Mixed_7a.branch3x3_1.bn                  | out[0]=shape=(4, 192, 12, 12) ptr=20617267429888 size=442368B
[FWD-PRE] #444 | relu_relu_70                             | inp[0]=shape=(4, 192, 12, 12) ptr=20617267429888 size=442368B
[FWD-POST] #445 | relu_relu_70                             | out[0]=shape=(4, 192, 12, 12) ptr=20617267872768 size=442368B
[FWD-PRE] #446 | Mixed_7a.branch3x3_2.conv                | inp[0]=shape=(4, 192, 12, 12) ptr=20617267872768 size=442368B
[FWD-PRE] #446 | Mixed_7a.branch3x3_2.conv                | weight=shape=(320, 192, 3, 3) ptr=20616943813120 size=2211840B
[FWD-POST] #447 | Mixed_7a.branch3x3_2.conv                | out[0]=shape=(4, 320, 5, 5) ptr=20616975328768 size=128000B
[FWD-PRE] #448 | Mixed_7a.branch3x3_2.bn                  | inp[0]=shape=(4, 320, 5, 5) ptr=20616975328768 size=128000B
[FWD-PRE] #448 | Mixed_7a.branch3x3_2.bn                  | weight=shape=(320,) ptr=20616988039168 size=1280B
[FWD-PRE] #448 | Mixed_7a.branch3x3_2.bn                  | bias=shape=(320,) ptr=20616988040704 size=1280B
[FWD-PRE] #448 | Mixed_7a.branch3x3_2.bn                  | running_mean=shape=(320,) ptr=20616988042240 size=1280B
[FWD-PRE] #448 | Mixed_7a.branch3x3_2.bn                  | running_var=shape=(320,) ptr=20616988043776 size=1280B
[FWD-POST] #449 | Mixed_7a.branch3x3_2.bn                  | out[0]=shape=(4, 320, 5, 5) ptr=20617201799680 size=128000B
[FWD-PRE] #450 | relu_relu_71                             | inp[0]=shape=(4, 320, 5, 5) ptr=20617201799680 size=128000B
[FWD-POST] #451 | relu_relu_71                             | out[0]=shape=(4, 320, 5, 5) ptr=20617210188288 size=128000B
[FWD-PRE] #452 | Mixed_7a.branch7x7x3_1.conv              | inp[0]=shape=(4, 768, 12, 12) ptr=20617182773760 size=1769472B
[FWD-PRE] #452 | Mixed_7a.branch7x7x3_1.conv              | weight=shape=(192, 768, 1, 1) ptr=20616991343616 size=589824B
[FWD-POST] #453 | Mixed_7a.branch7x7x3_1.conv              | out[0]=shape=(4, 192, 12, 12) ptr=20617267429888 size=442368B
[FWD-PRE] #454 | Mixed_7a.branch7x7x3_1.bn                | inp[0]=shape=(4, 192, 12, 12) ptr=20617267429888 size=442368B
[FWD-PRE] #454 | Mixed_7a.branch7x7x3_1.bn                | weight=shape=(192,) ptr=20616988045824 size=768B
[FWD-PRE] #454 | Mixed_7a.branch7x7x3_1.bn                | bias=shape=(192,) ptr=20616988046848 size=768B
[FWD-PRE] #454 | Mixed_7a.branch7x7x3_1.bn                | running_mean=shape=(192,) ptr=20616988047872 size=768B
[FWD-PRE] #454 | Mixed_7a.branch7x7x3_1.bn                | running_var=shape=(192,) ptr=20616988048896 size=768B
[FWD-POST] #455 | Mixed_7a.branch7x7x3_1.bn                | out[0]=shape=(4, 192, 12, 12) ptr=20617268315648 size=442368B
[FWD-PRE] #456 | relu_relu_72                             | inp[0]=shape=(4, 192, 12, 12) ptr=20617268315648 size=442368B
[FWD-POST] #457 | relu_relu_72                             | out[0]=shape=(4, 192, 12, 12) ptr=20617269084160 size=442368B
[FWD-PRE] #458 | Mixed_7a.branch7x7x3_2.conv              | inp[0]=shape=(4, 192, 12, 12) ptr=20617269084160 size=442368B
[FWD-PRE] #458 | Mixed_7a.branch7x7x3_2.conv              | weight=shape=(192, 192, 1, 7) ptr=20616992260096 size=1032192B
[FWD-POST] #459 | Mixed_7a.branch7x7x3_2.conv              | out[0]=shape=(4, 192, 12, 12) ptr=20617268315648 size=442368B
[FWD-PRE] #460 | Mixed_7a.branch7x7x3_2.bn                | inp[0]=shape=(4, 192, 12, 12) ptr=20617268315648 size=442368B
[FWD-PRE] #460 | Mixed_7a.branch7x7x3_2.bn                | weight=shape=(192,) ptr=20616988050432 size=768B
[FWD-PRE] #460 | Mixed_7a.branch7x7x3_2.bn                | bias=shape=(192,) ptr=20616988051456 size=768B
[FWD-PRE] #460 | Mixed_7a.branch7x7x3_2.bn                | running_mean=shape=(192,) ptr=20616988052480 size=768B
[FWD-PRE] #460 | Mixed_7a.branch7x7x3_2.bn                | running_var=shape=(192,) ptr=20616988053504 size=768B
[FWD-POST] #461 | Mixed_7a.branch7x7x3_2.bn                | out[0]=shape=(4, 192, 12, 12) ptr=20617269527040 size=442368B
[FWD-PRE] #462 | relu_relu_73                             | inp[0]=shape=(4, 192, 12, 12) ptr=20617269527040 size=442368B
[FWD-POST] #463 | relu_relu_73                             | out[0]=shape=(4, 192, 12, 12) ptr=20617269969920 size=442368B
[FWD-PRE] #464 | Mixed_7a.branch7x7x3_3.conv              | inp[0]=shape=(4, 192, 12, 12) ptr=20617269969920 size=442368B
[FWD-PRE] #464 | Mixed_7a.branch7x7x3_3.conv              | weight=shape=(192, 192, 7, 1) ptr=20616993292800 size=1032192B
[FWD-POST] #465 | Mixed_7a.branch7x7x3_3.conv              | out[0]=shape=(4, 192, 12, 12) ptr=20617269527040 size=442368B
[FWD-PRE] #466 | Mixed_7a.branch7x7x3_3.bn                | inp[0]=shape=(4, 192, 12, 12) ptr=20617269527040 size=442368B
[FWD-PRE] #466 | Mixed_7a.branch7x7x3_3.bn                | weight=shape=(192,) ptr=20616988055040 size=768B
[FWD-PRE] #466 | Mixed_7a.branch7x7x3_3.bn                | bias=shape=(192,) ptr=20616988056064 size=768B
[FWD-PRE] #466 | Mixed_7a.branch7x7x3_3.bn                | running_mean=shape=(192,) ptr=20616988057088 size=768B
[FWD-PRE] #466 | Mixed_7a.branch7x7x3_3.bn                | running_var=shape=(192,) ptr=20616988058112 size=768B
[FWD-POST] #467 | Mixed_7a.branch7x7x3_3.bn                | out[0]=shape=(4, 192, 12, 12) ptr=20617270412800 size=442368B
[FWD-PRE] #468 | relu_relu_74                             | inp[0]=shape=(4, 192, 12, 12) ptr=20617270412800 size=442368B
[FWD-POST] #469 | relu_relu_74                             | out[0]=shape=(4, 192, 12, 12) ptr=20617271181312 size=442368B
[FWD-PRE] #470 | Mixed_7a.branch7x7x3_4.conv              | inp[0]=shape=(4, 192, 12, 12) ptr=20617271181312 size=442368B
[FWD-PRE] #470 | Mixed_7a.branch7x7x3_4.conv              | weight=shape=(192, 192, 3, 3) ptr=20616946025472 size=1327104B
[FWD-POST] #471 | Mixed_7a.branch7x7x3_4.conv              | out[0]=shape=(4, 192, 5, 5) ptr=20616964900864 size=76800B
[FWD-PRE] #472 | Mixed_7a.branch7x7x3_4.bn                | inp[0]=shape=(4, 192, 5, 5) ptr=20616964900864 size=76800B
[FWD-PRE] #472 | Mixed_7a.branch7x7x3_4.bn                | weight=shape=(192,) ptr=20616988059648 size=768B
[FWD-PRE] #472 | Mixed_7a.branch7x7x3_4.bn                | bias=shape=(192,) ptr=20616988060672 size=768B
[FWD-PRE] #472 | Mixed_7a.branch7x7x3_4.bn                | running_mean=shape=(192,) ptr=20616988061696 size=768B
[FWD-PRE] #472 | Mixed_7a.branch7x7x3_4.bn                | running_var=shape=(192,) ptr=20616988062720 size=768B
[FWD-POST] #473 | Mixed_7a.branch7x7x3_4.bn                | out[0]=shape=(4, 192, 5, 5) ptr=20616962800128 size=76800B
[FWD-PRE] #474 | relu_relu_75                             | inp[0]=shape=(4, 192, 5, 5) ptr=20616962800128 size=76800B
[FWD-POST] #475 | relu_relu_75                             | out[0]=shape=(4, 192, 5, 5) ptr=20617235426816 size=76800B
[FWD-POST] #477 | cat_cat_8                                | out[0]=shape=(4, 1280, 5, 5) ptr=20617270412800 size=512000B
[FWD-PRE] #478 | Mixed_7b.branch1x1.conv                  | inp[0]=shape=(4, 1280, 5, 5) ptr=20617270412800 size=512000B
[FWD-PRE] #478 | Mixed_7b.branch1x1.conv                  | weight=shape=(320, 1280, 1, 1) ptr=20616947353088 size=1638400B
[FWD-POST] #479 | Mixed_7b.branch1x1.conv                  | out[0]=shape=(4, 320, 5, 5) ptr=20617201799680 size=128000B
[FWD-PRE] #480 | Mixed_7b.branch1x1.bn                    | inp[0]=shape=(4, 320, 5, 5) ptr=20617201799680 size=128000B
[FWD-PRE] #480 | Mixed_7b.branch1x1.bn                    | weight=shape=(320,) ptr=20616988064256 size=1280B
[FWD-PRE] #480 | Mixed_7b.branch1x1.bn                    | bias=shape=(320,) ptr=20616990131200 size=1280B
[FWD-PRE] #480 | Mixed_7b.branch1x1.bn                    | running_mean=shape=(320,) ptr=20616990132736 size=1280B
[FWD-PRE] #480 | Mixed_7b.branch1x1.bn                    | running_var=shape=(320,) ptr=20616990134272 size=1280B
[FWD-POST] #481 | Mixed_7b.branch1x1.bn                    | out[0]=shape=(4, 320, 5, 5) ptr=20617212285440 size=128000B
[FWD-PRE] #482 | relu_relu_76                             | inp[0]=shape=(4, 320, 5, 5) ptr=20617212285440 size=128000B
[FWD-POST] #483 | relu_relu_76                             | out[0]=shape=(4, 320, 5, 5) ptr=20617220674048 size=128000B
[FWD-PRE] #484 | Mixed_7b.branch3x3_1.conv                | inp[0]=shape=(4, 1280, 5, 5) ptr=20617270412800 size=512000B
[FWD-PRE] #484 | Mixed_7b.branch3x3_1.conv                | weight=shape=(384, 1280, 1, 1) ptr=20616948992000 size=1966080B
[FWD-POST] #485 | Mixed_7b.branch3x3_1.conv                | out[0]=shape=(4, 384, 5, 5) ptr=20617212285440 size=153600B
[FWD-PRE] #486 | Mixed_7b.branch3x3_1.bn                  | inp[0]=shape=(4, 384, 5, 5) ptr=20617212285440 size=153600B
[FWD-PRE] #486 | Mixed_7b.branch3x3_1.bn                  | weight=shape=(384,) ptr=20616990136320 size=1536B
[FWD-PRE] #486 | Mixed_7b.branch3x3_1.bn                  | bias=shape=(384,) ptr=20616990138368 size=1536B
[FWD-PRE] #486 | Mixed_7b.branch3x3_1.bn                  | running_mean=shape=(384,) ptr=20616990140416 size=1536B
[FWD-PRE] #486 | Mixed_7b.branch3x3_1.bn                  | running_var=shape=(384,) ptr=20616990142464 size=1536B
[FWD-POST] #487 | Mixed_7b.branch3x3_1.bn                  | out[0]=shape=(4, 384, 5, 5) ptr=20617222771200 size=153600B
[FWD-PRE] #488 | relu_relu_77                             | inp[0]=shape=(4, 384, 5, 5) ptr=20617222771200 size=153600B
[FWD-POST] #489 | relu_relu_77                             | out[0]=shape=(4, 384, 5, 5) ptr=20617205993472 size=153600B
[FWD-PRE] #490 | Mixed_7b.branch3x3_2a.conv               | inp[0]=shape=(4, 384, 5, 5) ptr=20617205993472 size=153600B
[FWD-PRE] #490 | Mixed_7b.branch3x3_2a.conv               | weight=shape=(384, 384, 1, 3) ptr=20616950958592 size=1769472B
[FWD-POST] #491 | Mixed_7b.branch3x3_2a.conv               | out[0]=shape=(4, 384, 5, 5) ptr=20617222771200 size=153600B
[FWD-PRE] #492 | Mixed_7b.branch3x3_2a.bn                 | inp[0]=shape=(4, 384, 5, 5) ptr=20617222771200 size=153600B
[FWD-PRE] #492 | Mixed_7b.branch3x3_2a.bn                 | weight=shape=(384,) ptr=20616990145024 size=1536B
[FWD-PRE] #492 | Mixed_7b.branch3x3_2a.bn                 | bias=shape=(384,) ptr=20616990147072 size=1536B
[FWD-PRE] #492 | Mixed_7b.branch3x3_2a.bn                 | running_mean=shape=(384,) ptr=20616990149120 size=1536B
[FWD-PRE] #492 | Mixed_7b.branch3x3_2a.bn                 | running_var=shape=(384,) ptr=20616990151168 size=1536B
[FWD-POST] #493 | Mixed_7b.branch3x3_2a.bn                 | out[0]=shape=(4, 384, 5, 5) ptr=20617208090624 size=153600B
[FWD-PRE] #494 | relu_relu_78                             | inp[0]=shape=(4, 384, 5, 5) ptr=20617208090624 size=153600B
[FWD-POST] #495 | relu_relu_78                             | out[0]=shape=(4, 384, 5, 5) ptr=20617214382080 size=153600B
[FWD-PRE] #496 | Mixed_7b.branch3x3_2b.conv               | inp[0]=shape=(4, 384, 5, 5) ptr=20617205993472 size=153600B
[FWD-PRE] #496 | Mixed_7b.branch3x3_2b.conv               | weight=shape=(384, 384, 3, 1) ptr=20616952728576 size=1769472B
[FWD-POST] #497 | Mixed_7b.branch3x3_2b.conv               | out[0]=shape=(4, 384, 5, 5) ptr=20617208090624 size=153600B
[FWD-PRE] #498 | Mixed_7b.branch3x3_2b.bn                 | inp[0]=shape=(4, 384, 5, 5) ptr=20617208090624 size=153600B
[FWD-PRE] #498 | Mixed_7b.branch3x3_2b.bn                 | weight=shape=(384,) ptr=20616990153728 size=1536B
[FWD-PRE] #498 | Mixed_7b.branch3x3_2b.bn                 | bias=shape=(384,) ptr=20616990155776 size=1536B
[FWD-PRE] #498 | Mixed_7b.branch3x3_2b.bn                 | running_mean=shape=(384,) ptr=20616990157824 size=1536B
[FWD-PRE] #498 | Mixed_7b.branch3x3_2b.bn                 | running_var=shape=(384,) ptr=20616990159872 size=1536B
[FWD-POST] #499 | Mixed_7b.branch3x3_2b.bn                 | out[0]=shape=(4, 384, 5, 5) ptr=20617224867840 size=153600B
[FWD-PRE] #500 | relu_relu_79                             | inp[0]=shape=(4, 384, 5, 5) ptr=20617224867840 size=153600B
[FWD-POST] #501 | relu_relu_79                             | out[0]=shape=(4, 384, 5, 5) ptr=20617245837824 size=153600B
[FWD-POST] #503 | cat_cat_9                                | out[0]=shape=(4, 768, 5, 5) ptr=20617258272768 size=307200B
[FWD-PRE] #504 | Mixed_7b.branch3x3dbl_1.conv             | inp[0]=shape=(4, 1280, 5, 5) ptr=20617270412800 size=512000B
[FWD-PRE] #504 | Mixed_7b.branch3x3dbl_1.conv             | weight=shape=(448, 1280, 1, 1) ptr=20616954498560 size=2293760B
[FWD-POST] #505 | Mixed_7b.branch3x3dbl_1.conv             | out[0]=shape=(4, 448, 5, 5) ptr=20617233207296 size=179200B
[FWD-PRE] #506 | Mixed_7b.branch3x3dbl_1.bn               | inp[0]=shape=(4, 448, 5, 5) ptr=20617233207296 size=179200B
[FWD-PRE] #506 | Mixed_7b.branch3x3dbl_1.bn               | weight=shape=(448,) ptr=20616994325504 size=1792B
[FWD-PRE] #506 | Mixed_7b.branch3x3dbl_1.bn               | bias=shape=(448,) ptr=20616994327552 size=1792B
[FWD-PRE] #506 | Mixed_7b.branch3x3dbl_1.bn               | running_mean=shape=(448,) ptr=20616994329600 size=1792B
[FWD-PRE] #506 | Mixed_7b.branch3x3dbl_1.bn               | running_var=shape=(448,) ptr=20616994331648 size=1792B
[FWD-POST] #507 | Mixed_7b.branch3x3dbl_1.bn               | out[0]=shape=(4, 448, 5, 5) ptr=20617226889728 size=179200B
[FWD-PRE] #508 | relu_relu_80                             | inp[0]=shape=(4, 448, 5, 5) ptr=20617226889728 size=179200B
[FWD-POST] #509 | relu_relu_80                             | out[0]=shape=(4, 448, 5, 5) ptr=20617270925312 size=179200B
[FWD-PRE] #510 | Mixed_7b.branch3x3dbl_2.conv             | inp[0]=shape=(4, 448, 5, 5) ptr=20617270925312 size=179200B
[FWD-PRE] #510 | Mixed_7b.branch3x3dbl_2.conv             | weight=shape=(384, 448, 3, 3) ptr=20616994357248 size=6193152B
[FWD-POST] #511 | Mixed_7b.branch3x3dbl_2.conv             | out[0]=shape=(4, 384, 5, 5) ptr=20617224867840 size=153600B
[FWD-PRE] #512 | Mixed_7b.branch3x3dbl_2.bn               | inp[0]=shape=(4, 384, 5, 5) ptr=20617224867840 size=153600B
[FWD-PRE] #512 | Mixed_7b.branch3x3dbl_2.bn               | weight=shape=(384,) ptr=20616994333696 size=1536B
[FWD-PRE] #512 | Mixed_7b.branch3x3dbl_2.bn               | bias=shape=(384,) ptr=20616994335744 size=1536B
[FWD-PRE] #512 | Mixed_7b.branch3x3dbl_2.bn               | running_mean=shape=(384,) ptr=20616994337792 size=1536B
[FWD-PRE] #512 | Mixed_7b.branch3x3dbl_2.bn               | running_var=shape=(384,) ptr=20616994339840 size=1536B
[FWD-POST] #513 | Mixed_7b.branch3x3dbl_2.bn               | out[0]=shape=(4, 384, 5, 5) ptr=20617254226432 size=153600B
[FWD-PRE] #514 | relu_relu_81                             | inp[0]=shape=(4, 384, 5, 5) ptr=20617254226432 size=153600B
[FWD-POST] #515 | relu_relu_81                             | out[0]=shape=(4, 384, 5, 5) ptr=20617226889728 size=153600B
[FWD-PRE] #516 | Mixed_7b.branch3x3dbl_3a.conv            | inp[0]=shape=(4, 384, 5, 5) ptr=20617226889728 size=153600B
[FWD-PRE] #516 | Mixed_7b.branch3x3dbl_3a.conv            | weight=shape=(384, 384, 1, 3) ptr=20616956792832 size=1769472B
[FWD-POST] #517 | Mixed_7b.branch3x3dbl_3a.conv            | out[0]=shape=(4, 384, 5, 5) ptr=20617254226432 size=153600B
[FWD-PRE] #518 | Mixed_7b.branch3x3dbl_3a.bn              | inp[0]=shape=(4, 384, 5, 5) ptr=20617254226432 size=153600B
[FWD-PRE] #518 | Mixed_7b.branch3x3dbl_3a.bn              | weight=shape=(384,) ptr=20616994342400 size=1536B
[FWD-PRE] #518 | Mixed_7b.branch3x3dbl_3a.bn              | bias=shape=(384,) ptr=20616994344448 size=1536B
[FWD-PRE] #518 | Mixed_7b.branch3x3dbl_3a.bn              | running_mean=shape=(384,) ptr=20616994346496 size=1536B
[FWD-PRE] #518 | Mixed_7b.branch3x3dbl_3a.bn              | running_var=shape=(384,) ptr=20616994348544 size=1536B
[FWD-POST] #519 | Mixed_7b.branch3x3dbl_3a.bn              | out[0]=shape=(4, 384, 5, 5) ptr=20617260369920 size=153600B
[FWD-PRE] #520 | relu_relu_82                             | inp[0]=shape=(4, 384, 5, 5) ptr=20617260369920 size=153600B
[FWD-POST] #521 | relu_relu_82                             | out[0]=shape=(4, 384, 5, 5) ptr=20617260524032 size=153600B
[FWD-PRE] #522 | Mixed_7b.branch3x3dbl_3b.conv            | inp[0]=shape=(4, 384, 5, 5) ptr=20617226889728 size=153600B
[FWD-PRE] #522 | Mixed_7b.branch3x3dbl_3b.conv            | weight=shape=(384, 384, 3, 1) ptr=20616958562816 size=1769472B
[FWD-POST] #523 | Mixed_7b.branch3x3dbl_3b.conv            | out[0]=shape=(4, 384, 5, 5) ptr=20617260369920 size=153600B
[FWD-PRE] #524 | Mixed_7b.branch3x3dbl_3b.bn              | inp[0]=shape=(4, 384, 5, 5) ptr=20617260369920 size=153600B
[FWD-PRE] #524 | Mixed_7b.branch3x3dbl_3b.bn              | weight=shape=(384,) ptr=20616994351104 size=1536B
[FWD-PRE] #524 | Mixed_7b.branch3x3dbl_3b.bn              | bias=shape=(384,) ptr=20616994353152 size=1536B
[FWD-PRE] #524 | Mixed_7b.branch3x3dbl_3b.bn              | running_mean=shape=(384,) ptr=20616994355200 size=1536B
[FWD-PRE] #524 | Mixed_7b.branch3x3dbl_3b.bn              | running_var=shape=(384,) ptr=20616973339136 size=1536B
[FWD-POST] #525 | Mixed_7b.branch3x3dbl_3b.bn              | out[0]=shape=(4, 384, 5, 5) ptr=20617262467072 size=153600B
[FWD-PRE] #526 | relu_relu_83                             | inp[0]=shape=(4, 384, 5, 5) ptr=20617262467072 size=153600B
[FWD-POST] #527 | relu_relu_83                             | out[0]=shape=(4, 384, 5, 5) ptr=20617262621184 size=153600B
[FWD-POST] #529 | cat_cat_10                               | out[0]=shape=(4, 768, 5, 5) ptr=20617264564224 size=307200B
[FWD-PRE] #530 | Mixed_7b.branch_pool.conv                | inp[0]=shape=(4, 1280, 5, 5) ptr=20617271624192 size=512000B
[FWD-PRE] #530 | Mixed_7b.branch_pool.conv                | weight=shape=(192, 1280, 1, 1) ptr=20617015328768 size=983040B
[FWD-POST] #531 | Mixed_7b.branch_pool.conv                | out[0]=shape=(4, 192, 5, 5) ptr=20617227043840 size=76800B
[FWD-PRE] #532 | Mixed_7b.branch_pool.bn                  | inp[0]=shape=(4, 192, 5, 5) ptr=20617227043840 size=76800B
[FWD-PRE] #532 | Mixed_7b.branch_pool.bn                  | weight=shape=(192,) ptr=20616973341696 size=768B
[FWD-PRE] #532 | Mixed_7b.branch_pool.bn                  | bias=shape=(192,) ptr=20616973342720 size=768B
[FWD-PRE] #532 | Mixed_7b.branch_pool.bn                  | running_mean=shape=(192,) ptr=20616973343744 size=768B
[FWD-PRE] #532 | Mixed_7b.branch_pool.bn                  | running_var=shape=(192,) ptr=20616973344768 size=768B
[FWD-POST] #533 | Mixed_7b.branch_pool.bn                  | out[0]=shape=(4, 192, 5, 5) ptr=20616962800128 size=76800B
[FWD-PRE] #534 | relu_relu_84                             | inp[0]=shape=(4, 192, 5, 5) ptr=20616962800128 size=76800B
[FWD-POST] #535 | relu_relu_84                             | out[0]=shape=(4, 192, 5, 5) ptr=20617237523968 size=76800B
[FWD-POST] #537 | cat_cat_11                               | out[0]=shape=(4, 2048, 5, 5) ptr=20617272136704 size=819200B
[FWD-PRE] #538 | Mixed_7c.branch1x1.conv                  | inp[0]=shape=(4, 2048, 5, 5) ptr=20617272136704 size=819200B
[FWD-PRE] #538 | Mixed_7c.branch1x1.conv                  | weight=shape=(320, 2048, 1, 1) ptr=20617000550912 size=2621440B
[FWD-POST] #539 | Mixed_7c.branch1x1.conv                  | out[0]=shape=(4, 320, 5, 5) ptr=20617262467072 size=128000B
[FWD-PRE] #540 | Mixed_7c.branch1x1.bn                    | inp[0]=shape=(4, 320, 5, 5) ptr=20617262467072 size=128000B
[FWD-PRE] #540 | Mixed_7c.branch1x1.bn                    | weight=shape=(320,) ptr=20616973346304 size=1280B
[FWD-PRE] #540 | Mixed_7c.branch1x1.bn                    | bias=shape=(320,) ptr=20616973347840 size=1280B
[FWD-PRE] #540 | Mixed_7c.branch1x1.bn                    | running_mean=shape=(320,) ptr=20616973349376 size=1280B
[FWD-PRE] #540 | Mixed_7c.branch1x1.bn                    | running_var=shape=(320,) ptr=20616973350912 size=1280B
[FWD-POST] #541 | Mixed_7c.branch1x1.bn                    | out[0]=shape=(4, 320, 5, 5) ptr=20617272956416 size=128000B
[FWD-PRE] #542 | relu_relu_85                             | inp[0]=shape=(4, 320, 5, 5) ptr=20617272956416 size=128000B
[FWD-POST] #543 | relu_relu_85                             | out[0]=shape=(4, 320, 5, 5) ptr=20617273084928 size=128000B
[FWD-PRE] #544 | Mixed_7c.branch3x3_1.conv                | inp[0]=shape=(4, 2048, 5, 5) ptr=20617272136704 size=819200B
[FWD-PRE] #544 | Mixed_7c.branch3x3_1.conv                | weight=shape=(384, 2048, 1, 1) ptr=20617003172864 size=3145728B
[FWD-POST] #545 | Mixed_7c.branch3x3_1.conv                | out[0]=shape=(4, 384, 5, 5) ptr=20617258272768 size=153600B
[FWD-PRE] #546 | Mixed_7c.branch3x3_1.bn                  | inp[0]=shape=(4, 384, 5, 5) ptr=20617258272768 size=153600B
[FWD-PRE] #546 | Mixed_7c.branch3x3_1.bn                  | weight=shape=(384,) ptr=20616973352960 size=1536B
[FWD-PRE] #546 | Mixed_7c.branch3x3_1.bn                  | bias=shape=(384,) ptr=20616973355008 size=1536B
[FWD-PRE] #546 | Mixed_7c.branch3x3_1.bn                  | running_mean=shape=(384,) ptr=20616973357056 size=1536B
[FWD-PRE] #546 | Mixed_7c.branch3x3_1.bn                  | running_var=shape=(384,) ptr=20616973359104 size=1536B
[FWD-POST] #547 | Mixed_7c.branch3x3_1.bn                  | out[0]=shape=(4, 384, 5, 5) ptr=20617258426880 size=153600B
[FWD-PRE] #548 | relu_relu_86                             | inp[0]=shape=(4, 384, 5, 5) ptr=20617258426880 size=153600B
[FWD-POST] #549 | relu_relu_86                             | out[0]=shape=(4, 384, 5, 5) ptr=20617264564224 size=153600B
[FWD-PRE] #550 | Mixed_7c.branch3x3_2a.conv               | inp[0]=shape=(4, 384, 5, 5) ptr=20617264564224 size=153600B
[FWD-PRE] #550 | Mixed_7c.branch3x3_2a.conv               | weight=shape=(384, 384, 1, 3) ptr=20617006319104 size=1769472B
[FWD-POST] #551 | Mixed_7c.branch3x3_2a.conv               | out[0]=shape=(4, 384, 5, 5) ptr=20617258426880 size=153600B
[FWD-PRE] #552 | Mixed_7c.branch3x3_2a.bn                 | inp[0]=shape=(4, 384, 5, 5) ptr=20617258426880 size=153600B
[FWD-PRE] #552 | Mixed_7c.branch3x3_2a.bn                 | weight=shape=(384,) ptr=20616973361664 size=1536B
[FWD-PRE] #552 | Mixed_7c.branch3x3_2a.bn                 | bias=shape=(384,) ptr=20616973363712 size=1536B
[FWD-PRE] #552 | Mixed_7c.branch3x3_2a.bn                 | running_mean=shape=(384,) ptr=20616973365760 size=1536B
[FWD-PRE] #552 | Mixed_7c.branch3x3_2a.bn                 | running_var=shape=(384,) ptr=20616973367808 size=1536B
[FWD-POST] #553 | Mixed_7c.branch3x3_2a.bn                 | out[0]=shape=(4, 384, 5, 5) ptr=20617264718336 size=153600B
[FWD-PRE] #554 | relu_relu_87                             | inp[0]=shape=(4, 384, 5, 5) ptr=20617264718336 size=153600B
[FWD-POST] #555 | relu_relu_87                             | out[0]=shape=(4, 384, 5, 5) ptr=20617266661376 size=153600B
[FWD-PRE] #556 | Mixed_7c.branch3x3_2b.conv               | inp[0]=shape=(4, 384, 5, 5) ptr=20617264564224 size=153600B
[FWD-PRE] #556 | Mixed_7c.branch3x3_2b.conv               | weight=shape=(384, 384, 3, 1) ptr=20617008089088 size=1769472B
[FWD-POST] #557 | Mixed_7c.branch3x3_2b.conv               | out[0]=shape=(4, 384, 5, 5) ptr=20617264718336 size=153600B
[FWD-PRE] #558 | Mixed_7c.branch3x3_2b.bn                 | inp[0]=shape=(4, 384, 5, 5) ptr=20617264718336 size=153600B
[FWD-PRE] #558 | Mixed_7c.branch3x3_2b.bn                 | weight=shape=(384,) ptr=20616973370368 size=1536B
[FWD-PRE] #558 | Mixed_7c.branch3x3_2b.bn                 | bias=shape=(384,) ptr=20616973372416 size=1536B
[FWD-PRE] #558 | Mixed_7c.branch3x3_2b.bn                 | running_mean=shape=(384,) ptr=20616973374464 size=1536B
[FWD-PRE] #558 | Mixed_7c.branch3x3_2b.bn                 | running_var=shape=(384,) ptr=20616973376512 size=1536B
[FWD-POST] #559 | Mixed_7c.branch3x3_2b.bn                 | out[0]=shape=(4, 384, 5, 5) ptr=20617266815488 size=153600B
[FWD-PRE] #560 | relu_relu_88                             | inp[0]=shape=(4, 384, 5, 5) ptr=20617266815488 size=153600B
[FWD-POST] #561 | relu_relu_88                             | out[0]=shape=(4, 384, 5, 5) ptr=20617268758528 size=153600B
[FWD-POST] #563 | cat_cat_12                               | out[0]=shape=(4, 768, 5, 5) ptr=20617256101888 size=307200B
[FWD-PRE] #564 | Mixed_7c.branch3x3dbl_1.conv             | inp[0]=shape=(4, 2048, 5, 5) ptr=20617272136704 size=819200B
[FWD-PRE] #564 | Mixed_7c.branch3x3dbl_1.conv             | weight=shape=(448, 2048, 1, 1) ptr=20617009859072 size=3670016B
[FWD-POST] #565 | Mixed_7c.branch3x3dbl_1.conv             | out[0]=shape=(4, 448, 5, 5) ptr=20617273278464 size=179200B
[FWD-PRE] #566 | Mixed_7c.branch3x3dbl_1.bn               | inp[0]=shape=(4, 448, 5, 5) ptr=20617273278464 size=179200B
[FWD-PRE] #566 | Mixed_7c.branch3x3dbl_1.bn               | weight=shape=(448,) ptr=20616973379072 size=1792B
[FWD-PRE] #566 | Mixed_7c.branch3x3dbl_1.bn               | bias=shape=(448,) ptr=20616973381120 size=1792B
[FWD-PRE] #566 | Mixed_7c.branch3x3dbl_1.bn               | running_mean=shape=(448,) ptr=20616973383168 size=1792B
[FWD-PRE] #566 | Mixed_7c.branch3x3dbl_1.bn               | running_var=shape=(448,) ptr=20616979604992 size=1792B
[FWD-POST] #567 | Mixed_7c.branch3x3dbl_1.bn               | out[0]=shape=(4, 448, 5, 5) ptr=20617273458176 size=179200B
[FWD-PRE] #568 | relu_relu_89                             | inp[0]=shape=(4, 448, 5, 5) ptr=20617273458176 size=179200B
[FWD-POST] #569 | relu_relu_89                             | out[0]=shape=(4, 448, 5, 5) ptr=20617273637888 size=179200B
[FWD-PRE] #570 | Mixed_7c.branch3x3dbl_2.conv             | inp[0]=shape=(4, 448, 5, 5) ptr=20617273637888 size=179200B
[FWD-PRE] #570 | Mixed_7c.branch3x3dbl_2.conv             | weight=shape=(384, 448, 3, 3) ptr=20617017425920 size=6193152B
[FWD-POST] #571 | Mixed_7c.branch3x3dbl_2.conv             | out[0]=shape=(4, 384, 5, 5) ptr=20617266815488 size=153600B
[FWD-PRE] #572 | Mixed_7c.branch3x3dbl_2.bn               | inp[0]=shape=(4, 384, 5, 5) ptr=20617266815488 size=153600B
[FWD-PRE] #572 | Mixed_7c.branch3x3dbl_2.bn               | weight=shape=(384,) ptr=20616979607040 size=1536B
[FWD-PRE] #572 | Mixed_7c.branch3x3dbl_2.bn               | bias=shape=(384,) ptr=20616979609088 size=1536B
[FWD-PRE] #572 | Mixed_7c.branch3x3dbl_2.bn               | running_mean=shape=(384,) ptr=20616979611136 size=1536B
[FWD-PRE] #572 | Mixed_7c.branch3x3dbl_2.bn               | running_var=shape=(384,) ptr=20616979613184 size=1536B
[FWD-POST] #573 | Mixed_7c.branch3x3dbl_2.bn               | out[0]=shape=(4, 384, 5, 5) ptr=20617268912640 size=153600B
[FWD-PRE] #574 | relu_relu_90                             | inp[0]=shape=(4, 384, 5, 5) ptr=20617268912640 size=153600B
[FWD-POST] #575 | relu_relu_90                             | out[0]=shape=(4, 384, 5, 5) ptr=20617273458176 size=153600B
[FWD-PRE] #576 | Mixed_7c.branch3x3dbl_3a.conv            | inp[0]=shape=(4, 384, 5, 5) ptr=20617273458176 size=153600B
[FWD-PRE] #576 | Mixed_7c.branch3x3dbl_3a.conv            | weight=shape=(384, 384, 1, 3) ptr=20617013529600 size=1769472B
[FWD-POST] #577 | Mixed_7c.branch3x3dbl_3a.conv            | out[0]=shape=(4, 384, 5, 5) ptr=20617268912640 size=153600B
[FWD-PRE] #578 | Mixed_7c.branch3x3dbl_3a.bn              | inp[0]=shape=(4, 384, 5, 5) ptr=20617268912640 size=153600B
[FWD-PRE] #578 | Mixed_7c.branch3x3dbl_3a.bn              | weight=shape=(384,) ptr=20616979615744 size=1536B
[FWD-PRE] #578 | Mixed_7c.branch3x3dbl_3a.bn              | bias=shape=(384,) ptr=20616979617792 size=1536B
[FWD-PRE] #578 | Mixed_7c.branch3x3dbl_3a.bn              | running_mean=shape=(384,) ptr=20616979619840 size=1536B
[FWD-PRE] #578 | Mixed_7c.branch3x3dbl_3a.bn              | running_var=shape=(384,) ptr=20616979621888 size=1536B
[FWD-POST] #579 | Mixed_7c.branch3x3dbl_3a.bn              | out[0]=shape=(4, 384, 5, 5) ptr=20617273817600 size=153600B
[FWD-PRE] #580 | relu_relu_91                             | inp[0]=shape=(4, 384, 5, 5) ptr=20617273817600 size=153600B
[FWD-POST] #581 | relu_relu_91                             | out[0]=shape=(4, 384, 5, 5) ptr=20617273971712 size=153600B
[FWD-PRE] #582 | Mixed_7c.branch3x3dbl_3b.conv            | inp[0]=shape=(4, 384, 5, 5) ptr=20617273458176 size=153600B
[FWD-PRE] #582 | Mixed_7c.branch3x3dbl_3b.conv            | weight=shape=(384, 384, 3, 1) ptr=20617023619584 size=1769472B
[FWD-POST] #583 | Mixed_7c.branch3x3dbl_3b.conv            | out[0]=shape=(4, 384, 5, 5) ptr=20617273817600 size=153600B
[FWD-PRE] #584 | Mixed_7c.branch3x3dbl_3b.bn              | inp[0]=shape=(4, 384, 5, 5) ptr=20617273817600 size=153600B
[FWD-PRE] #584 | Mixed_7c.branch3x3dbl_3b.bn              | weight=shape=(384,) ptr=20616979624448 size=1536B
[FWD-PRE] #584 | Mixed_7c.branch3x3dbl_3b.bn              | bias=shape=(384,) ptr=20616979626496 size=1536B
[FWD-PRE] #584 | Mixed_7c.branch3x3dbl_3b.bn              | running_mean=shape=(384,) ptr=20616979628544 size=1536B
[FWD-PRE] #584 | Mixed_7c.branch3x3dbl_3b.bn              | running_var=shape=(384,) ptr=20616979630592 size=1536B
[FWD-POST] #585 | Mixed_7c.branch3x3dbl_3b.bn              | out[0]=shape=(4, 384, 5, 5) ptr=20617274125824 size=153600B
[FWD-PRE] #586 | relu_relu_92                             | inp[0]=shape=(4, 384, 5, 5) ptr=20617274125824 size=153600B
[FWD-POST] #587 | relu_relu_92                             | out[0]=shape=(4, 384, 5, 5) ptr=20617274279936 size=153600B
[FWD-POST] #589 | cat_cat_13                               | out[0]=shape=(4, 768, 5, 5) ptr=20617274434048 size=307200B
[FWD-PRE] #590 | Mixed_7c.branch_pool.conv                | inp[0]=shape=(4, 2048, 5, 5) ptr=20617275375616 size=819200B
[FWD-PRE] #590 | Mixed_7c.branch_pool.conv                | weight=shape=(192, 2048, 1, 1) ptr=20617025389568 size=1572864B
[FWD-POST] #591 | Mixed_7c.branch_pool.conv                | out[0]=shape=(4, 192, 5, 5) ptr=20617256409600 size=76800B
[FWD-PRE] #592 | Mixed_7c.branch_pool.bn                  | inp[0]=shape=(4, 192, 5, 5) ptr=20617256409600 size=76800B
[FWD-PRE] #592 | Mixed_7c.branch_pool.bn                  | weight=shape=(192,) ptr=20616979633152 size=768B
[FWD-PRE] #592 | Mixed_7c.branch_pool.bn                  | bias=shape=(192,) ptr=20616979634176 size=768B
[FWD-PRE] #592 | Mixed_7c.branch_pool.bn                  | running_mean=shape=(192,) ptr=20616979635200 size=768B
[FWD-PRE] #592 | Mixed_7c.branch_pool.bn                  | running_var=shape=(192,) ptr=20616979636224 size=768B
[FWD-POST] #593 | Mixed_7c.branch_pool.bn                  | out[0]=shape=(4, 192, 5, 5) ptr=20616962800128 size=76800B
[FWD-PRE] #594 | relu_relu_93                             | inp[0]=shape=(4, 192, 5, 5) ptr=20616962800128 size=76800B
[FWD-POST] #595 | relu_relu_93                             | out[0]=shape=(4, 192, 5, 5) ptr=20617243814400 size=76800B
[FWD-POST] #597 | cat_cat_14                               | out[0]=shape=(4, 2048, 5, 5) ptr=20617276195328 size=819200B
[FWD-PRE] #598 | avgpool                                  | inp[0]=shape=(4, 2048, 5, 5) ptr=20617276195328 size=819200B
[FWD-POST] #599 | avgpool                                  | out[0]=shape=(4, 2048, 1, 1) ptr=20616981735424 size=32768B
[FWD-PRE] #600 | dropout                                  | inp[0]=shape=(4, 2048, 1, 1) ptr=20616981735424 size=32768B
[FWD-POST] #601 | dropout                                  | out[0]=shape=(4, 2048, 1, 1) ptr=20617233387008 size=32768B
[FWD-PRE] #602 | fc                                       | inp[0]=shape=(4, 2048) ptr=20617233387008 size=32768B
[FWD-PRE] #602 | fc                                       | weight=shape=(1000, 2048) ptr=20617026962944 size=8192000B
[FWD-PRE] #602 | fc                                       | bias=shape=(1000,) ptr=20616979637760 size=4000B
[FWD-POST] #603 | fc                                       | out[0]=shape=(4, 1000) ptr=20617264872448 size=16000B
[BWD] #603 | fc                                       | out[0]_grad_shape=(4, 1000) grad_mean=0.000000
[BWD] #601 | dropout                                  | out[0]_grad_shape=(4, 2048, 1, 1) grad_mean=0.001101
[BWD] #599 | avgpool                                  | out[0]_grad_shape=(4, 2048, 1, 1) grad_mean=0.002452
[BWD] #597 | cat_cat_14                               | out[0]_grad_shape=(4, 2048, 5, 5) grad_mean=0.000098
[BWD] #595 | relu_relu_93                             | out[0]_grad_shape=(4, 192, 5, 5) grad_mean=0.000066
[BWD] #593 | Mixed_7c.branch_pool.bn                  | out[0]_grad_shape=(4, 192, 5, 5) grad_mean=0.000029
[BWD] #591 | Mixed_7c.branch_pool.conv                | out[0]_grad_shape=(4, 192, 5, 5) grad_mean=0.000000
[BWD] #589 | cat_cat_13                               | out[0]_grad_shape=(4, 768, 5, 5) grad_mean=0.000086
[BWD] #587 | relu_relu_92                             | out[0]_grad_shape=(4, 384, 5, 5) grad_mean=0.000106
[BWD] #585 | Mixed_7c.branch3x3dbl_3b.bn              | out[0]_grad_shape=(4, 384, 5, 5) grad_mean=0.000058
[BWD] #583 | Mixed_7c.branch3x3dbl_3b.conv            | out[0]_grad_shape=(4, 384, 5, 5) grad_mean=-0.000000
[BWD] #581 | relu_relu_91                             | out[0]_grad_shape=(4, 384, 5, 5) grad_mean=0.000066
[BWD] #579 | Mixed_7c.branch3x3dbl_3a.bn              | out[0]_grad_shape=(4, 384, 5, 5) grad_mean=0.000033
[BWD] #577 | Mixed_7c.branch3x3dbl_3a.conv            | out[0]_grad_shape=(4, 384, 5, 5) grad_mean=0.000000
[BWD] #575 | relu_relu_90                             | out[0]_grad_shape=(4, 384, 5, 5) grad_mean=-0.000003
[BWD] #573 | Mixed_7c.branch3x3dbl_2.bn               | out[0]_grad_shape=(4, 384, 5, 5) grad_mean=-0.000001
[BWD] #571 | Mixed_7c.branch3x3dbl_2.conv             | out[0]_grad_shape=(4, 384, 5, 5) grad_mean=-0.000000
[BWD] #569 | relu_relu_89                             | out[0]_grad_shape=(4, 448, 5, 5) grad_mean=0.000000
[BWD] #567 | Mixed_7c.branch3x3dbl_1.bn               | out[0]_grad_shape=(4, 448, 5, 5) grad_mean=-0.000004
[BWD] #565 | Mixed_7c.branch3x3dbl_1.conv             | out[0]_grad_shape=(4, 448, 5, 5) grad_mean=0.000000
[BWD] #563 | cat_cat_12                               | out[0]_grad_shape=(4, 768, 5, 5) grad_mean=0.000130
[BWD] #561 | relu_relu_88                             | out[0]_grad_shape=(4, 384, 5, 5) grad_mean=0.000114
[BWD] #559 | Mixed_7c.branch3x3_2b.bn                 | out[0]_grad_shape=(4, 384, 5, 5) grad_mean=0.000062
[BWD] #557 | Mixed_7c.branch3x3_2b.conv               | out[0]_grad_shape=(4, 384, 5, 5) grad_mean=-0.000000
[BWD] #555 | relu_relu_87                             | out[0]_grad_shape=(4, 384, 5, 5) grad_mean=0.000147
[BWD] #553 | Mixed_7c.branch3x3_2a.bn                 | out[0]_grad_shape=(4, 384, 5, 5) grad_mean=0.000083
[BWD] #551 | Mixed_7c.branch3x3_2a.conv               | out[0]_grad_shape=(4, 384, 5, 5) grad_mean=0.000000
[BWD] #549 | relu_relu_86                             | out[0]_grad_shape=(4, 384, 5, 5) grad_mean=0.000002
[BWD] #547 | Mixed_7c.branch3x3_1.bn                  | out[0]_grad_shape=(4, 384, 5, 5) grad_mean=0.000004
[BWD] #545 | Mixed_7c.branch3x3_1.conv                | out[0]_grad_shape=(4, 384, 5, 5) grad_mean=0.000000
[BWD] #543 | relu_relu_85                             | out[0]_grad_shape=(4, 320, 5, 5) grad_mean=0.000070
[BWD] #541 | Mixed_7c.branch1x1.bn                    | out[0]_grad_shape=(4, 320, 5, 5) grad_mean=0.000040
[BWD] #539 | Mixed_7c.branch1x1.conv                  | out[0]_grad_shape=(4, 320, 5, 5) grad_mean=0.000000
[BWD] #537 | cat_cat_11                               | out[0]_grad_shape=(4, 2048, 5, 5) grad_mean=-0.000000
[BWD] #535 | relu_relu_84                             | out[0]_grad_shape=(4, 192, 5, 5) grad_mean=-0.000000
[BWD] #533 | Mixed_7b.branch_pool.bn                  | out[0]_grad_shape=(4, 192, 5, 5) grad_mean=0.000009
[BWD] #531 | Mixed_7b.branch_pool.conv                | out[0]_grad_shape=(4, 192, 5, 5) grad_mean=-0.000000
[BWD] #529 | cat_cat_10                               | out[0]_grad_shape=(4, 768, 5, 5) grad_mean=-0.000001
[BWD] #527 | relu_relu_83                             | out[0]_grad_shape=(4, 384, 5, 5) grad_mean=-0.000001
[BWD] #525 | Mixed_7b.branch3x3dbl_3b.bn              | out[0]_grad_shape=(4, 384, 5, 5) grad_mean=-0.000003
[BWD] #523 | Mixed_7b.branch3x3dbl_3b.conv            | out[0]_grad_shape=(4, 384, 5, 5) grad_mean=-0.000000
[BWD] #521 | relu_relu_82                             | out[0]_grad_shape=(4, 384, 5, 5) grad_mean=-0.000002
[BWD] #519 | Mixed_7b.branch3x3dbl_3a.bn              | out[0]_grad_shape=(4, 384, 5, 5) grad_mean=0.000003
[BWD] #517 | Mixed_7b.branch3x3dbl_3a.conv            | out[0]_grad_shape=(4, 384, 5, 5) grad_mean=0.000000
[BWD] #515 | relu_relu_81                             | out[0]_grad_shape=(4, 384, 5, 5) grad_mean=-0.000000
[BWD] #513 | Mixed_7b.branch3x3dbl_2.bn               | out[0]_grad_shape=(4, 384, 5, 5) grad_mean=0.000002
[BWD] #511 | Mixed_7b.branch3x3dbl_2.conv             | out[0]_grad_shape=(4, 384, 5, 5) grad_mean=-0.000000
[BWD] #509 | relu_relu_80                             | out[0]_grad_shape=(4, 448, 5, 5) grad_mean=-0.000002
[BWD] #507 | Mixed_7b.branch3x3dbl_1.bn               | out[0]_grad_shape=(4, 448, 5, 5) grad_mean=-0.000006
[BWD] #505 | Mixed_7b.branch3x3dbl_1.conv             | out[0]_grad_shape=(4, 448, 5, 5) grad_mean=0.000000
[BWD] #503 | cat_cat_9                                | out[0]_grad_shape=(4, 768, 5, 5) grad_mean=0.000001
[BWD] #501 | relu_relu_79                             | out[0]_grad_shape=(4, 384, 5, 5) grad_mean=0.000001
[BWD] #499 | Mixed_7b.branch3x3_2b.bn                 | out[0]_grad_shape=(4, 384, 5, 5) grad_mean=-0.000006
[BWD] #497 | Mixed_7b.branch3x3_2b.conv               | out[0]_grad_shape=(4, 384, 5, 5) grad_mean=0.000000
[BWD] #495 | relu_relu_78                             | out[0]_grad_shape=(4, 384, 5, 5) grad_mean=-0.000000
[BWD] #493 | Mixed_7b.branch3x3_2a.bn                 | out[0]_grad_shape=(4, 384, 5, 5) grad_mean=0.000000
[BWD] #491 | Mixed_7b.branch3x3_2a.conv               | out[0]_grad_shape=(4, 384, 5, 5) grad_mean=-0.000000
[BWD] #489 | relu_relu_77                             | out[0]_grad_shape=(4, 384, 5, 5) grad_mean=-0.000006
[BWD] #487 | Mixed_7b.branch3x3_1.bn                  | out[0]_grad_shape=(4, 384, 5, 5) grad_mean=0.000007
[BWD] #485 | Mixed_7b.branch3x3_1.conv                | out[0]_grad_shape=(4, 384, 5, 5) grad_mean=-0.000000
[BWD] #483 | relu_relu_76                             | out[0]_grad_shape=(4, 320, 5, 5) grad_mean=-0.000001
[BWD] #481 | Mixed_7b.branch1x1.bn                    | out[0]_grad_shape=(4, 320, 5, 5) grad_mean=0.000015
[BWD] #479 | Mixed_7b.branch1x1.conv                  | out[0]_grad_shape=(4, 320, 5, 5) grad_mean=0.000000
[BWD] #477 | cat_cat_8                                | out[0]_grad_shape=(4, 1280, 5, 5) grad_mean=-0.000000
[BWD] #475 | relu_relu_75                             | out[0]_grad_shape=(4, 192, 5, 5) grad_mean=-0.000000
[BWD] #473 | Mixed_7a.branch7x7x3_4.bn                | out[0]_grad_shape=(4, 192, 5, 5) grad_mean=-0.000019
[BWD] #471 | Mixed_7a.branch7x7x3_4.conv              | out[0]_grad_shape=(4, 192, 5, 5) grad_mean=-0.000000
[BWD] #469 | relu_relu_74                             | out[0]_grad_shape=(4, 192, 12, 12) grad_mean=0.000000
[BWD] #467 | Mixed_7a.branch7x7x3_3.bn                | out[0]_grad_shape=(4, 192, 12, 12) grad_mean=-0.000001
[BWD] #465 | Mixed_7a.branch7x7x3_3.conv              | out[0]_grad_shape=(4, 192, 12, 12) grad_mean=0.000000
[BWD] #463 | relu_relu_73                             | out[0]_grad_shape=(4, 192, 12, 12) grad_mean=-0.000000
[BWD] #461 | Mixed_7a.branch7x7x3_2.bn                | out[0]_grad_shape=(4, 192, 12, 12) grad_mean=-0.000001
[BWD] #459 | Mixed_7a.branch7x7x3_2.conv              | out[0]_grad_shape=(4, 192, 12, 12) grad_mean=0.000000
[BWD] #457 | relu_relu_72                             | out[0]_grad_shape=(4, 192, 12, 12) grad_mean=0.000001
[BWD] #455 | Mixed_7a.branch7x7x3_1.bn                | out[0]_grad_shape=(4, 192, 12, 12) grad_mean=-0.000004
[BWD] #453 | Mixed_7a.branch7x7x3_1.conv              | out[0]_grad_shape=(4, 192, 12, 12) grad_mean=0.000000
[BWD] #451 | relu_relu_71                             | out[0]_grad_shape=(4, 320, 5, 5) grad_mean=-0.000003
[BWD] #449 | Mixed_7a.branch3x3_2.bn                  | out[0]_grad_shape=(4, 320, 5, 5) grad_mean=0.000016
[BWD] #447 | Mixed_7a.branch3x3_2.conv                | out[0]_grad_shape=(4, 320, 5, 5) grad_mean=0.000000
[BWD] #445 | relu_relu_70                             | out[0]_grad_shape=(4, 192, 12, 12) grad_mean=-0.000000
[BWD] #443 | Mixed_7a.branch3x3_1.bn                  | out[0]_grad_shape=(4, 192, 12, 12) grad_mean=-0.000002
[BWD] #441 | Mixed_7a.branch3x3_1.conv                | out[0]_grad_shape=(4, 192, 12, 12) grad_mean=-0.000000
[BWD] #439 | cat_cat_7                                | out[0]_grad_shape=(4, 768, 12, 12) grad_mean=0.000000
[BWD] #437 | relu_relu_69                             | out[0]_grad_shape=(4, 192, 12, 12) grad_mean=0.000000
[BWD] #435 | Mixed_6e.branch_pool.bn                  | out[0]_grad_shape=(4, 192, 12, 12) grad_mean=0.000003
[BWD] #433 | Mixed_6e.branch_pool.conv                | out[0]_grad_shape=(4, 192, 12, 12) grad_mean=0.000000
[BWD] #431 | relu_relu_68                             | out[0]_grad_shape=(4, 192, 12, 12) grad_mean=0.000000
[BWD] #429 | Mixed_6e.branch7x7dbl_5.bn               | out[0]_grad_shape=(4, 192, 12, 12) grad_mean=0.000000
[BWD] #427 | Mixed_6e.branch7x7dbl_5.conv             | out[0]_grad_shape=(4, 192, 12, 12) grad_mean=0.000000
[BWD] #425 | relu_relu_67                             | out[0]_grad_shape=(4, 192, 12, 12) grad_mean=0.000001
[BWD] #423 | Mixed_6e.branch7x7dbl_4.bn               | out[0]_grad_shape=(4, 192, 12, 12) grad_mean=0.000008
[BWD] #421 | Mixed_6e.branch7x7dbl_4.conv             | out[0]_grad_shape=(4, 192, 12, 12) grad_mean=0.000000
[BWD] #419 | relu_relu_66                             | out[0]_grad_shape=(4, 192, 12, 12) grad_mean=0.000002
[BWD] #417 | Mixed_6e.branch7x7dbl_3.bn               | out[0]_grad_shape=(4, 192, 12, 12) grad_mean=-0.000001
[BWD] #415 | Mixed_6e.branch7x7dbl_3.conv             | out[0]_grad_shape=(4, 192, 12, 12) grad_mean=0.000000
[BWD] #413 | relu_relu_65                             | out[0]_grad_shape=(4, 192, 12, 12) grad_mean=-0.000001
[BWD] #411 | Mixed_6e.branch7x7dbl_2.bn               | out[0]_grad_shape=(4, 192, 12, 12) grad_mean=-0.000002
[BWD] #409 | Mixed_6e.branch7x7dbl_2.conv             | out[0]_grad_shape=(4, 192, 12, 12) grad_mean=0.000000
[BWD] #407 | relu_relu_64                             | out[0]_grad_shape=(4, 192, 12, 12) grad_mean=0.000006
[BWD] #405 | Mixed_6e.branch7x7dbl_1.bn               | out[0]_grad_shape=(4, 192, 12, 12) grad_mean=-0.000008
[BWD] #403 | Mixed_6e.branch7x7dbl_1.conv             | out[0]_grad_shape=(4, 192, 12, 12) grad_mean=0.000000
[BWD] #401 | relu_relu_63                             | out[0]_grad_shape=(4, 192, 12, 12) grad_mean=-0.000000
[BWD] #399 | Mixed_6e.branch7x7_3.bn                  | out[0]_grad_shape=(4, 192, 12, 12) grad_mean=-0.000007
[BWD] #397 | Mixed_6e.branch7x7_3.conv                | out[0]_grad_shape=(4, 192, 12, 12) grad_mean=0.000000
[BWD] #395 | relu_relu_62                             | out[0]_grad_shape=(4, 192, 12, 12) grad_mean=-0.000001
[BWD] #393 | Mixed_6e.branch7x7_2.bn                  | out[0]_grad_shape=(4, 192, 12, 12) grad_mean=0.000002
[BWD] #391 | Mixed_6e.branch7x7_2.conv                | out[0]_grad_shape=(4, 192, 12, 12) grad_mean=0.000000
[BWD] #389 | relu_relu_61                             | out[0]_grad_shape=(4, 192, 12, 12) grad_mean=0.000005
[BWD] #387 | Mixed_6e.branch7x7_1.bn                  | out[0]_grad_shape=(4, 192, 12, 12) grad_mean=-0.000005
[BWD] #385 | Mixed_6e.branch7x7_1.conv                | out[0]_grad_shape=(4, 192, 12, 12) grad_mean=-0.000000
[BWD] #383 | relu_relu_60                             | out[0]_grad_shape=(4, 192, 12, 12) grad_mean=0.000000
[BWD] #381 | Mixed_6e.branch1x1.bn                    | out[0]_grad_shape=(4, 192, 12, 12) grad_mean=0.000005
[BWD] #379 | Mixed_6e.branch1x1.conv                  | out[0]_grad_shape=(4, 192, 12, 12) grad_mean=-0.000000
[BWD] #377 | cat_cat_6                                | out[0]_grad_shape=(4, 768, 12, 12) grad_mean=0.000000
[BWD] #375 | relu_relu_59                             | out[0]_grad_shape=(4, 192, 12, 12) grad_mean=-0.000001
[BWD] #373 | Mixed_6d.branch_pool.bn                  | out[0]_grad_shape=(4, 192, 12, 12) grad_mean=-0.000002
[BWD] #371 | Mixed_6d.branch_pool.conv                | out[0]_grad_shape=(4, 192, 12, 12) grad_mean=0.000000
[BWD] #369 | relu_relu_58                             | out[0]_grad_shape=(4, 192, 12, 12) grad_mean=0.000002
[BWD] #367 | Mixed_6d.branch7x7dbl_5.bn               | out[0]_grad_shape=(4, 192, 12, 12) grad_mean=0.000007
[BWD] #365 | Mixed_6d.branch7x7dbl_5.conv             | out[0]_grad_shape=(4, 192, 12, 12) grad_mean=-0.000000
[BWD] #363 | relu_relu_57                             | out[0]_grad_shape=(4, 160, 12, 12) grad_mean=-0.000001
[BWD] #361 | Mixed_6d.branch7x7dbl_4.bn               | out[0]_grad_shape=(4, 160, 12, 12) grad_mean=-0.000000
[BWD] #359 | Mixed_6d.branch7x7dbl_4.conv             | out[0]_grad_shape=(4, 160, 12, 12) grad_mean=0.000000
[BWD] #357 | relu_relu_56                             | out[0]_grad_shape=(4, 160, 12, 12) grad_mean=-0.000006
[BWD] #355 | Mixed_6d.branch7x7dbl_3.bn               | out[0]_grad_shape=(4, 160, 12, 12) grad_mean=-0.000019
[BWD] #353 | Mixed_6d.branch7x7dbl_3.conv             | out[0]_grad_shape=(4, 160, 12, 12) grad_mean=0.000000
[BWD] #351 | relu_relu_55                             | out[0]_grad_shape=(4, 160, 12, 12) grad_mean=-0.000004
[BWD] #349 | Mixed_6d.branch7x7dbl_2.bn               | out[0]_grad_shape=(4, 160, 12, 12) grad_mean=0.000001
[BWD] #347 | Mixed_6d.branch7x7dbl_2.conv             | out[0]_grad_shape=(4, 160, 12, 12) grad_mean=0.000000
[BWD] #345 | relu_relu_54                             | out[0]_grad_shape=(4, 160, 12, 12) grad_mean=-0.000005
[BWD] #343 | Mixed_6d.branch7x7dbl_1.bn               | out[0]_grad_shape=(4, 160, 12, 12) grad_mean=0.000001
[BWD] #341 | Mixed_6d.branch7x7dbl_1.conv             | out[0]_grad_shape=(4, 160, 12, 12) grad_mean=-0.000000
[BWD] #339 | relu_relu_53                             | out[0]_grad_shape=(4, 192, 12, 12) grad_mean=0.000000
[BWD] #337 | Mixed_6d.branch7x7_3.bn                  | out[0]_grad_shape=(4, 192, 12, 12) grad_mean=0.000005
[BWD] #335 | Mixed_6d.branch7x7_3.conv                | out[0]_grad_shape=(4, 192, 12, 12) grad_mean=0.000000
[BWD] #333 | relu_relu_52                             | out[0]_grad_shape=(4, 160, 12, 12) grad_mean=-0.000008
[BWD] #331 | Mixed_6d.branch7x7_2.bn                  | out[0]_grad_shape=(4, 160, 12, 12) grad_mean=-0.000007
[BWD] #329 | Mixed_6d.branch7x7_2.conv                | out[0]_grad_shape=(4, 160, 12, 12) grad_mean=0.000000
[BWD] #327 | relu_relu_51                             | out[0]_grad_shape=(4, 160, 12, 12) grad_mean=0.000000
[BWD] #325 | Mixed_6d.branch7x7_1.bn                  | out[0]_grad_shape=(4, 160, 12, 12) grad_mean=-0.000007
[BWD] #323 | Mixed_6d.branch7x7_1.conv                | out[0]_grad_shape=(4, 160, 12, 12) grad_mean=0.000000
[BWD] #321 | relu_relu_50                             | out[0]_grad_shape=(4, 192, 12, 12) grad_mean=0.000000
[BWD] #319 | Mixed_6d.branch1x1.bn                    | out[0]_grad_shape=(4, 192, 12, 12) grad_mean=0.000010
[BWD] #317 | Mixed_6d.branch1x1.conv                  | out[0]_grad_shape=(4, 192, 12, 12) grad_mean=0.000000
[BWD] #315 | cat_cat_5                                | out[0]_grad_shape=(4, 768, 12, 12) grad_mean=0.000001
[BWD] #313 | relu_relu_49                             | out[0]_grad_shape=(4, 192, 12, 12) grad_mean=-0.000000
[BWD] #311 | Mixed_6c.branch_pool.bn                  | out[0]_grad_shape=(4, 192, 12, 12) grad_mean=0.000004
[BWD] #309 | Mixed_6c.branch_pool.conv                | out[0]_grad_shape=(4, 192, 12, 12) grad_mean=-0.000000
[BWD] #307 | relu_relu_48                             | out[0]_grad_shape=(4, 192, 12, 12) grad_mean=0.000001
[BWD] #305 | Mixed_6c.branch7x7dbl_5.bn               | out[0]_grad_shape=(4, 192, 12, 12) grad_mean=-0.000005
[BWD] #303 | Mixed_6c.branch7x7dbl_5.conv             | out[0]_grad_shape=(4, 192, 12, 12) grad_mean=-0.000000
[BWD] #301 | relu_relu_47                             | out[0]_grad_shape=(4, 160, 12, 12) grad_mean=0.000004
[BWD] #299 | Mixed_6c.branch7x7dbl_4.bn               | out[0]_grad_shape=(4, 160, 12, 12) grad_mean=-0.000001
[BWD] #297 | Mixed_6c.branch7x7dbl_4.conv             | out[0]_grad_shape=(4, 160, 12, 12) grad_mean=0.000000
[BWD] #295 | relu_relu_46                             | out[0]_grad_shape=(4, 160, 12, 12) grad_mean=-0.000001
[BWD] #293 | Mixed_6c.branch7x7dbl_3.bn               | out[0]_grad_shape=(4, 160, 12, 12) grad_mean=0.000006
[BWD] #291 | Mixed_6c.branch7x7dbl_3.conv             | out[0]_grad_shape=(4, 160, 12, 12) grad_mean=0.000000
[BWD] #289 | relu_relu_45                             | out[0]_grad_shape=(4, 160, 12, 12) grad_mean=-0.000012
[BWD] #287 | Mixed_6c.branch7x7dbl_2.bn               | out[0]_grad_shape=(4, 160, 12, 12) grad_mean=0.000009
[BWD] #285 | Mixed_6c.branch7x7dbl_2.conv             | out[0]_grad_shape=(4, 160, 12, 12) grad_mean=0.000000
[BWD] #283 | relu_relu_44                             | out[0]_grad_shape=(4, 160, 12, 12) grad_mean=0.000011
[BWD] #281 | Mixed_6c.branch7x7dbl_1.bn               | out[0]_grad_shape=(4, 160, 12, 12) grad_mean=-0.000013
[BWD] #279 | Mixed_6c.branch7x7dbl_1.conv             | out[0]_grad_shape=(4, 160, 12, 12) grad_mean=-0.000000
[BWD] #277 | relu_relu_43                             | out[0]_grad_shape=(4, 192, 12, 12) grad_mean=0.000001
[BWD] #275 | Mixed_6c.branch7x7_3.bn                  | out[0]_grad_shape=(4, 192, 12, 12) grad_mean=0.000006
[BWD] #273 | Mixed_6c.branch7x7_3.conv                | out[0]_grad_shape=(4, 192, 12, 12) grad_mean=0.000000
[BWD] #271 | relu_relu_42                             | out[0]_grad_shape=(4, 160, 12, 12) grad_mean=-0.000004
[BWD] #269 | Mixed_6c.branch7x7_2.bn                  | out[0]_grad_shape=(4, 160, 12, 12) grad_mean=-0.000011
[BWD] #267 | Mixed_6c.branch7x7_2.conv                | out[0]_grad_shape=(4, 160, 12, 12) grad_mean=-0.000000
[BWD] #265 | relu_relu_41                             | out[0]_grad_shape=(4, 160, 12, 12) grad_mean=-0.000010
[BWD] #263 | Mixed_6c.branch7x7_1.bn                  | out[0]_grad_shape=(4, 160, 12, 12) grad_mean=-0.000004
[BWD] #261 | Mixed_6c.branch7x7_1.conv                | out[0]_grad_shape=(4, 160, 12, 12) grad_mean=0.000000
[BWD] #259 | relu_relu_40                             | out[0]_grad_shape=(4, 192, 12, 12) grad_mean=0.000001
[BWD] #257 | Mixed_6c.branch1x1.bn                    | out[0]_grad_shape=(4, 192, 12, 12) grad_mean=-0.000014
[BWD] #255 | Mixed_6c.branch1x1.conv                  | out[0]_grad_shape=(4, 192, 12, 12) grad_mean=-0.000000
[BWD] #253 | cat_cat_4                                | out[0]_grad_shape=(4, 768, 12, 12) grad_mean=0.000001
[BWD] #251 | relu_relu_39                             | out[0]_grad_shape=(4, 192, 12, 12) grad_mean=0.000000
[BWD] #249 | Mixed_6b.branch_pool.bn                  | out[0]_grad_shape=(4, 192, 12, 12) grad_mean=0.000009
[BWD] #247 | Mixed_6b.branch_pool.conv                | out[0]_grad_shape=(4, 192, 12, 12) grad_mean=0.000000
[BWD] #245 | relu_relu_38                             | out[0]_grad_shape=(4, 192, 12, 12) grad_mean=-0.000002
[BWD] #243 | Mixed_6b.branch7x7dbl_5.bn               | out[0]_grad_shape=(4, 192, 12, 12) grad_mean=-0.000004
[BWD] #241 | Mixed_6b.branch7x7dbl_5.conv             | out[0]_grad_shape=(4, 192, 12, 12) grad_mean=-0.000000
[BWD] #239 | relu_relu_37                             | out[0]_grad_shape=(4, 128, 12, 12) grad_mean=0.000002
[BWD] #237 | Mixed_6b.branch7x7dbl_4.bn               | out[0]_grad_shape=(4, 128, 12, 12) grad_mean=-0.000033
[BWD] #235 | Mixed_6b.branch7x7dbl_4.conv             | out[0]_grad_shape=(4, 128, 12, 12) grad_mean=-0.000000
[BWD] #233 | relu_relu_36                             | out[0]_grad_shape=(4, 128, 12, 12) grad_mean=-0.000014
[BWD] #231 | Mixed_6b.branch7x7dbl_3.bn               | out[0]_grad_shape=(4, 128, 12, 12) grad_mean=-0.000016
[BWD] #229 | Mixed_6b.branch7x7dbl_3.conv             | out[0]_grad_shape=(4, 128, 12, 12) grad_mean=0.000000
[BWD] #227 | relu_relu_35                             | out[0]_grad_shape=(4, 128, 12, 12) grad_mean=-0.000005
[BWD] #225 | Mixed_6b.branch7x7dbl_2.bn               | out[0]_grad_shape=(4, 128, 12, 12) grad_mean=0.000035
[BWD] #223 | Mixed_6b.branch7x7dbl_2.conv             | out[0]_grad_shape=(4, 128, 12, 12) grad_mean=0.000000
[BWD] #221 | relu_relu_34                             | out[0]_grad_shape=(4, 128, 12, 12) grad_mean=0.000005
[BWD] #219 | Mixed_6b.branch7x7dbl_1.bn               | out[0]_grad_shape=(4, 128, 12, 12) grad_mean=0.000016
[BWD] #217 | Mixed_6b.branch7x7dbl_1.conv             | out[0]_grad_shape=(4, 128, 12, 12) grad_mean=0.000000
[BWD] #215 | relu_relu_33                             | out[0]_grad_shape=(4, 192, 12, 12) grad_mean=-0.000000
[BWD] #213 | Mixed_6b.branch7x7_3.bn                  | out[0]_grad_shape=(4, 192, 12, 12) grad_mean=-0.000012
[BWD] #211 | Mixed_6b.branch7x7_3.conv                | out[0]_grad_shape=(4, 192, 12, 12) grad_mean=-0.000000
[BWD] #209 | relu_relu_32                             | out[0]_grad_shape=(4, 128, 12, 12) grad_mean=0.000021
[BWD] #207 | Mixed_6b.branch7x7_2.bn                  | out[0]_grad_shape=(4, 128, 12, 12) grad_mean=-0.000013
[BWD] #205 | Mixed_6b.branch7x7_2.conv                | out[0]_grad_shape=(4, 128, 12, 12) grad_mean=-0.000000
[BWD] #203 | relu_relu_31                             | out[0]_grad_shape=(4, 128, 12, 12) grad_mean=0.000017
[BWD] #201 | Mixed_6b.branch7x7_1.bn                  | out[0]_grad_shape=(4, 128, 12, 12) grad_mean=0.000046
[BWD] #199 | Mixed_6b.branch7x7_1.conv                | out[0]_grad_shape=(4, 128, 12, 12) grad_mean=-0.000000
[BWD] #197 | relu_relu_30                             | out[0]_grad_shape=(4, 192, 12, 12) grad_mean=0.000005
[BWD] #195 | Mixed_6b.branch1x1.bn                    | out[0]_grad_shape=(4, 192, 12, 12) grad_mean=-0.000001
[BWD] #193 | Mixed_6b.branch1x1.conv                  | out[0]_grad_shape=(4, 192, 12, 12) grad_mean=0.000000
[BWD] #191 | cat_cat_3                                | out[0]_grad_shape=(4, 768, 12, 12) grad_mean=-0.000002
[BWD] #189 | relu_relu_29                             | out[0]_grad_shape=(4, 96, 12, 12) grad_mean=0.000007
[BWD] #187 | Mixed_6a.branch3x3dbl_3.bn               | out[0]_grad_shape=(4, 96, 12, 12) grad_mean=-0.000035
[BWD] #185 | Mixed_6a.branch3x3dbl_3.conv             | out[0]_grad_shape=(4, 96, 12, 12) grad_mean=-0.000000
[BWD] #183 | relu_relu_28                             | out[0]_grad_shape=(4, 96, 25, 25) grad_mean=0.000000
[BWD] #181 | Mixed_6a.branch3x3dbl_2.bn               | out[0]_grad_shape=(4, 96, 25, 25) grad_mean=-0.000002
[BWD] #179 | Mixed_6a.branch3x3dbl_2.conv             | out[0]_grad_shape=(4, 96, 25, 25) grad_mean=-0.000000
[BWD] #177 | relu_relu_27                             | out[0]_grad_shape=(4, 64, 25, 25) grad_mean=0.000010
[BWD] #175 | Mixed_6a.branch3x3dbl_1.bn               | out[0]_grad_shape=(4, 64, 25, 25) grad_mean=0.000029
[BWD] #173 | Mixed_6a.branch3x3dbl_1.conv             | out[0]_grad_shape=(4, 64, 25, 25) grad_mean=0.000000
[BWD] #171 | relu_relu_26                             | out[0]_grad_shape=(4, 384, 12, 12) grad_mean=-0.000009
[BWD] #169 | Mixed_6a.branch3x3.bn                    | out[0]_grad_shape=(4, 384, 12, 12) grad_mean=-0.000005
[BWD] #167 | Mixed_6a.branch3x3.conv                  | out[0]_grad_shape=(4, 384, 12, 12) grad_mean=-0.000000
[BWD] #165 | cat_cat_2                                | out[0]_grad_shape=(4, 288, 25, 25) grad_mean=0.000001
[BWD] #163 | relu_relu_25                             | out[0]_grad_shape=(4, 64, 25, 25) grad_mean=0.000004
[BWD] #161 | Mixed_5d.branch_pool.bn                  | out[0]_grad_shape=(4, 64, 25, 25) grad_mean=0.000004
[BWD] #159 | Mixed_5d.branch_pool.conv                | out[0]_grad_shape=(4, 64, 25, 25) grad_mean=-0.000000
[BWD] #157 | relu_relu_24                             | out[0]_grad_shape=(4, 96, 25, 25) grad_mean=-0.000001
[BWD] #155 | Mixed_5d.branch3x3dbl_3.bn               | out[0]_grad_shape=(4, 96, 25, 25) grad_mean=-0.000015
[BWD] #153 | Mixed_5d.branch3x3dbl_3.conv             | out[0]_grad_shape=(4, 96, 25, 25) grad_mean=0.000000
[BWD] #151 | relu_relu_23                             | out[0]_grad_shape=(4, 96, 25, 25) grad_mean=0.000005
[BWD] #149 | Mixed_5d.branch3x3dbl_2.bn               | out[0]_grad_shape=(4, 96, 25, 25) grad_mean=0.000014
[BWD] #147 | Mixed_5d.branch3x3dbl_2.conv             | out[0]_grad_shape=(4, 96, 25, 25) grad_mean=0.000000
[BWD] #145 | relu_relu_22                             | out[0]_grad_shape=(4, 64, 25, 25) grad_mean=0.000014
[BWD] #143 | Mixed_5d.branch3x3dbl_1.bn               | out[0]_grad_shape=(4, 64, 25, 25) grad_mean=0.000032
[BWD] #141 | Mixed_5d.branch3x3dbl_1.conv             | out[0]_grad_shape=(4, 64, 25, 25) grad_mean=-0.000000
[BWD] #139 | relu_relu_21                             | out[0]_grad_shape=(4, 64, 25, 25) grad_mean=0.000000
[BWD] #137 | Mixed_5d.branch5x5_2.bn                  | out[0]_grad_shape=(4, 64, 25, 25) grad_mean=0.000014
[BWD] #135 | Mixed_5d.branch5x5_2.conv                | out[0]_grad_shape=(4, 64, 25, 25) grad_mean=0.000000
[BWD] #133 | relu_relu_20                             | out[0]_grad_shape=(4, 48, 25, 25) grad_mean=0.000017
[BWD] #131 | Mixed_5d.branch5x5_1.bn                  | out[0]_grad_shape=(4, 48, 25, 25) grad_mean=0.000060
[BWD] #129 | Mixed_5d.branch5x5_1.conv                | out[0]_grad_shape=(4, 48, 25, 25) grad_mean=0.000000
[BWD] #127 | relu_relu_19                             | out[0]_grad_shape=(4, 64, 25, 25) grad_mean=0.000003
[BWD] #125 | Mixed_5d.branch1x1.bn                    | out[0]_grad_shape=(4, 64, 25, 25) grad_mean=-0.000016
[BWD] #123 | Mixed_5d.branch1x1.conv                  | out[0]_grad_shape=(4, 64, 25, 25) grad_mean=-0.000000
[BWD] #121 | cat_cat_1                                | out[0]_grad_shape=(4, 288, 25, 25) grad_mean=0.000003
[BWD] #119 | relu_relu_18                             | out[0]_grad_shape=(4, 64, 25, 25) grad_mean=0.000005
[BWD] #117 | Mixed_5c.branch_pool.bn                  | out[0]_grad_shape=(4, 64, 25, 25) grad_mean=0.000035
[BWD] #115 | Mixed_5c.branch_pool.conv                | out[0]_grad_shape=(4, 64, 25, 25) grad_mean=0.000000
[BWD] #113 | relu_relu_17                             | out[0]_grad_shape=(4, 96, 25, 25) grad_mean=0.000003
[BWD] #111 | Mixed_5c.branch3x3dbl_3.bn               | out[0]_grad_shape=(4, 96, 25, 25) grad_mean=0.000044
[BWD] #109 | Mixed_5c.branch3x3dbl_3.conv             | out[0]_grad_shape=(4, 96, 25, 25) grad_mean=-0.000000
[BWD] #107 | relu_relu_16                             | out[0]_grad_shape=(4, 96, 25, 25) grad_mean=-0.000019
[BWD] #105 | Mixed_5c.branch3x3dbl_2.bn               | out[0]_grad_shape=(4, 96, 25, 25) grad_mean=-0.000001
[BWD] #103 | Mixed_5c.branch3x3dbl_2.conv             | out[0]_grad_shape=(4, 96, 25, 25) grad_mean=-0.000000
[BWD] #101 | relu_relu_15                             | out[0]_grad_shape=(4, 64, 25, 25) grad_mean=-0.000018
[BWD] #099 | Mixed_5c.branch3x3dbl_1.bn               | out[0]_grad_shape=(4, 64, 25, 25) grad_mean=-0.000110
[BWD] #097 | Mixed_5c.branch3x3dbl_1.conv             | out[0]_grad_shape=(4, 64, 25, 25) grad_mean=0.000000
[BWD] #095 | relu_relu_14                             | out[0]_grad_shape=(4, 64, 25, 25) grad_mean=0.000004
[BWD] #093 | Mixed_5c.branch5x5_2.bn                  | out[0]_grad_shape=(4, 64, 25, 25) grad_mean=-0.000004
[BWD] #091 | Mixed_5c.branch5x5_2.conv                | out[0]_grad_shape=(4, 64, 25, 25) grad_mean=-0.000000
[BWD] #089 | relu_relu_13                             | out[0]_grad_shape=(4, 48, 25, 25) grad_mean=0.000020
[BWD] #087 | Mixed_5c.branch5x5_1.bn                  | out[0]_grad_shape=(4, 48, 25, 25) grad_mean=0.000060
[BWD] #085 | Mixed_5c.branch5x5_1.conv                | out[0]_grad_shape=(4, 48, 25, 25) grad_mean=-0.000000
[BWD] #083 | relu_relu_12                             | out[0]_grad_shape=(4, 64, 25, 25) grad_mean=-0.000001
[BWD] #081 | Mixed_5c.branch1x1.bn                    | out[0]_grad_shape=(4, 64, 25, 25) grad_mean=-0.000039
[BWD] #079 | Mixed_5c.branch1x1.conv                  | out[0]_grad_shape=(4, 64, 25, 25) grad_mean=0.000000
[BWD] #077 | cat_cat                                  | out[0]_grad_shape=(4, 256, 25, 25) grad_mean=-0.000003
[BWD] #075 | relu_relu_11                             | out[0]_grad_shape=(4, 32, 25, 25) grad_mean=0.000015
[BWD] #073 | Mixed_5b.branch_pool.bn                  | out[0]_grad_shape=(4, 32, 25, 25) grad_mean=-0.000043
[BWD] #071 | Mixed_5b.branch_pool.conv                | out[0]_grad_shape=(4, 32, 25, 25) grad_mean=0.000000
[BWD] #069 | relu_relu_10                             | out[0]_grad_shape=(4, 96, 25, 25) grad_mean=-0.000002
[BWD] #067 | Mixed_5b.branch3x3dbl_3.bn               | out[0]_grad_shape=(4, 96, 25, 25) grad_mean=0.000015
[BWD] #065 | Mixed_5b.branch3x3dbl_3.conv             | out[0]_grad_shape=(4, 96, 25, 25) grad_mean=0.000000
[BWD] #063 | relu_relu_9                              | out[0]_grad_shape=(4, 96, 25, 25) grad_mean=-0.000014
[BWD] #061 | Mixed_5b.branch3x3dbl_2.bn               | out[0]_grad_shape=(4, 96, 25, 25) grad_mean=0.000048
[BWD] #059 | Mixed_5b.branch3x3dbl_2.conv             | out[0]_grad_shape=(4, 96, 25, 25) grad_mean=0.000000
[BWD] #057 | relu_relu_8                              | out[0]_grad_shape=(4, 64, 25, 25) grad_mean=-0.000028
[BWD] #055 | Mixed_5b.branch3x3dbl_1.bn               | out[0]_grad_shape=(4, 64, 25, 25) grad_mean=-0.000131
[BWD] #053 | Mixed_5b.branch3x3dbl_1.conv             | out[0]_grad_shape=(4, 64, 25, 25) grad_mean=0.000000
[BWD] #051 | relu_relu_7                              | out[0]_grad_shape=(4, 64, 25, 25) grad_mean=-0.000012
[BWD] #049 | Mixed_5b.branch5x5_2.bn                  | out[0]_grad_shape=(4, 64, 25, 25) grad_mean=0.000054
[BWD] #047 | Mixed_5b.branch5x5_2.conv                | out[0]_grad_shape=(4, 64, 25, 25) grad_mean=0.000000
[BWD] #045 | relu_relu_6                              | out[0]_grad_shape=(4, 48, 25, 25) grad_mean=0.000033
[BWD] #043 | Mixed_5b.branch5x5_1.bn                  | out[0]_grad_shape=(4, 48, 25, 25) grad_mean=-0.000074
[BWD] #041 | Mixed_5b.branch5x5_1.conv                | out[0]_grad_shape=(4, 48, 25, 25) grad_mean=-0.000000
[BWD] #039 | relu_relu_5                              | out[0]_grad_shape=(4, 64, 25, 25) grad_mean=-0.000005
[BWD] #037 | Mixed_5b.branch1x1.bn                    | out[0]_grad_shape=(4, 64, 25, 25) grad_mean=-0.000075
[BWD] #035 | Mixed_5b.branch1x1.conv                  | out[0]_grad_shape=(4, 64, 25, 25) grad_mean=-0.000000
[BWD] #033 | maxpool2                                 | out[0]_grad_shape=(4, 192, 25, 25) grad_mean=-0.000000
[BWD] #031 | relu_relu_4                              | out[0]_grad_shape=(4, 192, 52, 52) grad_mean=-0.000000
[BWD] #029 | Conv2d_4a_3x3.bn                         | out[0]_grad_shape=(4, 192, 52, 52) grad_mean=-0.000004
[BWD] #027 | Conv2d_4a_3x3.conv                       | out[0]_grad_shape=(4, 192, 52, 52) grad_mean=0.000000
[BWD] #025 | relu_relu_3                              | out[0]_grad_shape=(4, 80, 54, 54) grad_mean=0.000000
[BWD] #023 | Conv2d_3b_1x1.bn                         | out[0]_grad_shape=(4, 80, 54, 54) grad_mean=-0.000050
[BWD] #021 | Conv2d_3b_1x1.conv                       | out[0]_grad_shape=(4, 80, 54, 54) grad_mean=-0.000000
[BWD] #019 | maxpool1                                 | out[0]_grad_shape=(4, 64, 54, 54) grad_mean=0.000000
[BWD] #017 | relu_relu_2                              | out[0]_grad_shape=(4, 64, 109, 109) grad_mean=0.000000
[BWD] #015 | Conv2d_2b_3x3.bn                         | out[0]_grad_shape=(4, 64, 109, 109) grad_mean=0.000002
[BWD] #013 | Conv2d_2b_3x3.conv                       | out[0]_grad_shape=(4, 64, 109, 109) grad_mean=-0.000000
[BWD] #011 | relu_relu_1                              | out[0]_grad_shape=(4, 32, 109, 109) grad_mean=0.000000
[BWD] #009 | Conv2d_2a_3x3.bn                         | out[0]_grad_shape=(4, 32, 109, 109) grad_mean=-0.000053
[BWD] #007 | Conv2d_2a_3x3.conv                       | out[0]_grad_shape=(4, 32, 109, 109) grad_mean=0.000000
[BWD] #005 | relu_relu                                | out[0]_grad_shape=(4, 32, 111, 111) grad_mean=0.000000
[BWD] #003 | Conv2d_1a_3x3.bn                         | out[0]_grad_shape=(4, 32, 111, 111) grad_mean=0.000141
[BWD] #001 | Conv2d_1a_3x3.conv                       | out[0]_grad_shape=(4, 32, 111, 111) grad_mean=-0.000000
[FWD-PRE] #604 | Conv2d_1a_3x3.conv                       | inp[0]=shape=(4, 3, 224, 224) ptr=20617351335424 size=2408448B
[FWD-PRE] #604 | Conv2d_1a_3x3.conv                       | weight=shape=(32, 3, 3, 3) ptr=20616935636992 size=3456B
[FWD-PRE] #605 | Conv2d_1a_3x3.conv                       | inp[0]=shape=(4, 3, 224, 224) ptr=20617351335424 size=2408448B
[FWD-PRE] #605 | Conv2d_1a_3x3.conv                       | weight=shape=(32, 3, 3, 3) ptr=20616935636992 size=3456B
[FWD-POST] #606 | Conv2d_1a_3x3.conv                       | out[0]=shape=(4, 32, 111, 111) ptr=20617173083136 size=6308352B
[FWD-POST] #607 | Conv2d_1a_3x3.conv                       | out[0]=shape=(4, 32, 111, 111) ptr=20617173083136 size=6308352B
[FWD-PRE] #608 | Conv2d_1a_3x3.bn                         | inp[0]=shape=(4, 32, 111, 111) ptr=20617173083136 size=6308352B
[FWD-PRE] #608 | Conv2d_1a_3x3.bn                         | weight=shape=(32,) ptr=20616935640576 size=128B
[FWD-PRE] #608 | Conv2d_1a_3x3.bn                         | bias=shape=(32,) ptr=20616935641088 size=128B
[FWD-PRE] #608 | Conv2d_1a_3x3.bn                         | running_mean=shape=(32,) ptr=20616935641600 size=128B
[FWD-PRE] #608 | Conv2d_1a_3x3.bn                         | running_var=shape=(32,) ptr=20616935642112 size=128B
[FWD-PRE] #609 | Conv2d_1a_3x3.bn                         | inp[0]=shape=(4, 32, 111, 111) ptr=20617173083136 size=6308352B
[FWD-PRE] #609 | Conv2d_1a_3x3.bn                         | weight=shape=(32,) ptr=20616935640576 size=128B
[FWD-PRE] #609 | Conv2d_1a_3x3.bn                         | bias=shape=(32,) ptr=20616935641088 size=128B
[FWD-PRE] #609 | Conv2d_1a_3x3.bn                         | running_mean=shape=(32,) ptr=20616935641600 size=128B
[FWD-PRE] #609 | Conv2d_1a_3x3.bn                         | running_var=shape=(32,) ptr=20616935642112 size=128B
[FWD-POST] #610 | Conv2d_1a_3x3.bn                         | out[0]=shape=(4, 32, 111, 111) ptr=20617160032256 size=6308352B
[FWD-POST] #611 | Conv2d_1a_3x3.bn                         | out[0]=shape=(4, 32, 111, 111) ptr=20617160032256 size=6308352B
[FWD-PRE] #612 | relu_relu                                | inp[0]=shape=(4, 32, 111, 111) ptr=20617160032256 size=6308352B
[FWD-PRE] #613 | relu_relu                                | inp[0]=shape=(4, 32, 111, 111) ptr=20617160032256 size=6308352B
[FWD-POST] #614 | relu_relu                                | out[0]=shape=(4, 32, 111, 111) ptr=20617092923392 size=6308352B
[FWD-POST] #615 | relu_relu                                | out[0]=shape=(4, 32, 111, 111) ptr=20617092923392 size=6308352B
[FWD-PRE] #616 | Conv2d_2a_3x3.conv                       | inp[0]=shape=(4, 32, 111, 111) ptr=20617092923392 size=6308352B
[FWD-PRE] #616 | Conv2d_2a_3x3.conv                       | weight=shape=(32, 32, 3, 3) ptr=20616935643136 size=36864B
[FWD-PRE] #617 | Conv2d_2a_3x3.conv                       | inp[0]=shape=(4, 32, 111, 111) ptr=20617092923392 size=6308352B
[FWD-PRE] #617 | Conv2d_2a_3x3.conv                       | weight=shape=(32, 32, 3, 3) ptr=20616935643136 size=36864B
[FWD-POST] #618 | Conv2d_2a_3x3.conv                       | out[0]=shape=(4, 32, 109, 109) ptr=20617181003776 size=6083072B
[FWD-POST] #619 | Conv2d_2a_3x3.conv                       | out[0]=shape=(4, 32, 109, 109) ptr=20617181003776 size=6083072B
[FWD-PRE] #620 | Conv2d_2a_3x3.bn                         | inp[0]=shape=(4, 32, 109, 109) ptr=20617181003776 size=6083072B
[FWD-PRE] #620 | Conv2d_2a_3x3.bn                         | weight=shape=(32,) ptr=20616935680512 size=128B
[FWD-PRE] #620 | Conv2d_2a_3x3.bn                         | bias=shape=(32,) ptr=20616935681024 size=128B
[FWD-PRE] #620 | Conv2d_2a_3x3.bn                         | running_mean=shape=(32,) ptr=20616935681536 size=128B
[FWD-PRE] #620 | Conv2d_2a_3x3.bn                         | running_var=shape=(32,) ptr=20616935682048 size=128B
[FWD-PRE] #621 | Conv2d_2a_3x3.bn                         | inp[0]=shape=(4, 32, 109, 109) ptr=20617181003776 size=6083072B
[FWD-PRE] #621 | Conv2d_2a_3x3.bn                         | weight=shape=(32,) ptr=20616935680512 size=128B
[FWD-PRE] #621 | Conv2d_2a_3x3.bn                         | bias=shape=(32,) ptr=20616935681024 size=128B
[FWD-PRE] #621 | Conv2d_2a_3x3.bn                         | running_mean=shape=(32,) ptr=20616935681536 size=128B
[FWD-PRE] #621 | Conv2d_2a_3x3.bn                         | running_var=shape=(32,) ptr=20616935682048 size=128B
[FWD-POST] #622 | Conv2d_2a_3x3.bn                         | out[0]=shape=(4, 32, 109, 109) ptr=20617160032256 size=6083072B
[FWD-POST] #623 | Conv2d_2a_3x3.bn                         | out[0]=shape=(4, 32, 109, 109) ptr=20617160032256 size=6083072B
[FWD-PRE] #624 | relu_relu_1                              | inp[0]=shape=(4, 32, 109, 109) ptr=20617160032256 size=6083072B
[FWD-PRE] #625 | relu_relu_1                              | inp[0]=shape=(4, 32, 109, 109) ptr=20617160032256 size=6083072B
[FWD-POST] #626 | relu_relu_1                              | out[0]=shape=(4, 32, 109, 109) ptr=20617363473408 size=6083072B
[FWD-POST] #627 | relu_relu_1                              | out[0]=shape=(4, 32, 109, 109) ptr=20617363473408 size=6083072B
[FWD-PRE] #628 | Conv2d_2b_3x3.conv                       | inp[0]=shape=(4, 32, 109, 109) ptr=20617363473408 size=6083072B
[FWD-PRE] #628 | Conv2d_2b_3x3.conv                       | weight=shape=(64, 32, 3, 3) ptr=20616935683072 size=73728B
[FWD-PRE] #629 | Conv2d_2b_3x3.conv                       | inp[0]=shape=(4, 32, 109, 109) ptr=20617363473408 size=6083072B
[FWD-PRE] #629 | Conv2d_2b_3x3.conv                       | weight=shape=(64, 32, 3, 3) ptr=20616935683072 size=73728B
[FWD-POST] #630 | Conv2d_2b_3x3.conv                       | out[0]=shape=(4, 64, 109, 109) ptr=20617080340480 size=12166144B
[FWD-POST] #631 | Conv2d_2b_3x3.conv                       | out[0]=shape=(4, 64, 109, 109) ptr=20617080340480 size=12166144B
[FWD-PRE] #632 | Conv2d_2b_3x3.bn                         | inp[0]=shape=(4, 64, 109, 109) ptr=20617080340480 size=12166144B
[FWD-PRE] #632 | Conv2d_2b_3x3.bn                         | weight=shape=(64,) ptr=20616935757312 size=256B
[FWD-PRE] #632 | Conv2d_2b_3x3.bn                         | bias=shape=(64,) ptr=20616935757824 size=256B
[FWD-PRE] #632 | Conv2d_2b_3x3.bn                         | running_mean=shape=(64,) ptr=20616935758336 size=256B
[FWD-PRE] #632 | Conv2d_2b_3x3.bn                         | running_var=shape=(64,) ptr=20616935758848 size=256B
[FWD-PRE] #633 | Conv2d_2b_3x3.bn                         | inp[0]=shape=(4, 64, 109, 109) ptr=20617080340480 size=12166144B
[FWD-PRE] #633 | Conv2d_2b_3x3.bn                         | weight=shape=(64,) ptr=20616935757312 size=256B
[FWD-PRE] #633 | Conv2d_2b_3x3.bn                         | bias=shape=(64,) ptr=20616935757824 size=256B
[FWD-PRE] #633 | Conv2d_2b_3x3.bn                         | running_mean=shape=(64,) ptr=20616935758336 size=256B
[FWD-PRE] #633 | Conv2d_2b_3x3.bn                         | running_var=shape=(64,) ptr=20616935758848 size=256B
[FWD-POST] #634 | Conv2d_2b_3x3.bn                         | out[0]=shape=(4, 64, 109, 109) ptr=20617124380672 size=12166144B
[FWD-POST] #635 | Conv2d_2b_3x3.bn                         | out[0]=shape=(4, 64, 109, 109) ptr=20617124380672 size=12166144B
[FWD-PRE] #636 | relu_relu_2                              | inp[0]=shape=(4, 64, 109, 109) ptr=20617124380672 size=12166144B
[FWD-PRE] #637 | relu_relu_2                              | inp[0]=shape=(4, 64, 109, 109) ptr=20617124380672 size=12166144B
[FWD-POST] #638 | relu_relu_2                              | out[0]=shape=(4, 64, 109, 109) ptr=20617105506304 size=12166144B
[FWD-POST] #639 | relu_relu_2                              | out[0]=shape=(4, 64, 109, 109) ptr=20617105506304 size=12166144B
[FWD-PRE] #640 | maxpool1                                 | inp[0]=shape=(4, 64, 109, 109) ptr=20617105506304 size=12166144B
[FWD-PRE] #641 | maxpool1                                 | inp[0]=shape=(4, 64, 109, 109) ptr=20617105506304 size=12166144B
[FWD-POST] #642 | maxpool1                                 | out[0]=shape=(4, 64, 54, 54) ptr=20617035155456 size=2985984B
[FWD-POST] #643 | maxpool1                                 | out[0]=shape=(4, 64, 54, 54) ptr=20617035155456 size=2985984B
[FWD-PRE] #644 | Conv2d_3b_1x1.conv                       | inp[0]=shape=(4, 64, 54, 54) ptr=20617035155456 size=2985984B
[FWD-PRE] #644 | Conv2d_3b_1x1.conv                       | weight=shape=(80, 64, 1, 1) ptr=20616935759872 size=20480B
[FWD-PRE] #645 | Conv2d_3b_1x1.conv                       | inp[0]=shape=(4, 64, 54, 54) ptr=20617035155456 size=2985984B
[FWD-PRE] #645 | Conv2d_3b_1x1.conv                       | weight=shape=(80, 64, 1, 1) ptr=20616935759872 size=20480B
[FWD-POST] #646 | Conv2d_3b_1x1.conv                       | out[0]=shape=(4, 80, 54, 54) ptr=20617099232256 size=3732480B
[FWD-POST] #647 | Conv2d_3b_1x1.conv                       | out[0]=shape=(4, 80, 54, 54) ptr=20617099232256 size=3732480B
[FWD-PRE] #648 | Conv2d_3b_1x1.bn                         | inp[0]=shape=(4, 80, 54, 54) ptr=20617099232256 size=3732480B
[FWD-PRE] #648 | Conv2d_3b_1x1.bn                         | weight=shape=(80,) ptr=20616935780864 size=320B
[FWD-PRE] #648 | Conv2d_3b_1x1.bn                         | bias=shape=(80,) ptr=20616935781376 size=320B
[FWD-PRE] #648 | Conv2d_3b_1x1.bn                         | running_mean=shape=(80,) ptr=20616935781888 size=320B
[FWD-PRE] #648 | Conv2d_3b_1x1.bn                         | running_var=shape=(80,) ptr=20616935782400 size=320B
[FWD-PRE] #649 | Conv2d_3b_1x1.bn                         | inp[0]=shape=(4, 80, 54, 54) ptr=20617099232256 size=3732480B
[FWD-PRE] #649 | Conv2d_3b_1x1.bn                         | weight=shape=(80,) ptr=20616935780864 size=320B
[FWD-PRE] #649 | Conv2d_3b_1x1.bn                         | bias=shape=(80,) ptr=20616935781376 size=320B
[FWD-PRE] #649 | Conv2d_3b_1x1.bn                         | running_mean=shape=(80,) ptr=20616935781888 size=320B
[FWD-PRE] #649 | Conv2d_3b_1x1.bn                         | running_var=shape=(80,) ptr=20616935782400 size=320B
[FWD-POST] #650 | Conv2d_3b_1x1.bn                         | out[0]=shape=(4, 80, 54, 54) ptr=20617369556992 size=3732480B
[FWD-POST] #651 | Conv2d_3b_1x1.bn                         | out[0]=shape=(4, 80, 54, 54) ptr=20617369556992 size=3732480B
[FWD-PRE] #652 | relu_relu_3                              | inp[0]=shape=(4, 80, 54, 54) ptr=20617369556992 size=3732480B
[FWD-PRE] #653 | relu_relu_3                              | inp[0]=shape=(4, 80, 54, 54) ptr=20617369556992 size=3732480B
[FWD-POST] #654 | relu_relu_3                              | out[0]=shape=(4, 80, 54, 54) ptr=20617117672960 size=3732480B
[FWD-POST] #655 | relu_relu_3                              | out[0]=shape=(4, 80, 54, 54) ptr=20617117672960 size=3732480B
[FWD-PRE] #656 | Conv2d_4a_3x3.conv                       | inp[0]=shape=(4, 80, 54, 54) ptr=20617117672960 size=3732480B
[FWD-PRE] #656 | Conv2d_4a_3x3.conv                       | weight=shape=(192, 80, 3, 3) ptr=20616935783424 size=552960B
[FWD-PRE] #657 | Conv2d_4a_3x3.conv                       | inp[0]=shape=(4, 80, 54, 54) ptr=20617117672960 size=3732480B
[FWD-PRE] #657 | Conv2d_4a_3x3.conv                       | weight=shape=(192, 80, 3, 3) ptr=20616935783424 size=552960B
[FWD-POST] #658 | Conv2d_4a_3x3.conv                       | out[0]=shape=(4, 192, 52, 52) ptr=20617160032256 size=8306688B
[FWD-POST] #659 | Conv2d_4a_3x3.conv                       | out[0]=shape=(4, 192, 52, 52) ptr=20617160032256 size=8306688B
[FWD-PRE] #660 | Conv2d_4a_3x3.bn                         | inp[0]=shape=(4, 192, 52, 52) ptr=20617160032256 size=8306688B
[FWD-PRE] #660 | Conv2d_4a_3x3.bn                         | weight=shape=(192,) ptr=20616936336896 size=768B
[FWD-PRE] #660 | Conv2d_4a_3x3.bn                         | bias=shape=(192,) ptr=20616936337920 size=768B
[FWD-PRE] #660 | Conv2d_4a_3x3.bn                         | running_mean=shape=(192,) ptr=20616936338944 size=768B
[FWD-PRE] #660 | Conv2d_4a_3x3.bn                         | running_var=shape=(192,) ptr=20616936339968 size=768B
[FWD-PRE] #661 | Conv2d_4a_3x3.bn                         | inp[0]=shape=(4, 192, 52, 52) ptr=20617160032256 size=8306688B
[FWD-PRE] #661 | Conv2d_4a_3x3.bn                         | weight=shape=(192,) ptr=20616936336896 size=768B
[FWD-PRE] #661 | Conv2d_4a_3x3.bn                         | bias=shape=(192,) ptr=20616936337920 size=768B
[FWD-PRE] #661 | Conv2d_4a_3x3.bn                         | running_mean=shape=(192,) ptr=20616936338944 size=768B
[FWD-PRE] #661 | Conv2d_4a_3x3.bn                         | running_var=shape=(192,) ptr=20616936339968 size=768B
[FWD-POST] #662 | Conv2d_4a_3x3.bn                         | out[0]=shape=(4, 192, 52, 52) ptr=20617376038912 size=8306688B
[FWD-POST] #663 | Conv2d_4a_3x3.bn                         | out[0]=shape=(4, 192, 52, 52) ptr=20617376038912 size=8306688B
[FWD-PRE] #664 | relu_relu_4                              | inp[0]=shape=(4, 192, 52, 52) ptr=20617376038912 size=8306688B
[FWD-PRE] #665 | relu_relu_4                              | inp[0]=shape=(4, 192, 52, 52) ptr=20617376038912 size=8306688B
[FWD-POST] #666 | relu_relu_4                              | out[0]=shape=(4, 192, 52, 52) ptr=20617384346112 size=8306688B
[FWD-POST] #667 | relu_relu_4                              | out[0]=shape=(4, 192, 52, 52) ptr=20617384346112 size=8306688B
[FWD-PRE] #668 | maxpool2                                 | inp[0]=shape=(4, 192, 52, 52) ptr=20617384346112 size=8306688B
[FWD-PRE] #669 | maxpool2                                 | inp[0]=shape=(4, 192, 52, 52) ptr=20617384346112 size=8306688B
[FWD-POST] #670 | maxpool2                                 | out[0]=shape=(4, 192, 25, 25) ptr=20617392653312 size=1920000B
[FWD-POST] #671 | maxpool2                                 | out[0]=shape=(4, 192, 25, 25) ptr=20617392653312 size=1920000B
[FWD-PRE] #672 | Mixed_5b.branch1x1.conv                  | inp[0]=shape=(4, 192, 25, 25) ptr=20617392653312 size=1920000B
[FWD-PRE] #672 | Mixed_5b.branch1x1.conv                  | weight=shape=(64, 192, 1, 1) ptr=20616936341504 size=49152B
[FWD-PRE] #673 | Mixed_5b.branch1x1.conv                  | inp[0]=shape=(4, 192, 25, 25) ptr=20617392653312 size=1920000B
[FWD-PRE] #673 | Mixed_5b.branch1x1.conv                  | weight=shape=(64, 192, 1, 1) ptr=20616936341504 size=49152B
[FWD-POST] #674 | Mixed_5b.branch1x1.conv                  | out[0]=shape=(4, 64, 25, 25) ptr=20617229238272 size=640000B
[FWD-POST] #675 | Mixed_5b.branch1x1.conv                  | out[0]=shape=(4, 64, 25, 25) ptr=20617229238272 size=640000B
[FWD-PRE] #676 | Mixed_5b.branch1x1.bn                    | inp[0]=shape=(4, 64, 25, 25) ptr=20617229238272 size=640000B
[FWD-PRE] #676 | Mixed_5b.branch1x1.bn                    | weight=shape=(64,) ptr=20616936391168 size=256B
[FWD-PRE] #676 | Mixed_5b.branch1x1.bn                    | bias=shape=(64,) ptr=20616936391680 size=256B
[FWD-PRE] #676 | Mixed_5b.branch1x1.bn                    | running_mean=shape=(64,) ptr=20616936392192 size=256B
[FWD-PRE] #676 | Mixed_5b.branch1x1.bn                    | running_var=shape=(64,) ptr=20616936392704 size=256B
[FWD-PRE] #677 | Mixed_5b.branch1x1.bn                    | inp[0]=shape=(4, 64, 25, 25) ptr=20617229238272 size=640000B
[FWD-PRE] #677 | Mixed_5b.branch1x1.bn                    | weight=shape=(64,) ptr=20616936391168 size=256B
[FWD-PRE] #677 | Mixed_5b.branch1x1.bn                    | bias=shape=(64,) ptr=20616936391680 size=256B
[FWD-PRE] #677 | Mixed_5b.branch1x1.bn                    | running_mean=shape=(64,) ptr=20616936392192 size=256B
[FWD-PRE] #677 | Mixed_5b.branch1x1.bn                    | running_var=shape=(64,) ptr=20616936392704 size=256B
[FWD-POST] #678 | Mixed_5b.branch1x1.bn                    | out[0]=shape=(4, 64, 25, 25) ptr=20617016312320 size=640000B
[FWD-POST] #679 | Mixed_5b.branch1x1.bn                    | out[0]=shape=(4, 64, 25, 25) ptr=20617016312320 size=640000B
[FWD-PRE] #680 | relu_relu_5                              | inp[0]=shape=(4, 64, 25, 25) ptr=20617016312320 size=640000B
[FWD-PRE] #681 | relu_relu_5                              | inp[0]=shape=(4, 64, 25, 25) ptr=20617016312320 size=640000B
[FWD-POST] #682 | relu_relu_5                              | out[0]=shape=(4, 64, 25, 25) ptr=20617237626880 size=640000B
[FWD-POST] #683 | relu_relu_5                              | out[0]=shape=(4, 64, 25, 25) ptr=20617237626880 size=640000B
[FWD-PRE] #684 | Mixed_5b.branch5x5_1.conv                | inp[0]=shape=(4, 192, 25, 25) ptr=20617392653312 size=1920000B
[FWD-PRE] #684 | Mixed_5b.branch5x5_1.conv                | weight=shape=(48, 192, 1, 1) ptr=20616936393728 size=36864B
[FWD-PRE] #685 | Mixed_5b.branch5x5_1.conv                | inp[0]=shape=(4, 192, 25, 25) ptr=20617392653312 size=1920000B
[FWD-PRE] #685 | Mixed_5b.branch5x5_1.conv                | weight=shape=(48, 192, 1, 1) ptr=20616936393728 size=36864B
[FWD-POST] #686 | Mixed_5b.branch5x5_1.conv                | out[0]=shape=(4, 48, 25, 25) ptr=20616981255168 size=480000B
[FWD-POST] #687 | Mixed_5b.branch5x5_1.conv                | out[0]=shape=(4, 48, 25, 25) ptr=20616981255168 size=480000B
[FWD-PRE] #688 | Mixed_5b.branch5x5_1.bn                  | inp[0]=shape=(4, 48, 25, 25) ptr=20616981255168 size=480000B
[FWD-PRE] #688 | Mixed_5b.branch5x5_1.bn                  | weight=shape=(48,) ptr=20616936431104 size=192B
[FWD-PRE] #688 | Mixed_5b.branch5x5_1.bn                  | bias=shape=(48,) ptr=20616936431616 size=192B
[FWD-PRE] #688 | Mixed_5b.branch5x5_1.bn                  | running_mean=shape=(48,) ptr=20616936432128 size=192B
[FWD-PRE] #688 | Mixed_5b.branch5x5_1.bn                  | running_var=shape=(48,) ptr=20616936432640 size=192B
[FWD-PRE] #689 | Mixed_5b.branch5x5_1.bn                  | inp[0]=shape=(4, 48, 25, 25) ptr=20616981255168 size=480000B
[FWD-PRE] #689 | Mixed_5b.branch5x5_1.bn                  | weight=shape=(48,) ptr=20616936431104 size=192B
[FWD-PRE] #689 | Mixed_5b.branch5x5_1.bn                  | bias=shape=(48,) ptr=20616936431616 size=192B
[FWD-PRE] #689 | Mixed_5b.branch5x5_1.bn                  | running_mean=shape=(48,) ptr=20616936432128 size=192B
[FWD-PRE] #689 | Mixed_5b.branch5x5_1.bn                  | running_var=shape=(48,) ptr=20616936432640 size=192B
[FWD-POST] #690 | Mixed_5b.branch5x5_1.bn                  | out[0]=shape=(4, 48, 25, 25) ptr=20617238267392 size=480000B
[FWD-POST] #691 | Mixed_5b.branch5x5_1.bn                  | out[0]=shape=(4, 48, 25, 25) ptr=20617238267392 size=480000B
[FWD-PRE] #692 | relu_relu_6                              | inp[0]=shape=(4, 48, 25, 25) ptr=20617238267392 size=480000B
[FWD-PRE] #693 | relu_relu_6                              | inp[0]=shape=(4, 48, 25, 25) ptr=20617238267392 size=480000B
[FWD-POST] #694 | relu_relu_6                              | out[0]=shape=(4, 48, 25, 25) ptr=20617016312320 size=480000B
[FWD-POST] #695 | relu_relu_6                              | out[0]=shape=(4, 48, 25, 25) ptr=20617016312320 size=480000B
[FWD-PRE] #696 | Mixed_5b.branch5x5_2.conv                | inp[0]=shape=(4, 48, 25, 25) ptr=20617016312320 size=480000B
[FWD-PRE] #696 | Mixed_5b.branch5x5_2.conv                | weight=shape=(64, 48, 5, 5) ptr=20616936433664 size=307200B
[FWD-PRE] #697 | Mixed_5b.branch5x5_2.conv                | inp[0]=shape=(4, 48, 25, 25) ptr=20617016312320 size=480000B
[FWD-PRE] #697 | Mixed_5b.branch5x5_2.conv                | weight=shape=(64, 48, 5, 5) ptr=20616936433664 size=307200B
[FWD-POST] #698 | Mixed_5b.branch5x5_2.conv                | out[0]=shape=(4, 64, 25, 25) ptr=20617230123520 size=640000B
[FWD-POST] #699 | Mixed_5b.branch5x5_2.conv                | out[0]=shape=(4, 64, 25, 25) ptr=20617230123520 size=640000B
[FWD-PRE] #700 | Mixed_5b.branch5x5_2.bn                  | inp[0]=shape=(4, 64, 25, 25) ptr=20617230123520 size=640000B
[FWD-PRE] #700 | Mixed_5b.branch5x5_2.bn                  | weight=shape=(64,) ptr=20616936741376 size=256B
[FWD-PRE] #700 | Mixed_5b.branch5x5_2.bn                  | bias=shape=(64,) ptr=20616936741888 size=256B
[FWD-PRE] #700 | Mixed_5b.branch5x5_2.bn                  | running_mean=shape=(64,) ptr=20616936742400 size=256B
[FWD-PRE] #700 | Mixed_5b.branch5x5_2.bn                  | running_var=shape=(64,) ptr=20616936742912 size=256B
[FWD-PRE] #701 | Mixed_5b.branch5x5_2.bn                  | inp[0]=shape=(4, 64, 25, 25) ptr=20617230123520 size=640000B
[FWD-PRE] #701 | Mixed_5b.branch5x5_2.bn                  | weight=shape=(64,) ptr=20616936741376 size=256B
[FWD-PRE] #701 | Mixed_5b.branch5x5_2.bn                  | bias=shape=(64,) ptr=20616936741888 size=256B
[FWD-PRE] #701 | Mixed_5b.branch5x5_2.bn                  | running_mean=shape=(64,) ptr=20616936742400 size=256B
[FWD-PRE] #701 | Mixed_5b.branch5x5_2.bn                  | running_var=shape=(64,) ptr=20616936742912 size=256B
[FWD-POST] #702 | Mixed_5b.branch5x5_2.bn                  | out[0]=shape=(4, 64, 25, 25) ptr=20617231335424 size=640000B
[FWD-POST] #703 | Mixed_5b.branch5x5_2.bn                  | out[0]=shape=(4, 64, 25, 25) ptr=20617231335424 size=640000B
[FWD-PRE] #704 | relu_relu_7                              | inp[0]=shape=(4, 64, 25, 25) ptr=20617231335424 size=640000B
[FWD-PRE] #705 | relu_relu_7                              | inp[0]=shape=(4, 64, 25, 25) ptr=20617231335424 size=640000B
[FWD-POST] #706 | relu_relu_7                              | out[0]=shape=(4, 64, 25, 25) ptr=20617231975936 size=640000B
[FWD-POST] #707 | relu_relu_7                              | out[0]=shape=(4, 64, 25, 25) ptr=20617231975936 size=640000B
[FWD-PRE] #708 | Mixed_5b.branch3x3dbl_1.conv             | inp[0]=shape=(4, 192, 25, 25) ptr=20617392653312 size=1920000B
[FWD-PRE] #708 | Mixed_5b.branch3x3dbl_1.conv             | weight=shape=(64, 192, 1, 1) ptr=20616936743936 size=49152B
[FWD-PRE] #709 | Mixed_5b.branch3x3dbl_1.conv             | inp[0]=shape=(4, 192, 25, 25) ptr=20617392653312 size=1920000B
[FWD-PRE] #709 | Mixed_5b.branch3x3dbl_1.conv             | weight=shape=(64, 192, 1, 1) ptr=20616936743936 size=49152B
[FWD-POST] #710 | Mixed_5b.branch3x3dbl_1.conv             | out[0]=shape=(4, 64, 25, 25) ptr=20617231335424 size=640000B
[FWD-POST] #711 | Mixed_5b.branch3x3dbl_1.conv             | out[0]=shape=(4, 64, 25, 25) ptr=20617231335424 size=640000B
[FWD-PRE] #712 | Mixed_5b.branch3x3dbl_1.bn               | inp[0]=shape=(4, 64, 25, 25) ptr=20617231335424 size=640000B
[FWD-PRE] #712 | Mixed_5b.branch3x3dbl_1.bn               | weight=shape=(64,) ptr=20616936793600 size=256B
[FWD-PRE] #712 | Mixed_5b.branch3x3dbl_1.bn               | bias=shape=(64,) ptr=20616936794112 size=256B
[FWD-PRE] #712 | Mixed_5b.branch3x3dbl_1.bn               | running_mean=shape=(64,) ptr=20616936794624 size=256B
[FWD-PRE] #712 | Mixed_5b.branch3x3dbl_1.bn               | running_var=shape=(64,) ptr=20616936795136 size=256B
[FWD-PRE] #713 | Mixed_5b.branch3x3dbl_1.bn               | inp[0]=shape=(4, 64, 25, 25) ptr=20617231335424 size=640000B
[FWD-PRE] #713 | Mixed_5b.branch3x3dbl_1.bn               | weight=shape=(64,) ptr=20616936793600 size=256B
[FWD-PRE] #713 | Mixed_5b.branch3x3dbl_1.bn               | bias=shape=(64,) ptr=20616936794112 size=256B
[FWD-PRE] #713 | Mixed_5b.branch3x3dbl_1.bn               | running_mean=shape=(64,) ptr=20616936794624 size=256B
[FWD-PRE] #713 | Mixed_5b.branch3x3dbl_1.bn               | running_var=shape=(64,) ptr=20616936795136 size=256B
[FWD-POST] #714 | Mixed_5b.branch3x3dbl_1.bn               | out[0]=shape=(4, 64, 25, 25) ptr=20617214558208 size=640000B
[FWD-POST] #715 | Mixed_5b.branch3x3dbl_1.bn               | out[0]=shape=(4, 64, 25, 25) ptr=20617214558208 size=640000B
[FWD-PRE] #716 | relu_relu_8                              | inp[0]=shape=(4, 64, 25, 25) ptr=20617214558208 size=640000B
[FWD-PRE] #717 | relu_relu_8                              | inp[0]=shape=(4, 64, 25, 25) ptr=20617214558208 size=640000B
[FWD-POST] #718 | relu_relu_8                              | out[0]=shape=(4, 64, 25, 25) ptr=20617215198720 size=640000B
[FWD-POST] #719 | relu_relu_8                              | out[0]=shape=(4, 64, 25, 25) ptr=20617215198720 size=640000B
[FWD-PRE] #720 | Mixed_5b.branch3x3dbl_2.conv             | inp[0]=shape=(4, 64, 25, 25) ptr=20617215198720 size=640000B
[FWD-PRE] #720 | Mixed_5b.branch3x3dbl_2.conv             | weight=shape=(96, 64, 3, 3) ptr=20616936796160 size=221184B
[FWD-PRE] #721 | Mixed_5b.branch3x3dbl_2.conv             | inp[0]=shape=(4, 64, 25, 25) ptr=20617215198720 size=640000B
[FWD-PRE] #721 | Mixed_5b.branch3x3dbl_2.conv             | weight=shape=(96, 64, 3, 3) ptr=20616936796160 size=221184B
[FWD-POST] #722 | Mixed_5b.branch3x3dbl_2.conv             | out[0]=shape=(4, 96, 25, 25) ptr=20617197780992 size=960000B
[FWD-POST] #723 | Mixed_5b.branch3x3dbl_2.conv             | out[0]=shape=(4, 96, 25, 25) ptr=20617197780992 size=960000B
[FWD-PRE] #724 | Mixed_5b.branch3x3dbl_2.bn               | inp[0]=shape=(4, 96, 25, 25) ptr=20617197780992 size=960000B
[FWD-PRE] #724 | Mixed_5b.branch3x3dbl_2.bn               | weight=shape=(96,) ptr=20616937017856 size=384B
[FWD-PRE] #724 | Mixed_5b.branch3x3dbl_2.bn               | bias=shape=(96,) ptr=20616937018368 size=384B
[FWD-PRE] #724 | Mixed_5b.branch3x3dbl_2.bn               | running_mean=shape=(96,) ptr=20616937018880 size=384B
[FWD-PRE] #724 | Mixed_5b.branch3x3dbl_2.bn               | running_var=shape=(96,) ptr=20616937019392 size=384B
[FWD-PRE] #725 | Mixed_5b.branch3x3dbl_2.bn               | inp[0]=shape=(4, 96, 25, 25) ptr=20617197780992 size=960000B
[FWD-PRE] #725 | Mixed_5b.branch3x3dbl_2.bn               | weight=shape=(96,) ptr=20616937017856 size=384B
[FWD-PRE] #725 | Mixed_5b.branch3x3dbl_2.bn               | bias=shape=(96,) ptr=20616937018368 size=384B
[FWD-PRE] #725 | Mixed_5b.branch3x3dbl_2.bn               | running_mean=shape=(96,) ptr=20616937018880 size=384B
[FWD-PRE] #725 | Mixed_5b.branch3x3dbl_2.bn               | running_var=shape=(96,) ptr=20616937019392 size=384B
[FWD-POST] #726 | Mixed_5b.branch3x3dbl_2.bn               | out[0]=shape=(4, 96, 25, 25) ptr=20617201975296 size=960000B
[FWD-POST] #727 | Mixed_5b.branch3x3dbl_2.bn               | out[0]=shape=(4, 96, 25, 25) ptr=20617201975296 size=960000B
[FWD-PRE] #728 | relu_relu_9                              | inp[0]=shape=(4, 96, 25, 25) ptr=20617201975296 size=960000B
[FWD-PRE] #729 | relu_relu_9                              | inp[0]=shape=(4, 96, 25, 25) ptr=20617201975296 size=960000B
[FWD-POST] #730 | relu_relu_9                              | out[0]=shape=(4, 96, 25, 25) ptr=20617202935808 size=960000B
[FWD-POST] #731 | relu_relu_9                              | out[0]=shape=(4, 96, 25, 25) ptr=20617202935808 size=960000B
[FWD-PRE] #732 | Mixed_5b.branch3x3dbl_3.conv             | inp[0]=shape=(4, 96, 25, 25) ptr=20617202935808 size=960000B
[FWD-PRE] #732 | Mixed_5b.branch3x3dbl_3.conv             | weight=shape=(96, 96, 3, 3) ptr=20616937020416 size=331776B
[FWD-PRE] #733 | Mixed_5b.branch3x3dbl_3.conv             | inp[0]=shape=(4, 96, 25, 25) ptr=20617202935808 size=960000B
[FWD-PRE] #733 | Mixed_5b.branch3x3dbl_3.conv             | weight=shape=(96, 96, 3, 3) ptr=20616937020416 size=331776B
[FWD-POST] #734 | Mixed_5b.branch3x3dbl_3.conv             | out[0]=shape=(4, 96, 25, 25) ptr=20617201975296 size=960000B
[FWD-POST] #735 | Mixed_5b.branch3x3dbl_3.conv             | out[0]=shape=(4, 96, 25, 25) ptr=20617201975296 size=960000B
[FWD-PRE] #736 | Mixed_5b.branch3x3dbl_3.bn               | inp[0]=shape=(4, 96, 25, 25) ptr=20617201975296 size=960000B
[FWD-PRE] #736 | Mixed_5b.branch3x3dbl_3.bn               | weight=shape=(96,) ptr=20616937352704 size=384B
[FWD-PRE] #736 | Mixed_5b.branch3x3dbl_3.bn               | bias=shape=(96,) ptr=20616937353216 size=384B
[FWD-PRE] #736 | Mixed_5b.branch3x3dbl_3.bn               | running_mean=shape=(96,) ptr=20616937353728 size=384B
[FWD-PRE] #736 | Mixed_5b.branch3x3dbl_3.bn               | running_var=shape=(96,) ptr=20616937354240 size=384B
[FWD-PRE] #737 | Mixed_5b.branch3x3dbl_3.bn               | inp[0]=shape=(4, 96, 25, 25) ptr=20617201975296 size=960000B
[FWD-PRE] #737 | Mixed_5b.branch3x3dbl_3.bn               | weight=shape=(96,) ptr=20616937352704 size=384B
[FWD-PRE] #737 | Mixed_5b.branch3x3dbl_3.bn               | bias=shape=(96,) ptr=20616937353216 size=384B
[FWD-PRE] #737 | Mixed_5b.branch3x3dbl_3.bn               | running_mean=shape=(96,) ptr=20616937353728 size=384B
[FWD-PRE] #737 | Mixed_5b.branch3x3dbl_3.bn               | running_var=shape=(96,) ptr=20616937354240 size=384B
[FWD-POST] #738 | Mixed_5b.branch3x3dbl_3.bn               | out[0]=shape=(4, 96, 25, 25) ptr=20617216655360 size=960000B
[FWD-POST] #739 | Mixed_5b.branch3x3dbl_3.bn               | out[0]=shape=(4, 96, 25, 25) ptr=20617216655360 size=960000B
[FWD-PRE] #740 | relu_relu_10                             | inp[0]=shape=(4, 96, 25, 25) ptr=20617216655360 size=960000B
[FWD-PRE] #741 | relu_relu_10                             | inp[0]=shape=(4, 96, 25, 25) ptr=20617216655360 size=960000B
[FWD-POST] #742 | relu_relu_10                             | out[0]=shape=(4, 96, 25, 25) ptr=20617217615872 size=960000B
[FWD-POST] #743 | relu_relu_10                             | out[0]=shape=(4, 96, 25, 25) ptr=20617217615872 size=960000B
[FWD-PRE] #744 | Mixed_5b.branch_pool.conv                | inp[0]=shape=(4, 192, 25, 25) ptr=20617121405952 size=1920000B
[FWD-PRE] #744 | Mixed_5b.branch_pool.conv                | weight=shape=(32, 192, 1, 1) ptr=20616937355264 size=24576B
[FWD-PRE] #745 | Mixed_5b.branch_pool.conv                | inp[0]=shape=(4, 192, 25, 25) ptr=20617121405952 size=1920000B
[FWD-PRE] #745 | Mixed_5b.branch_pool.conv                | weight=shape=(32, 192, 1, 1) ptr=20616937355264 size=24576B
[FWD-POST] #746 | Mixed_5b.branch_pool.conv                | out[0]=shape=(4, 32, 25, 25) ptr=20617239398400 size=320000B
[FWD-POST] #747 | Mixed_5b.branch_pool.conv                | out[0]=shape=(4, 32, 25, 25) ptr=20617239398400 size=320000B
[FWD-PRE] #748 | Mixed_5b.branch_pool.bn                  | inp[0]=shape=(4, 32, 25, 25) ptr=20617239398400 size=320000B
[FWD-PRE] #748 | Mixed_5b.branch_pool.bn                  | weight=shape=(32,) ptr=20616937380352 size=128B
[FWD-PRE] #748 | Mixed_5b.branch_pool.bn                  | bias=shape=(32,) ptr=20616937380864 size=128B
[FWD-PRE] #748 | Mixed_5b.branch_pool.bn                  | running_mean=shape=(32,) ptr=20616937381376 size=128B
[FWD-PRE] #748 | Mixed_5b.branch_pool.bn                  | running_var=shape=(32,) ptr=20616937381888 size=128B
[FWD-PRE] #749 | Mixed_5b.branch_pool.bn                  | inp[0]=shape=(4, 32, 25, 25) ptr=20617239398400 size=320000B
[FWD-PRE] #749 | Mixed_5b.branch_pool.bn                  | weight=shape=(32,) ptr=20616937380352 size=128B
[FWD-PRE] #749 | Mixed_5b.branch_pool.bn                  | bias=shape=(32,) ptr=20616937380864 size=128B
[FWD-PRE] #749 | Mixed_5b.branch_pool.bn                  | running_mean=shape=(32,) ptr=20616937381376 size=128B
[FWD-PRE] #749 | Mixed_5b.branch_pool.bn                  | running_var=shape=(32,) ptr=20616937381888 size=128B
[FWD-POST] #750 | Mixed_5b.branch_pool.bn                  | out[0]=shape=(4, 32, 25, 25) ptr=20617233986048 size=320000B
[FWD-POST] #751 | Mixed_5b.branch_pool.bn                  | out[0]=shape=(4, 32, 25, 25) ptr=20617233986048 size=320000B
[FWD-PRE] #752 | relu_relu_11                             | inp[0]=shape=(4, 32, 25, 25) ptr=20617233986048 size=320000B
[FWD-PRE] #753 | relu_relu_11                             | inp[0]=shape=(4, 32, 25, 25) ptr=20617233986048 size=320000B
[FWD-POST] #754 | relu_relu_11                             | out[0]=shape=(4, 32, 25, 25) ptr=20617256501248 size=320000B
[FWD-POST] #755 | relu_relu_11                             | out[0]=shape=(4, 32, 25, 25) ptr=20617256501248 size=320000B
[FWD-POST] #758 | cat_cat                                  | out[0]=shape=(4, 256, 25, 25) ptr=20617369556992 size=2560000B
[FWD-POST] #759 | cat_cat                                  | out[0]=shape=(4, 256, 25, 25) ptr=20617369556992 size=2560000B
[FWD-PRE] #760 | Mixed_5c.branch1x1.conv                  | inp[0]=shape=(4, 256, 25, 25) ptr=20617369556992 size=2560000B
[FWD-PRE] #760 | Mixed_5c.branch1x1.conv                  | weight=shape=(64, 256, 1, 1) ptr=20616937382912 size=65536B
[FWD-PRE] #761 | Mixed_5c.branch1x1.conv                  | inp[0]=shape=(4, 256, 25, 25) ptr=20617369556992 size=2560000B
[FWD-PRE] #761 | Mixed_5c.branch1x1.conv                  | weight=shape=(64, 256, 1, 1) ptr=20616937382912 size=65536B
[FWD-POST] #762 | Mixed_5c.branch1x1.conv                  | out[0]=shape=(4, 64, 25, 25) ptr=20617214558208 size=640000B
[FWD-POST] #763 | Mixed_5c.branch1x1.conv                  | out[0]=shape=(4, 64, 25, 25) ptr=20617214558208 size=640000B
[FWD-PRE] #764 | Mixed_5c.branch1x1.bn                    | inp[0]=shape=(4, 64, 25, 25) ptr=20617214558208 size=640000B
[FWD-PRE] #764 | Mixed_5c.branch1x1.bn                    | weight=shape=(64,) ptr=20616937448960 size=256B
[FWD-PRE] #764 | Mixed_5c.branch1x1.bn                    | bias=shape=(64,) ptr=20616937449472 size=256B
[FWD-PRE] #764 | Mixed_5c.branch1x1.bn                    | running_mean=shape=(64,) ptr=20616937449984 size=256B
[FWD-PRE] #764 | Mixed_5c.branch1x1.bn                    | running_var=shape=(64,) ptr=20616937450496 size=256B
[FWD-PRE] #765 | Mixed_5c.branch1x1.bn                    | inp[0]=shape=(4, 64, 25, 25) ptr=20617214558208 size=640000B
[FWD-PRE] #765 | Mixed_5c.branch1x1.bn                    | weight=shape=(64,) ptr=20616937448960 size=256B
[FWD-PRE] #765 | Mixed_5c.branch1x1.bn                    | bias=shape=(64,) ptr=20616937449472 size=256B
[FWD-PRE] #765 | Mixed_5c.branch1x1.bn                    | running_mean=shape=(64,) ptr=20616937449984 size=256B
[FWD-PRE] #765 | Mixed_5c.branch1x1.bn                    | running_var=shape=(64,) ptr=20616937450496 size=256B
[FWD-POST] #766 | Mixed_5c.branch1x1.bn                    | out[0]=shape=(4, 64, 25, 25) ptr=20617198741504 size=640000B
[FWD-POST] #767 | Mixed_5c.branch1x1.bn                    | out[0]=shape=(4, 64, 25, 25) ptr=20617198741504 size=640000B
[FWD-PRE] #768 | relu_relu_12                             | inp[0]=shape=(4, 64, 25, 25) ptr=20617198741504 size=640000B
[FWD-PRE] #769 | relu_relu_12                             | inp[0]=shape=(4, 64, 25, 25) ptr=20617198741504 size=640000B
[FWD-POST] #770 | relu_relu_12                             | out[0]=shape=(4, 64, 25, 25) ptr=20617216655360 size=640000B
[FWD-POST] #771 | relu_relu_12                             | out[0]=shape=(4, 64, 25, 25) ptr=20617216655360 size=640000B
[FWD-PRE] #772 | Mixed_5c.branch5x5_1.conv                | inp[0]=shape=(4, 256, 25, 25) ptr=20617369556992 size=2560000B
[FWD-PRE] #772 | Mixed_5c.branch5x5_1.conv                | weight=shape=(48, 256, 1, 1) ptr=20616937451520 size=49152B
[FWD-PRE] #773 | Mixed_5c.branch5x5_1.conv                | inp[0]=shape=(4, 256, 25, 25) ptr=20617369556992 size=2560000B
[FWD-PRE] #773 | Mixed_5c.branch5x5_1.conv                | weight=shape=(48, 256, 1, 1) ptr=20616937451520 size=49152B
[FWD-POST] #774 | Mixed_5c.branch5x5_1.conv                | out[0]=shape=(4, 48, 25, 25) ptr=20617238267392 size=480000B
[FWD-POST] #775 | Mixed_5c.branch5x5_1.conv                | out[0]=shape=(4, 48, 25, 25) ptr=20617238267392 size=480000B
[FWD-PRE] #776 | Mixed_5c.branch5x5_1.bn                  | inp[0]=shape=(4, 48, 25, 25) ptr=20617238267392 size=480000B
[FWD-PRE] #776 | Mixed_5c.branch5x5_1.bn                  | weight=shape=(48,) ptr=20616937501184 size=192B
[FWD-PRE] #776 | Mixed_5c.branch5x5_1.bn                  | bias=shape=(48,) ptr=20616937501696 size=192B
[FWD-PRE] #776 | Mixed_5c.branch5x5_1.bn                  | running_mean=shape=(48,) ptr=20616937502208 size=192B
[FWD-PRE] #776 | Mixed_5c.branch5x5_1.bn                  | running_var=shape=(48,) ptr=20616937502720 size=192B
[FWD-PRE] #777 | Mixed_5c.branch5x5_1.bn                  | inp[0]=shape=(4, 48, 25, 25) ptr=20617238267392 size=480000B
[FWD-PRE] #777 | Mixed_5c.branch5x5_1.bn                  | weight=shape=(48,) ptr=20616937501184 size=192B
[FWD-PRE] #777 | Mixed_5c.branch5x5_1.bn                  | bias=shape=(48,) ptr=20616937501696 size=192B
[FWD-PRE] #777 | Mixed_5c.branch5x5_1.bn                  | running_mean=shape=(48,) ptr=20616937502208 size=192B
[FWD-PRE] #777 | Mixed_5c.branch5x5_1.bn                  | running_var=shape=(48,) ptr=20616937502720 size=192B
[FWD-POST] #778 | Mixed_5c.branch5x5_1.bn                  | out[0]=shape=(4, 48, 25, 25) ptr=20617230764032 size=480000B
[FWD-POST] #779 | Mixed_5c.branch5x5_1.bn                  | out[0]=shape=(4, 48, 25, 25) ptr=20617230764032 size=480000B
[FWD-PRE] #780 | relu_relu_13                             | inp[0]=shape=(4, 48, 25, 25) ptr=20617230764032 size=480000B
[FWD-PRE] #781 | relu_relu_13                             | inp[0]=shape=(4, 48, 25, 25) ptr=20617230764032 size=480000B
[FWD-POST] #782 | relu_relu_13                             | out[0]=shape=(4, 48, 25, 25) ptr=20617016792576 size=480000B
[FWD-POST] #783 | relu_relu_13                             | out[0]=shape=(4, 48, 25, 25) ptr=20617016792576 size=480000B
[FWD-PRE] #784 | Mixed_5c.branch5x5_2.conv                | inp[0]=shape=(4, 48, 25, 25) ptr=20617016792576 size=480000B
[FWD-PRE] #784 | Mixed_5c.branch5x5_2.conv                | weight=shape=(64, 48, 5, 5) ptr=20616937734144 size=307200B
[FWD-PRE] #785 | Mixed_5c.branch5x5_2.conv                | inp[0]=shape=(4, 48, 25, 25) ptr=20617016792576 size=480000B
[FWD-PRE] #785 | Mixed_5c.branch5x5_2.conv                | weight=shape=(64, 48, 5, 5) ptr=20616937734144 size=307200B
[FWD-POST] #786 | Mixed_5c.branch5x5_2.conv                | out[0]=shape=(4, 64, 25, 25) ptr=20617198741504 size=640000B
[FWD-POST] #787 | Mixed_5c.branch5x5_2.conv                | out[0]=shape=(4, 64, 25, 25) ptr=20617198741504 size=640000B
[FWD-PRE] #788 | Mixed_5c.branch5x5_2.bn                  | inp[0]=shape=(4, 64, 25, 25) ptr=20617198741504 size=640000B
[FWD-PRE] #788 | Mixed_5c.branch5x5_2.bn                  | weight=shape=(64,) ptr=20616937503744 size=256B
[FWD-PRE] #788 | Mixed_5c.branch5x5_2.bn                  | bias=shape=(64,) ptr=20616937504256 size=256B
[FWD-PRE] #788 | Mixed_5c.branch5x5_2.bn                  | running_mean=shape=(64,) ptr=20616937504768 size=256B
[FWD-PRE] #788 | Mixed_5c.branch5x5_2.bn                  | running_var=shape=(64,) ptr=20616937505280 size=256B
[FWD-PRE] #789 | Mixed_5c.branch5x5_2.bn                  | inp[0]=shape=(4, 64, 25, 25) ptr=20617198741504 size=640000B
[FWD-PRE] #789 | Mixed_5c.branch5x5_2.bn                  | weight=shape=(64,) ptr=20616937503744 size=256B
[FWD-PRE] #789 | Mixed_5c.branch5x5_2.bn                  | bias=shape=(64,) ptr=20616937504256 size=256B
[FWD-PRE] #789 | Mixed_5c.branch5x5_2.bn                  | running_mean=shape=(64,) ptr=20616937504768 size=256B
[FWD-PRE] #789 | Mixed_5c.branch5x5_2.bn                  | running_var=shape=(64,) ptr=20616937505280 size=256B
[FWD-POST] #790 | Mixed_5c.branch5x5_2.bn                  | out[0]=shape=(4, 64, 25, 25) ptr=20617199878144 size=640000B
[FWD-POST] #791 | Mixed_5c.branch5x5_2.bn                  | out[0]=shape=(4, 64, 25, 25) ptr=20617199878144 size=640000B
[FWD-PRE] #792 | relu_relu_14                             | inp[0]=shape=(4, 64, 25, 25) ptr=20617199878144 size=640000B
[FWD-PRE] #793 | relu_relu_14                             | inp[0]=shape=(4, 64, 25, 25) ptr=20617199878144 size=640000B
[FWD-POST] #794 | relu_relu_14                             | out[0]=shape=(4, 64, 25, 25) ptr=20617200518656 size=640000B
[FWD-POST] #795 | relu_relu_14                             | out[0]=shape=(4, 64, 25, 25) ptr=20617200518656 size=640000B
[FWD-PRE] #796 | Mixed_5c.branch3x3dbl_1.conv             | inp[0]=shape=(4, 256, 25, 25) ptr=20617369556992 size=2560000B
[FWD-PRE] #796 | Mixed_5c.branch3x3dbl_1.conv             | weight=shape=(64, 256, 1, 1) ptr=20616937506304 size=65536B
[FWD-PRE] #797 | Mixed_5c.branch3x3dbl_1.conv             | inp[0]=shape=(4, 256, 25, 25) ptr=20617369556992 size=2560000B
[FWD-PRE] #797 | Mixed_5c.branch3x3dbl_1.conv             | weight=shape=(64, 256, 1, 1) ptr=20616937506304 size=65536B
[FWD-POST] #798 | Mixed_5c.branch3x3dbl_1.conv             | out[0]=shape=(4, 64, 25, 25) ptr=20617199878144 size=640000B
[FWD-POST] #799 | Mixed_5c.branch3x3dbl_1.conv             | out[0]=shape=(4, 64, 25, 25) ptr=20617199878144 size=640000B
[FWD-PRE] #800 | Mixed_5c.branch3x3dbl_1.bn               | inp[0]=shape=(4, 64, 25, 25) ptr=20617199878144 size=640000B
[FWD-PRE] #800 | Mixed_5c.branch3x3dbl_1.bn               | weight=shape=(64,) ptr=20616937572352 size=256B
[FWD-PRE] #800 | Mixed_5c.branch3x3dbl_1.bn               | bias=shape=(64,) ptr=20616937572864 size=256B
[FWD-PRE] #800 | Mixed_5c.branch3x3dbl_1.bn               | running_mean=shape=(64,) ptr=20616937573376 size=256B
[FWD-PRE] #800 | Mixed_5c.branch3x3dbl_1.bn               | running_var=shape=(64,) ptr=20616937573888 size=256B
[FWD-PRE] #801 | Mixed_5c.branch3x3dbl_1.bn               | inp[0]=shape=(4, 64, 25, 25) ptr=20617199878144 size=640000B
[FWD-PRE] #801 | Mixed_5c.branch3x3dbl_1.bn               | weight=shape=(64,) ptr=20616937572352 size=256B
[FWD-PRE] #801 | Mixed_5c.branch3x3dbl_1.bn               | bias=shape=(64,) ptr=20616937572864 size=256B
[FWD-PRE] #801 | Mixed_5c.branch3x3dbl_1.bn               | running_mean=shape=(64,) ptr=20616937573376 size=256B
[FWD-PRE] #801 | Mixed_5c.branch3x3dbl_1.bn               | running_var=shape=(64,) ptr=20616937573888 size=256B
[FWD-POST] #802 | Mixed_5c.branch3x3dbl_1.bn               | out[0]=shape=(4, 64, 25, 25) ptr=20617201159168 size=640000B
[FWD-POST] #803 | Mixed_5c.branch3x3dbl_1.bn               | out[0]=shape=(4, 64, 25, 25) ptr=20617201159168 size=640000B
[FWD-PRE] #804 | relu_relu_15                             | inp[0]=shape=(4, 64, 25, 25) ptr=20617201159168 size=640000B
[FWD-PRE] #805 | relu_relu_15                             | inp[0]=shape=(4, 64, 25, 25) ptr=20617201159168 size=640000B
[FWD-POST] #806 | relu_relu_15                             | out[0]=shape=(4, 64, 25, 25) ptr=20617204072448 size=640000B
[FWD-POST] #807 | relu_relu_15                             | out[0]=shape=(4, 64, 25, 25) ptr=20617204072448 size=640000B
[FWD-PRE] #808 | Mixed_5c.branch3x3dbl_2.conv             | inp[0]=shape=(4, 64, 25, 25) ptr=20617204072448 size=640000B
[FWD-PRE] #808 | Mixed_5c.branch3x3dbl_2.conv             | weight=shape=(96, 64, 3, 3) ptr=20616938041856 size=221184B
[FWD-PRE] #809 | Mixed_5c.branch3x3dbl_2.conv             | inp[0]=shape=(4, 64, 25, 25) ptr=20617204072448 size=640000B
[FWD-PRE] #809 | Mixed_5c.branch3x3dbl_2.conv             | weight=shape=(96, 64, 3, 3) ptr=20616938041856 size=221184B
[FWD-POST] #810 | Mixed_5c.branch3x3dbl_2.conv             | out[0]=shape=(4, 96, 25, 25) ptr=20617204712960 size=960000B
[FWD-POST] #811 | Mixed_5c.branch3x3dbl_2.conv             | out[0]=shape=(4, 96, 25, 25) ptr=20617204712960 size=960000B
[FWD-PRE] #812 | Mixed_5c.branch3x3dbl_2.bn               | inp[0]=shape=(4, 96, 25, 25) ptr=20617204712960 size=960000B
[FWD-PRE] #812 | Mixed_5c.branch3x3dbl_2.bn               | weight=shape=(96,) ptr=20616937574912 size=384B
[FWD-PRE] #812 | Mixed_5c.branch3x3dbl_2.bn               | bias=shape=(96,) ptr=20616937575424 size=384B
[FWD-PRE] #812 | Mixed_5c.branch3x3dbl_2.bn               | running_mean=shape=(96,) ptr=20616937575936 size=384B
[FWD-PRE] #812 | Mixed_5c.branch3x3dbl_2.bn               | running_var=shape=(96,) ptr=20616937576448 size=384B
[FWD-PRE] #813 | Mixed_5c.branch3x3dbl_2.bn               | inp[0]=shape=(4, 96, 25, 25) ptr=20617204712960 size=960000B
[FWD-PRE] #813 | Mixed_5c.branch3x3dbl_2.bn               | weight=shape=(96,) ptr=20616937574912 size=384B
[FWD-PRE] #813 | Mixed_5c.branch3x3dbl_2.bn               | bias=shape=(96,) ptr=20616937575424 size=384B
[FWD-PRE] #813 | Mixed_5c.branch3x3dbl_2.bn               | running_mean=shape=(96,) ptr=20616937575936 size=384B
[FWD-PRE] #813 | Mixed_5c.branch3x3dbl_2.bn               | running_var=shape=(96,) ptr=20616937576448 size=384B
[FWD-POST] #814 | Mixed_5c.branch3x3dbl_2.bn               | out[0]=shape=(4, 96, 25, 25) ptr=20617206169600 size=960000B
[FWD-POST] #815 | Mixed_5c.branch3x3dbl_2.bn               | out[0]=shape=(4, 96, 25, 25) ptr=20617206169600 size=960000B
[FWD-PRE] #816 | relu_relu_16                             | inp[0]=shape=(4, 96, 25, 25) ptr=20617206169600 size=960000B
[FWD-PRE] #817 | relu_relu_16                             | inp[0]=shape=(4, 96, 25, 25) ptr=20617206169600 size=960000B
[FWD-POST] #818 | relu_relu_16                             | out[0]=shape=(4, 96, 25, 25) ptr=20617207130112 size=960000B
[FWD-POST] #819 | relu_relu_16                             | out[0]=shape=(4, 96, 25, 25) ptr=20617207130112 size=960000B
[FWD-PRE] #820 | Mixed_5c.branch3x3dbl_3.conv             | inp[0]=shape=(4, 96, 25, 25) ptr=20617207130112 size=960000B
[FWD-PRE] #820 | Mixed_5c.branch3x3dbl_3.conv             | weight=shape=(96, 96, 3, 3) ptr=20616938263552 size=331776B
[FWD-PRE] #821 | Mixed_5c.branch3x3dbl_3.conv             | inp[0]=shape=(4, 96, 25, 25) ptr=20617207130112 size=960000B
[FWD-PRE] #821 | Mixed_5c.branch3x3dbl_3.conv             | weight=shape=(96, 96, 3, 3) ptr=20616938263552 size=331776B
[FWD-POST] #822 | Mixed_5c.branch3x3dbl_3.conv             | out[0]=shape=(4, 96, 25, 25) ptr=20617206169600 size=960000B
[FWD-POST] #823 | Mixed_5c.branch3x3dbl_3.conv             | out[0]=shape=(4, 96, 25, 25) ptr=20617206169600 size=960000B
[FWD-PRE] #824 | Mixed_5c.branch3x3dbl_3.bn               | inp[0]=shape=(4, 96, 25, 25) ptr=20617206169600 size=960000B
[FWD-PRE] #824 | Mixed_5c.branch3x3dbl_3.bn               | weight=shape=(96,) ptr=20616937577472 size=384B
[FWD-PRE] #824 | Mixed_5c.branch3x3dbl_3.bn               | bias=shape=(96,) ptr=20616937577984 size=384B
[FWD-PRE] #824 | Mixed_5c.branch3x3dbl_3.bn               | running_mean=shape=(96,) ptr=20616937578496 size=384B
[FWD-PRE] #824 | Mixed_5c.branch3x3dbl_3.bn               | running_var=shape=(96,) ptr=20616937579008 size=384B
[FWD-PRE] #825 | Mixed_5c.branch3x3dbl_3.bn               | inp[0]=shape=(4, 96, 25, 25) ptr=20617206169600 size=960000B
[FWD-PRE] #825 | Mixed_5c.branch3x3dbl_3.bn               | weight=shape=(96,) ptr=20616937577472 size=384B
[FWD-PRE] #825 | Mixed_5c.branch3x3dbl_3.bn               | bias=shape=(96,) ptr=20616937577984 size=384B
[FWD-PRE] #825 | Mixed_5c.branch3x3dbl_3.bn               | running_mean=shape=(96,) ptr=20616937578496 size=384B
[FWD-PRE] #825 | Mixed_5c.branch3x3dbl_3.bn               | running_var=shape=(96,) ptr=20616937579008 size=384B
[FWD-POST] #826 | Mixed_5c.branch3x3dbl_3.bn               | out[0]=shape=(4, 96, 25, 25) ptr=20617208266752 size=960000B
[FWD-POST] #827 | Mixed_5c.branch3x3dbl_3.bn               | out[0]=shape=(4, 96, 25, 25) ptr=20617208266752 size=960000B
[FWD-PRE] #828 | relu_relu_17                             | inp[0]=shape=(4, 96, 25, 25) ptr=20617208266752 size=960000B
[FWD-PRE] #829 | relu_relu_17                             | inp[0]=shape=(4, 96, 25, 25) ptr=20617208266752 size=960000B
[FWD-POST] #830 | relu_relu_17                             | out[0]=shape=(4, 96, 25, 25) ptr=20617209227264 size=960000B
[FWD-POST] #831 | relu_relu_17                             | out[0]=shape=(4, 96, 25, 25) ptr=20617209227264 size=960000B
[FWD-PRE] #832 | Mixed_5c.branch_pool.conv                | inp[0]=shape=(4, 256, 25, 25) ptr=20617372117504 size=2560000B
[FWD-PRE] #832 | Mixed_5c.branch_pool.conv                | weight=shape=(64, 256, 1, 1) ptr=20616937580032 size=65536B
[FWD-PRE] #833 | Mixed_5c.branch_pool.conv                | inp[0]=shape=(4, 256, 25, 25) ptr=20617372117504 size=2560000B
[FWD-PRE] #833 | Mixed_5c.branch_pool.conv                | weight=shape=(64, 256, 1, 1) ptr=20616937580032 size=65536B
[FWD-POST] #834 | Mixed_5c.branch_pool.conv                | out[0]=shape=(4, 64, 25, 25) ptr=20617201159168 size=640000B
[FWD-POST] #835 | Mixed_5c.branch_pool.conv                | out[0]=shape=(4, 64, 25, 25) ptr=20617201159168 size=640000B
[FWD-PRE] #836 | Mixed_5c.branch_pool.bn                  | inp[0]=shape=(4, 64, 25, 25) ptr=20617201159168 size=640000B
[FWD-PRE] #836 | Mixed_5c.branch_pool.bn                  | weight=shape=(64,) ptr=20616937646080 size=256B
[FWD-PRE] #836 | Mixed_5c.branch_pool.bn                  | bias=shape=(64,) ptr=20616937646592 size=256B
[FWD-PRE] #836 | Mixed_5c.branch_pool.bn                  | running_mean=shape=(64,) ptr=20616937647104 size=256B
[FWD-PRE] #836 | Mixed_5c.branch_pool.bn                  | running_var=shape=(64,) ptr=20616937647616 size=256B
[FWD-PRE] #837 | Mixed_5c.branch_pool.bn                  | inp[0]=shape=(4, 64, 25, 25) ptr=20617201159168 size=640000B
[FWD-PRE] #837 | Mixed_5c.branch_pool.bn                  | weight=shape=(64,) ptr=20616937646080 size=256B
[FWD-PRE] #837 | Mixed_5c.branch_pool.bn                  | bias=shape=(64,) ptr=20616937646592 size=256B
[FWD-PRE] #837 | Mixed_5c.branch_pool.bn                  | running_mean=shape=(64,) ptr=20616937647104 size=256B
[FWD-PRE] #837 | Mixed_5c.branch_pool.bn                  | running_var=shape=(64,) ptr=20616937647616 size=256B
[FWD-POST] #838 | Mixed_5c.branch_pool.bn                  | out[0]=shape=(4, 64, 25, 25) ptr=20617208266752 size=640000B
[FWD-POST] #839 | Mixed_5c.branch_pool.bn                  | out[0]=shape=(4, 64, 25, 25) ptr=20617208266752 size=640000B
[FWD-PRE] #840 | relu_relu_18                             | inp[0]=shape=(4, 64, 25, 25) ptr=20617208266752 size=640000B
[FWD-PRE] #841 | relu_relu_18                             | inp[0]=shape=(4, 64, 25, 25) ptr=20617208266752 size=640000B
[FWD-POST] #842 | relu_relu_18                             | out[0]=shape=(4, 64, 25, 25) ptr=20617210363904 size=640000B
[FWD-POST] #843 | relu_relu_18                             | out[0]=shape=(4, 64, 25, 25) ptr=20617210363904 size=640000B
[FWD-POST] #846 | cat_cat_1                                | out[0]=shape=(4, 288, 25, 25) ptr=20617376038912 size=2880000B
[FWD-POST] #847 | cat_cat_1                                | out[0]=shape=(4, 288, 25, 25) ptr=20617376038912 size=2880000B
[FWD-PRE] #848 | Mixed_5d.branch1x1.conv                  | inp[0]=shape=(4, 288, 25, 25) ptr=20617376038912 size=2880000B
[FWD-PRE] #848 | Mixed_5d.branch1x1.conv                  | weight=shape=(64, 288, 1, 1) ptr=20616937648640 size=73728B
[FWD-PRE] #849 | Mixed_5d.branch1x1.conv                  | inp[0]=shape=(4, 288, 25, 25) ptr=20617376038912 size=2880000B
[FWD-PRE] #849 | Mixed_5d.branch1x1.conv                  | weight=shape=(64, 288, 1, 1) ptr=20616937648640 size=73728B
[FWD-POST] #850 | Mixed_5d.branch1x1.conv                  | out[0]=shape=(4, 64, 25, 25) ptr=20617208266752 size=640000B
[FWD-POST] #851 | Mixed_5d.branch1x1.conv                  | out[0]=shape=(4, 64, 25, 25) ptr=20617208266752 size=640000B
[FWD-PRE] #852 | Mixed_5d.branch1x1.bn                    | inp[0]=shape=(4, 64, 25, 25) ptr=20617208266752 size=640000B
[FWD-PRE] #852 | Mixed_5d.branch1x1.bn                    | weight=shape=(64,) ptr=20616937722880 size=256B
[FWD-PRE] #852 | Mixed_5d.branch1x1.bn                    | bias=shape=(64,) ptr=20616937723392 size=256B
[FWD-PRE] #852 | Mixed_5d.branch1x1.bn                    | running_mean=shape=(64,) ptr=20616937723904 size=256B
[FWD-PRE] #852 | Mixed_5d.branch1x1.bn                    | running_var=shape=(64,) ptr=20616937724416 size=256B
[FWD-PRE] #853 | Mixed_5d.branch1x1.bn                    | inp[0]=shape=(4, 64, 25, 25) ptr=20617208266752 size=640000B
[FWD-PRE] #853 | Mixed_5d.branch1x1.bn                    | weight=shape=(64,) ptr=20616937722880 size=256B
[FWD-PRE] #853 | Mixed_5d.branch1x1.bn                    | bias=shape=(64,) ptr=20616937723392 size=256B
[FWD-PRE] #853 | Mixed_5d.branch1x1.bn                    | running_mean=shape=(64,) ptr=20616937723904 size=256B
[FWD-PRE] #853 | Mixed_5d.branch1x1.bn                    | running_var=shape=(64,) ptr=20616937724416 size=256B
[FWD-POST] #854 | Mixed_5d.branch1x1.bn                    | out[0]=shape=(4, 64, 25, 25) ptr=20617211004416 size=640000B
[FWD-POST] #855 | Mixed_5d.branch1x1.bn                    | out[0]=shape=(4, 64, 25, 25) ptr=20617211004416 size=640000B
[FWD-PRE] #856 | relu_relu_19                             | inp[0]=shape=(4, 64, 25, 25) ptr=20617211004416 size=640000B
[FWD-PRE] #857 | relu_relu_19                             | inp[0]=shape=(4, 64, 25, 25) ptr=20617211004416 size=640000B
[FWD-POST] #858 | relu_relu_19                             | out[0]=shape=(4, 64, 25, 25) ptr=20617211644928 size=640000B
[FWD-POST] #859 | relu_relu_19                             | out[0]=shape=(4, 64, 25, 25) ptr=20617211644928 size=640000B
[FWD-PRE] #860 | Mixed_5d.branch5x5_1.conv                | inp[0]=shape=(4, 288, 25, 25) ptr=20617376038912 size=2880000B
[FWD-PRE] #860 | Mixed_5d.branch5x5_1.conv                | weight=shape=(48, 288, 1, 1) ptr=20616938595840 size=55296B
[FWD-PRE] #861 | Mixed_5d.branch5x5_1.conv                | inp[0]=shape=(4, 288, 25, 25) ptr=20617376038912 size=2880000B
[FWD-PRE] #861 | Mixed_5d.branch5x5_1.conv                | weight=shape=(48, 288, 1, 1) ptr=20616938595840 size=55296B
[FWD-POST] #862 | Mixed_5d.branch5x5_1.conv                | out[0]=shape=(4, 48, 25, 25) ptr=20617205673472 size=480000B
[FWD-POST] #863 | Mixed_5d.branch5x5_1.conv                | out[0]=shape=(4, 48, 25, 25) ptr=20617205673472 size=480000B
[FWD-PRE] #864 | Mixed_5d.branch5x5_1.bn                  | inp[0]=shape=(4, 48, 25, 25) ptr=20617205673472 size=480000B
[FWD-PRE] #864 | Mixed_5d.branch5x5_1.bn                  | weight=shape=(48,) ptr=20616937725440 size=192B
[FWD-PRE] #864 | Mixed_5d.branch5x5_1.bn                  | bias=shape=(48,) ptr=20616937725952 size=192B
[FWD-PRE] #864 | Mixed_5d.branch5x5_1.bn                  | running_mean=shape=(48,) ptr=20616937726464 size=192B
[FWD-PRE] #864 | Mixed_5d.branch5x5_1.bn                  | running_var=shape=(48,) ptr=20616937726976 size=192B
[FWD-PRE] #865 | Mixed_5d.branch5x5_1.bn                  | inp[0]=shape=(4, 48, 25, 25) ptr=20617205673472 size=480000B
[FWD-PRE] #865 | Mixed_5d.branch5x5_1.bn                  | weight=shape=(48,) ptr=20616937725440 size=192B
[FWD-PRE] #865 | Mixed_5d.branch5x5_1.bn                  | bias=shape=(48,) ptr=20616937725952 size=192B
[FWD-PRE] #865 | Mixed_5d.branch5x5_1.bn                  | running_mean=shape=(48,) ptr=20616937726464 size=192B
[FWD-PRE] #865 | Mixed_5d.branch5x5_1.bn                  | running_var=shape=(48,) ptr=20616937726976 size=192B
[FWD-POST] #866 | Mixed_5d.branch5x5_1.bn                  | out[0]=shape=(4, 48, 25, 25) ptr=20617230764032 size=480000B
[FWD-POST] #867 | Mixed_5d.branch5x5_1.bn                  | out[0]=shape=(4, 48, 25, 25) ptr=20617230764032 size=480000B
[FWD-PRE] #868 | relu_relu_20                             | inp[0]=shape=(4, 48, 25, 25) ptr=20617230764032 size=480000B
[FWD-PRE] #869 | relu_relu_20                             | inp[0]=shape=(4, 48, 25, 25) ptr=20617230764032 size=480000B
[FWD-POST] #870 | relu_relu_20                             | out[0]=shape=(4, 48, 25, 25) ptr=20617211004416 size=480000B
[FWD-POST] #871 | relu_relu_20                             | out[0]=shape=(4, 48, 25, 25) ptr=20617211004416 size=480000B
[FWD-PRE] #872 | Mixed_5d.branch5x5_2.conv                | inp[0]=shape=(4, 48, 25, 25) ptr=20617211004416 size=480000B
[FWD-PRE] #872 | Mixed_5d.branch5x5_2.conv                | weight=shape=(64, 48, 5, 5) ptr=20616938651648 size=307200B
[FWD-PRE] #873 | Mixed_5d.branch5x5_2.conv                | inp[0]=shape=(4, 48, 25, 25) ptr=20617211004416 size=480000B
[FWD-PRE] #873 | Mixed_5d.branch5x5_2.conv                | weight=shape=(64, 48, 5, 5) ptr=20616938651648 size=307200B
[FWD-POST] #874 | Mixed_5d.branch5x5_2.conv                | out[0]=shape=(4, 64, 25, 25) ptr=20617212461056 size=640000B
[FWD-POST] #875 | Mixed_5d.branch5x5_2.conv                | out[0]=shape=(4, 64, 25, 25) ptr=20617212461056 size=640000B
[FWD-PRE] #876 | Mixed_5d.branch5x5_2.bn                  | inp[0]=shape=(4, 64, 25, 25) ptr=20617212461056 size=640000B
[FWD-PRE] #876 | Mixed_5d.branch5x5_2.bn                  | weight=shape=(64,) ptr=20616937728000 size=256B
[FWD-PRE] #876 | Mixed_5d.branch5x5_2.bn                  | bias=shape=(64,) ptr=20616937728512 size=256B
[FWD-PRE] #876 | Mixed_5d.branch5x5_2.bn                  | running_mean=shape=(64,) ptr=20616937729024 size=256B
[FWD-PRE] #876 | Mixed_5d.branch5x5_2.bn                  | running_var=shape=(64,) ptr=20616937729536 size=256B
[FWD-PRE] #877 | Mixed_5d.branch5x5_2.bn                  | inp[0]=shape=(4, 64, 25, 25) ptr=20617212461056 size=640000B
[FWD-PRE] #877 | Mixed_5d.branch5x5_2.bn                  | weight=shape=(64,) ptr=20616937728000 size=256B
[FWD-PRE] #877 | Mixed_5d.branch5x5_2.bn                  | bias=shape=(64,) ptr=20616937728512 size=256B
[FWD-PRE] #877 | Mixed_5d.branch5x5_2.bn                  | running_mean=shape=(64,) ptr=20616937729024 size=256B
[FWD-PRE] #877 | Mixed_5d.branch5x5_2.bn                  | running_var=shape=(64,) ptr=20616937729536 size=256B
[FWD-POST] #878 | Mixed_5d.branch5x5_2.bn                  | out[0]=shape=(4, 64, 25, 25) ptr=20617213101568 size=640000B
[FWD-POST] #879 | Mixed_5d.branch5x5_2.bn                  | out[0]=shape=(4, 64, 25, 25) ptr=20617213101568 size=640000B
[FWD-PRE] #880 | relu_relu_21                             | inp[0]=shape=(4, 64, 25, 25) ptr=20617213101568 size=640000B
[FWD-PRE] #881 | relu_relu_21                             | inp[0]=shape=(4, 64, 25, 25) ptr=20617213101568 size=640000B
[FWD-POST] #882 | relu_relu_21                             | out[0]=shape=(4, 64, 25, 25) ptr=20617213742080 size=640000B
[FWD-POST] #883 | relu_relu_21                             | out[0]=shape=(4, 64, 25, 25) ptr=20617213742080 size=640000B
[FWD-PRE] #884 | Mixed_5d.branch3x3dbl_1.conv             | inp[0]=shape=(4, 288, 25, 25) ptr=20617376038912 size=2880000B
[FWD-PRE] #884 | Mixed_5d.branch3x3dbl_1.conv             | weight=shape=(64, 288, 1, 1) ptr=20616938959360 size=73728B
[FWD-PRE] #885 | Mixed_5d.branch3x3dbl_1.conv             | inp[0]=shape=(4, 288, 25, 25) ptr=20617376038912 size=2880000B
[FWD-PRE] #885 | Mixed_5d.branch3x3dbl_1.conv             | weight=shape=(64, 288, 1, 1) ptr=20616938959360 size=73728B
[FWD-POST] #886 | Mixed_5d.branch3x3dbl_1.conv             | out[0]=shape=(4, 64, 25, 25) ptr=20617213101568 size=640000B
[FWD-POST] #887 | Mixed_5d.branch3x3dbl_1.conv             | out[0]=shape=(4, 64, 25, 25) ptr=20617213101568 size=640000B
[FWD-PRE] #888 | Mixed_5d.branch3x3dbl_1.bn               | inp[0]=shape=(4, 64, 25, 25) ptr=20617213101568 size=640000B
[FWD-PRE] #888 | Mixed_5d.branch3x3dbl_1.bn               | weight=shape=(64,) ptr=20616937730560 size=256B
[FWD-PRE] #888 | Mixed_5d.branch3x3dbl_1.bn               | bias=shape=(64,) ptr=20616937731072 size=256B
[FWD-PRE] #888 | Mixed_5d.branch3x3dbl_1.bn               | running_mean=shape=(64,) ptr=20616937731584 size=256B
[FWD-PRE] #888 | Mixed_5d.branch3x3dbl_1.bn               | running_var=shape=(64,) ptr=20616937732096 size=256B
[FWD-PRE] #889 | Mixed_5d.branch3x3dbl_1.bn               | inp[0]=shape=(4, 64, 25, 25) ptr=20617213101568 size=640000B
[FWD-PRE] #889 | Mixed_5d.branch3x3dbl_1.bn               | weight=shape=(64,) ptr=20616937730560 size=256B
[FWD-PRE] #889 | Mixed_5d.branch3x3dbl_1.bn               | bias=shape=(64,) ptr=20616937731072 size=256B
[FWD-PRE] #889 | Mixed_5d.branch3x3dbl_1.bn               | running_mean=shape=(64,) ptr=20616937731584 size=256B
[FWD-PRE] #889 | Mixed_5d.branch3x3dbl_1.bn               | running_var=shape=(64,) ptr=20616937732096 size=256B
[FWD-POST] #890 | Mixed_5d.branch3x3dbl_1.bn               | out[0]=shape=(4, 64, 25, 25) ptr=20617218752512 size=640000B
[FWD-POST] #891 | Mixed_5d.branch3x3dbl_1.bn               | out[0]=shape=(4, 64, 25, 25) ptr=20617218752512 size=640000B
[FWD-PRE] #892 | relu_relu_22                             | inp[0]=shape=(4, 64, 25, 25) ptr=20617218752512 size=640000B
[FWD-PRE] #893 | relu_relu_22                             | inp[0]=shape=(4, 64, 25, 25) ptr=20617218752512 size=640000B
[FWD-POST] #894 | relu_relu_22                             | out[0]=shape=(4, 64, 25, 25) ptr=20617219393024 size=640000B
[FWD-POST] #895 | relu_relu_22                             | out[0]=shape=(4, 64, 25, 25) ptr=20617219393024 size=640000B
[FWD-PRE] #896 | Mixed_5d.branch3x3dbl_2.conv             | inp[0]=shape=(4, 64, 25, 25) ptr=20617219393024 size=640000B
[FWD-PRE] #896 | Mixed_5d.branch3x3dbl_2.conv             | weight=shape=(96, 64, 3, 3) ptr=20616939033600 size=221184B
[FWD-PRE] #897 | Mixed_5d.branch3x3dbl_2.conv             | inp[0]=shape=(4, 64, 25, 25) ptr=20617219393024 size=640000B
[FWD-PRE] #897 | Mixed_5d.branch3x3dbl_2.conv             | weight=shape=(96, 64, 3, 3) ptr=20616939033600 size=221184B
[FWD-POST] #898 | Mixed_5d.branch3x3dbl_2.conv             | out[0]=shape=(4, 96, 25, 25) ptr=20617220849664 size=960000B
[FWD-POST] #899 | Mixed_5d.branch3x3dbl_2.conv             | out[0]=shape=(4, 96, 25, 25) ptr=20617220849664 size=960000B
[FWD-PRE] #900 | Mixed_5d.branch3x3dbl_2.bn               | inp[0]=shape=(4, 96, 25, 25) ptr=20617220849664 size=960000B
[FWD-PRE] #900 | Mixed_5d.branch3x3dbl_2.bn               | weight=shape=(96,) ptr=20616937733120 size=384B
[FWD-PRE] #900 | Mixed_5d.branch3x3dbl_2.bn               | bias=shape=(96,) ptr=20616937733632 size=384B
[FWD-PRE] #900 | Mixed_5d.branch3x3dbl_2.bn               | running_mean=shape=(96,) ptr=20616939255296 size=384B
[FWD-PRE] #900 | Mixed_5d.branch3x3dbl_2.bn               | running_var=shape=(96,) ptr=20616939255808 size=384B
[FWD-PRE] #901 | Mixed_5d.branch3x3dbl_2.bn               | inp[0]=shape=(4, 96, 25, 25) ptr=20617220849664 size=960000B
[FWD-PRE] #901 | Mixed_5d.branch3x3dbl_2.bn               | weight=shape=(96,) ptr=20616937733120 size=384B
[FWD-PRE] #901 | Mixed_5d.branch3x3dbl_2.bn               | bias=shape=(96,) ptr=20616937733632 size=384B
[FWD-PRE] #901 | Mixed_5d.branch3x3dbl_2.bn               | running_mean=shape=(96,) ptr=20616939255296 size=384B
[FWD-PRE] #901 | Mixed_5d.branch3x3dbl_2.bn               | running_var=shape=(96,) ptr=20616939255808 size=384B
[FWD-POST] #902 | Mixed_5d.branch3x3dbl_2.bn               | out[0]=shape=(4, 96, 25, 25) ptr=20617221810176 size=960000B
[FWD-POST] #903 | Mixed_5d.branch3x3dbl_2.bn               | out[0]=shape=(4, 96, 25, 25) ptr=20617221810176 size=960000B
[FWD-PRE] #904 | relu_relu_23                             | inp[0]=shape=(4, 96, 25, 25) ptr=20617221810176 size=960000B
[FWD-PRE] #905 | relu_relu_23                             | inp[0]=shape=(4, 96, 25, 25) ptr=20617221810176 size=960000B
[FWD-POST] #906 | relu_relu_23                             | out[0]=shape=(4, 96, 25, 25) ptr=20617222946816 size=960000B
[FWD-POST] #907 | relu_relu_23                             | out[0]=shape=(4, 96, 25, 25) ptr=20617222946816 size=960000B
[FWD-PRE] #908 | Mixed_5d.branch3x3dbl_3.conv             | inp[0]=shape=(4, 96, 25, 25) ptr=20617222946816 size=960000B
[FWD-PRE] #908 | Mixed_5d.branch3x3dbl_3.conv             | weight=shape=(96, 96, 3, 3) ptr=20616939256832 size=331776B
[FWD-PRE] #909 | Mixed_5d.branch3x3dbl_3.conv             | inp[0]=shape=(4, 96, 25, 25) ptr=20617222946816 size=960000B
[FWD-PRE] #909 | Mixed_5d.branch3x3dbl_3.conv             | weight=shape=(96, 96, 3, 3) ptr=20616939256832 size=331776B
[FWD-POST] #910 | Mixed_5d.branch3x3dbl_3.conv             | out[0]=shape=(4, 96, 25, 25) ptr=20617221810176 size=960000B
[FWD-POST] #911 | Mixed_5d.branch3x3dbl_3.conv             | out[0]=shape=(4, 96, 25, 25) ptr=20617221810176 size=960000B
[FWD-PRE] #912 | Mixed_5d.branch3x3dbl_3.bn               | inp[0]=shape=(4, 96, 25, 25) ptr=20617221810176 size=960000B
[FWD-PRE] #912 | Mixed_5d.branch3x3dbl_3.bn               | weight=shape=(96,) ptr=20616939589120 size=384B
[FWD-PRE] #912 | Mixed_5d.branch3x3dbl_3.bn               | bias=shape=(96,) ptr=20616939589632 size=384B
[FWD-PRE] #912 | Mixed_5d.branch3x3dbl_3.bn               | running_mean=shape=(96,) ptr=20616939590144 size=384B
[FWD-PRE] #912 | Mixed_5d.branch3x3dbl_3.bn               | running_var=shape=(96,) ptr=20616939590656 size=384B
[FWD-PRE] #913 | Mixed_5d.branch3x3dbl_3.bn               | inp[0]=shape=(4, 96, 25, 25) ptr=20617221810176 size=960000B
[FWD-PRE] #913 | Mixed_5d.branch3x3dbl_3.bn               | weight=shape=(96,) ptr=20616939589120 size=384B
[FWD-PRE] #913 | Mixed_5d.branch3x3dbl_3.bn               | bias=shape=(96,) ptr=20616939589632 size=384B
[FWD-PRE] #913 | Mixed_5d.branch3x3dbl_3.bn               | running_mean=shape=(96,) ptr=20616939590144 size=384B
[FWD-PRE] #913 | Mixed_5d.branch3x3dbl_3.bn               | running_var=shape=(96,) ptr=20616939590656 size=384B
[FWD-POST] #914 | Mixed_5d.branch3x3dbl_3.bn               | out[0]=shape=(4, 96, 25, 25) ptr=20617223907328 size=960000B
[FWD-POST] #915 | Mixed_5d.branch3x3dbl_3.bn               | out[0]=shape=(4, 96, 25, 25) ptr=20617223907328 size=960000B
[FWD-PRE] #916 | relu_relu_24                             | inp[0]=shape=(4, 96, 25, 25) ptr=20617223907328 size=960000B
[FWD-PRE] #917 | relu_relu_24                             | inp[0]=shape=(4, 96, 25, 25) ptr=20617223907328 size=960000B
[FWD-POST] #918 | relu_relu_24                             | out[0]=shape=(4, 96, 25, 25) ptr=20617225043968 size=960000B
[FWD-POST] #919 | relu_relu_24                             | out[0]=shape=(4, 96, 25, 25) ptr=20617225043968 size=960000B
[FWD-PRE] #920 | Mixed_5d.branch_pool.conv                | inp[0]=shape=(4, 288, 25, 25) ptr=20617378919424 size=2880000B
[FWD-PRE] #920 | Mixed_5d.branch_pool.conv                | weight=shape=(64, 288, 1, 1) ptr=20616939591680 size=73728B
[FWD-PRE] #921 | Mixed_5d.branch_pool.conv                | inp[0]=shape=(4, 288, 25, 25) ptr=20617378919424 size=2880000B
[FWD-PRE] #921 | Mixed_5d.branch_pool.conv                | weight=shape=(64, 288, 1, 1) ptr=20616939591680 size=73728B
[FWD-POST] #922 | Mixed_5d.branch_pool.conv                | out[0]=shape=(4, 64, 25, 25) ptr=20617218752512 size=640000B
[FWD-POST] #923 | Mixed_5d.branch_pool.conv                | out[0]=shape=(4, 64, 25, 25) ptr=20617218752512 size=640000B
[FWD-PRE] #924 | Mixed_5d.branch_pool.bn                  | inp[0]=shape=(4, 64, 25, 25) ptr=20617218752512 size=640000B
[FWD-PRE] #924 | Mixed_5d.branch_pool.bn                  | weight=shape=(64,) ptr=20616939665920 size=256B
[FWD-PRE] #924 | Mixed_5d.branch_pool.bn                  | bias=shape=(64,) ptr=20616939666432 size=256B
[FWD-PRE] #924 | Mixed_5d.branch_pool.bn                  | running_mean=shape=(64,) ptr=20616939666944 size=256B
[FWD-PRE] #924 | Mixed_5d.branch_pool.bn                  | running_var=shape=(64,) ptr=20616939667456 size=256B
[FWD-PRE] #925 | Mixed_5d.branch_pool.bn                  | inp[0]=shape=(4, 64, 25, 25) ptr=20617218752512 size=640000B
[FWD-PRE] #925 | Mixed_5d.branch_pool.bn                  | weight=shape=(64,) ptr=20616939665920 size=256B
[FWD-PRE] #925 | Mixed_5d.branch_pool.bn                  | bias=shape=(64,) ptr=20616939666432 size=256B
[FWD-PRE] #925 | Mixed_5d.branch_pool.bn                  | running_mean=shape=(64,) ptr=20616939666944 size=256B
[FWD-PRE] #925 | Mixed_5d.branch_pool.bn                  | running_var=shape=(64,) ptr=20616939667456 size=256B
[FWD-POST] #926 | Mixed_5d.branch_pool.bn                  | out[0]=shape=(4, 64, 25, 25) ptr=20617220033536 size=640000B
[FWD-POST] #927 | Mixed_5d.branch_pool.bn                  | out[0]=shape=(4, 64, 25, 25) ptr=20617220033536 size=640000B
[FWD-PRE] #928 | relu_relu_25                             | inp[0]=shape=(4, 64, 25, 25) ptr=20617220033536 size=640000B
[FWD-PRE] #929 | relu_relu_25                             | inp[0]=shape=(4, 64, 25, 25) ptr=20617220033536 size=640000B
[FWD-POST] #930 | relu_relu_25                             | out[0]=shape=(4, 64, 25, 25) ptr=20617223907328 size=640000B
[FWD-POST] #931 | relu_relu_25                             | out[0]=shape=(4, 64, 25, 25) ptr=20617223907328 size=640000B
[FWD-POST] #934 | cat_cat_2                                | out[0]=shape=(4, 288, 25, 25) ptr=20617047466496 size=2880000B
[FWD-POST] #935 | cat_cat_2                                | out[0]=shape=(4, 288, 25, 25) ptr=20617047466496 size=2880000B
[FWD-PRE] #936 | Mixed_6a.branch3x3.conv                  | inp[0]=shape=(4, 288, 25, 25) ptr=20617047466496 size=2880000B
[FWD-PRE] #936 | Mixed_6a.branch3x3.conv                  | weight=shape=(384, 288, 3, 3) ptr=20616939831296 size=3981312B
[FWD-PRE] #937 | Mixed_6a.branch3x3.conv                  | inp[0]=shape=(4, 288, 25, 25) ptr=20617047466496 size=2880000B
[FWD-PRE] #937 | Mixed_6a.branch3x3.conv                  | weight=shape=(384, 288, 3, 3) ptr=20616939831296 size=3981312B
[FWD-POST] #938 | Mixed_6a.branch3x3.conv                  | out[0]=shape=(4, 384, 12, 12) ptr=20617226004480 size=884736B
[FWD-POST] #939 | Mixed_6a.branch3x3.conv                  | out[0]=shape=(4, 384, 12, 12) ptr=20617226004480 size=884736B
[FWD-PRE] #940 | Mixed_6a.branch3x3.bn                    | inp[0]=shape=(4, 384, 12, 12) ptr=20617226004480 size=884736B
[FWD-PRE] #940 | Mixed_6a.branch3x3.bn                    | weight=shape=(384,) ptr=20616939668480 size=1536B
[FWD-PRE] #940 | Mixed_6a.branch3x3.bn                    | bias=shape=(384,) ptr=20616939670528 size=1536B
[FWD-PRE] #940 | Mixed_6a.branch3x3.bn                    | running_mean=shape=(384,) ptr=20616939672576 size=1536B
[FWD-PRE] #940 | Mixed_6a.branch3x3.bn                    | running_var=shape=(384,) ptr=20616939674624 size=1536B
[FWD-PRE] #941 | Mixed_6a.branch3x3.bn                    | inp[0]=shape=(4, 384, 12, 12) ptr=20617226004480 size=884736B
[FWD-PRE] #941 | Mixed_6a.branch3x3.bn                    | weight=shape=(384,) ptr=20616939668480 size=1536B
[FWD-PRE] #941 | Mixed_6a.branch3x3.bn                    | bias=shape=(384,) ptr=20616939670528 size=1536B
[FWD-PRE] #941 | Mixed_6a.branch3x3.bn                    | running_mean=shape=(384,) ptr=20616939672576 size=1536B
[FWD-PRE] #941 | Mixed_6a.branch3x3.bn                    | running_var=shape=(384,) ptr=20616939674624 size=1536B
[FWD-POST] #942 | Mixed_6a.branch3x3.bn                    | out[0]=shape=(4, 384, 12, 12) ptr=20617227141120 size=884736B
[FWD-POST] #943 | Mixed_6a.branch3x3.bn                    | out[0]=shape=(4, 384, 12, 12) ptr=20617227141120 size=884736B
[FWD-PRE] #944 | relu_relu_26                             | inp[0]=shape=(4, 384, 12, 12) ptr=20617227141120 size=884736B
[FWD-PRE] #945 | relu_relu_26                             | inp[0]=shape=(4, 384, 12, 12) ptr=20617227141120 size=884736B
[FWD-POST] #946 | relu_relu_26                             | out[0]=shape=(4, 384, 12, 12) ptr=20617228026368 size=884736B
[FWD-POST] #947 | relu_relu_26                             | out[0]=shape=(4, 384, 12, 12) ptr=20617228026368 size=884736B
[FWD-PRE] #948 | Mixed_6a.branch3x3dbl_1.conv             | inp[0]=shape=(4, 288, 25, 25) ptr=20617047466496 size=2880000B
[FWD-PRE] #948 | Mixed_6a.branch3x3dbl_1.conv             | weight=shape=(64, 288, 1, 1) ptr=20616939677184 size=73728B
[FWD-PRE] #949 | Mixed_6a.branch3x3dbl_1.conv             | inp[0]=shape=(4, 288, 25, 25) ptr=20617047466496 size=2880000B
[FWD-PRE] #949 | Mixed_6a.branch3x3dbl_1.conv             | weight=shape=(64, 288, 1, 1) ptr=20616939677184 size=73728B
[FWD-POST] #950 | Mixed_6a.branch3x3dbl_1.conv             | out[0]=shape=(4, 64, 25, 25) ptr=20617220033536 size=640000B
[FWD-POST] #951 | Mixed_6a.branch3x3dbl_1.conv             | out[0]=shape=(4, 64, 25, 25) ptr=20617220033536 size=640000B
[FWD-PRE] #952 | Mixed_6a.branch3x3dbl_1.bn               | inp[0]=shape=(4, 64, 25, 25) ptr=20617220033536 size=640000B
[FWD-PRE] #952 | Mixed_6a.branch3x3dbl_1.bn               | weight=shape=(64,) ptr=20616939751424 size=256B
[FWD-PRE] #952 | Mixed_6a.branch3x3dbl_1.bn               | bias=shape=(64,) ptr=20616939751936 size=256B
[FWD-PRE] #952 | Mixed_6a.branch3x3dbl_1.bn               | running_mean=shape=(64,) ptr=20616939752448 size=256B
[FWD-PRE] #952 | Mixed_6a.branch3x3dbl_1.bn               | running_var=shape=(64,) ptr=20616939752960 size=256B
[FWD-PRE] #953 | Mixed_6a.branch3x3dbl_1.bn               | inp[0]=shape=(4, 64, 25, 25) ptr=20617220033536 size=640000B
[FWD-PRE] #953 | Mixed_6a.branch3x3dbl_1.bn               | weight=shape=(64,) ptr=20616939751424 size=256B
[FWD-PRE] #953 | Mixed_6a.branch3x3dbl_1.bn               | bias=shape=(64,) ptr=20616939751936 size=256B
[FWD-PRE] #953 | Mixed_6a.branch3x3dbl_1.bn               | running_mean=shape=(64,) ptr=20616939752448 size=256B
[FWD-PRE] #953 | Mixed_6a.branch3x3dbl_1.bn               | running_var=shape=(64,) ptr=20616939752960 size=256B
[FWD-POST] #954 | Mixed_6a.branch3x3dbl_1.bn               | out[0]=shape=(4, 64, 25, 25) ptr=20617227141120 size=640000B
[FWD-POST] #955 | Mixed_6a.branch3x3dbl_1.bn               | out[0]=shape=(4, 64, 25, 25) ptr=20617227141120 size=640000B
[FWD-PRE] #956 | relu_relu_27                             | inp[0]=shape=(4, 64, 25, 25) ptr=20617227141120 size=640000B
[FWD-PRE] #957 | relu_relu_27                             | inp[0]=shape=(4, 64, 25, 25) ptr=20617227141120 size=640000B
[FWD-POST] #958 | relu_relu_27                             | out[0]=shape=(4, 64, 25, 25) ptr=20617235529728 size=640000B
[FWD-POST] #959 | relu_relu_27                             | out[0]=shape=(4, 64, 25, 25) ptr=20617235529728 size=640000B
[FWD-PRE] #960 | Mixed_6a.branch3x3dbl_2.conv             | inp[0]=shape=(4, 64, 25, 25) ptr=20617235529728 size=640000B
[FWD-PRE] #960 | Mixed_6a.branch3x3dbl_2.conv             | weight=shape=(96, 64, 3, 3) ptr=20616960802816 size=221184B
[FWD-PRE] #961 | Mixed_6a.branch3x3dbl_2.conv             | inp[0]=shape=(4, 64, 25, 25) ptr=20617235529728 size=640000B
[FWD-PRE] #961 | Mixed_6a.branch3x3dbl_2.conv             | weight=shape=(96, 64, 3, 3) ptr=20616960802816 size=221184B
[FWD-POST] #962 | Mixed_6a.branch3x3dbl_2.conv             | out[0]=shape=(4, 96, 25, 25) ptr=20617236170240 size=960000B
[FWD-POST] #963 | Mixed_6a.branch3x3dbl_2.conv             | out[0]=shape=(4, 96, 25, 25) ptr=20617236170240 size=960000B
[FWD-PRE] #964 | Mixed_6a.branch3x3dbl_2.bn               | inp[0]=shape=(4, 96, 25, 25) ptr=20617236170240 size=960000B
[FWD-PRE] #964 | Mixed_6a.branch3x3dbl_2.bn               | weight=shape=(96,) ptr=20616939753984 size=384B
[FWD-PRE] #964 | Mixed_6a.branch3x3dbl_2.bn               | bias=shape=(96,) ptr=20616939754496 size=384B
[FWD-PRE] #964 | Mixed_6a.branch3x3dbl_2.bn               | running_mean=shape=(96,) ptr=20616939755008 size=384B
[FWD-PRE] #964 | Mixed_6a.branch3x3dbl_2.bn               | running_var=shape=(96,) ptr=20616939755520 size=384B
[FWD-PRE] #965 | Mixed_6a.branch3x3dbl_2.bn               | inp[0]=shape=(4, 96, 25, 25) ptr=20617236170240 size=960000B
[FWD-PRE] #965 | Mixed_6a.branch3x3dbl_2.bn               | weight=shape=(96,) ptr=20616939753984 size=384B
[FWD-PRE] #965 | Mixed_6a.branch3x3dbl_2.bn               | bias=shape=(96,) ptr=20616939754496 size=384B
[FWD-PRE] #965 | Mixed_6a.branch3x3dbl_2.bn               | running_mean=shape=(96,) ptr=20616939755008 size=384B
[FWD-PRE] #965 | Mixed_6a.branch3x3dbl_2.bn               | running_var=shape=(96,) ptr=20616939755520 size=384B
[FWD-POST] #966 | Mixed_6a.branch3x3dbl_2.bn               | out[0]=shape=(4, 96, 25, 25) ptr=20617243918336 size=960000B
[FWD-POST] #967 | Mixed_6a.branch3x3dbl_2.bn               | out[0]=shape=(4, 96, 25, 25) ptr=20617243918336 size=960000B
[FWD-PRE] #968 | relu_relu_28                             | inp[0]=shape=(4, 96, 25, 25) ptr=20617243918336 size=960000B
[FWD-PRE] #969 | relu_relu_28                             | inp[0]=shape=(4, 96, 25, 25) ptr=20617243918336 size=960000B
[FWD-POST] #970 | relu_relu_28                             | out[0]=shape=(4, 96, 25, 25) ptr=20617244878848 size=960000B
[FWD-POST] #971 | relu_relu_28                             | out[0]=shape=(4, 96, 25, 25) ptr=20617244878848 size=960000B
[FWD-PRE] #972 | Mixed_6a.branch3x3dbl_3.conv             | inp[0]=shape=(4, 96, 25, 25) ptr=20617244878848 size=960000B
[FWD-PRE] #972 | Mixed_6a.branch3x3dbl_3.conv             | weight=shape=(96, 96, 3, 3) ptr=20616961024512 size=331776B
[FWD-PRE] #973 | Mixed_6a.branch3x3dbl_3.conv             | inp[0]=shape=(4, 96, 25, 25) ptr=20617244878848 size=960000B
[FWD-PRE] #973 | Mixed_6a.branch3x3dbl_3.conv             | weight=shape=(96, 96, 3, 3) ptr=20616961024512 size=331776B
[FWD-POST] #974 | Mixed_6a.branch3x3dbl_3.conv             | out[0]=shape=(4, 96, 12, 12) ptr=20617229878784 size=221184B
[FWD-POST] #975 | Mixed_6a.branch3x3dbl_3.conv             | out[0]=shape=(4, 96, 12, 12) ptr=20617229878784 size=221184B
[FWD-PRE] #976 | Mixed_6a.branch3x3dbl_3.bn               | inp[0]=shape=(4, 96, 12, 12) ptr=20617229878784 size=221184B
[FWD-PRE] #976 | Mixed_6a.branch3x3dbl_3.bn               | weight=shape=(96,) ptr=20616939756544 size=384B
[FWD-PRE] #976 | Mixed_6a.branch3x3dbl_3.bn               | bias=shape=(96,) ptr=20616939757056 size=384B
[FWD-PRE] #976 | Mixed_6a.branch3x3dbl_3.bn               | running_mean=shape=(96,) ptr=20616939757568 size=384B
[FWD-PRE] #976 | Mixed_6a.branch3x3dbl_3.bn               | running_var=shape=(96,) ptr=20616939758080 size=384B
[FWD-PRE] #977 | Mixed_6a.branch3x3dbl_3.bn               | inp[0]=shape=(4, 96, 12, 12) ptr=20617229878784 size=221184B
[FWD-PRE] #977 | Mixed_6a.branch3x3dbl_3.bn               | weight=shape=(96,) ptr=20616939756544 size=384B
[FWD-PRE] #977 | Mixed_6a.branch3x3dbl_3.bn               | bias=shape=(96,) ptr=20616939757056 size=384B
[FWD-PRE] #977 | Mixed_6a.branch3x3dbl_3.bn               | running_mean=shape=(96,) ptr=20616939757568 size=384B
[FWD-PRE] #977 | Mixed_6a.branch3x3dbl_3.bn               | running_var=shape=(96,) ptr=20616939758080 size=384B
[FWD-POST] #978 | Mixed_6a.branch3x3dbl_3.bn               | out[0]=shape=(4, 96, 12, 12) ptr=20617226889728 size=221184B
[FWD-POST] #979 | Mixed_6a.branch3x3dbl_3.bn               | out[0]=shape=(4, 96, 12, 12) ptr=20617226889728 size=221184B
[FWD-PRE] #980 | relu_relu_29                             | inp[0]=shape=(4, 96, 12, 12) ptr=20617226889728 size=221184B
[FWD-PRE] #981 | relu_relu_29                             | inp[0]=shape=(4, 96, 12, 12) ptr=20617226889728 size=221184B
[FWD-POST] #982 | relu_relu_29                             | out[0]=shape=(4, 96, 12, 12) ptr=20617247860736 size=221184B
[FWD-POST] #983 | relu_relu_29                             | out[0]=shape=(4, 96, 12, 12) ptr=20617247860736 size=221184B
[FWD-POST] #986 | cat_cat_3                                | out[0]=shape=(4, 768, 12, 12) ptr=20617381799936 size=1769472B
[FWD-POST] #987 | cat_cat_3                                | out[0]=shape=(4, 768, 12, 12) ptr=20617381799936 size=1769472B
[FWD-PRE] #988 | Mixed_6b.branch1x1.conv                  | inp[0]=shape=(4, 768, 12, 12) ptr=20617381799936 size=1769472B
[FWD-PRE] #988 | Mixed_6b.branch1x1.conv                  | weight=shape=(192, 768, 1, 1) ptr=20616961356800 size=589824B
[FWD-PRE] #989 | Mixed_6b.branch1x1.conv                  | inp[0]=shape=(4, 768, 12, 12) ptr=20617381799936 size=1769472B
[FWD-PRE] #989 | Mixed_6b.branch1x1.conv                  | weight=shape=(192, 768, 1, 1) ptr=20616961356800 size=589824B
[FWD-POST] #990 | Mixed_6b.branch1x1.conv                  | out[0]=shape=(4, 192, 12, 12) ptr=20617262318592 size=442368B
[FWD-POST] #991 | Mixed_6b.branch1x1.conv                  | out[0]=shape=(4, 192, 12, 12) ptr=20617262318592 size=442368B
[FWD-PRE] #992 | Mixed_6b.branch1x1.bn                    | inp[0]=shape=(4, 192, 12, 12) ptr=20617262318592 size=442368B
[FWD-PRE] #992 | Mixed_6b.branch1x1.bn                    | weight=shape=(192,) ptr=20616939759104 size=768B
[FWD-PRE] #992 | Mixed_6b.branch1x1.bn                    | bias=shape=(192,) ptr=20616939760128 size=768B
[FWD-PRE] #992 | Mixed_6b.branch1x1.bn                    | running_mean=shape=(192,) ptr=20616939761152 size=768B
[FWD-PRE] #992 | Mixed_6b.branch1x1.bn                    | running_var=shape=(192,) ptr=20616939762176 size=768B
[FWD-PRE] #993 | Mixed_6b.branch1x1.bn                    | inp[0]=shape=(4, 192, 12, 12) ptr=20617262318592 size=442368B
[FWD-PRE] #993 | Mixed_6b.branch1x1.bn                    | weight=shape=(192,) ptr=20616939759104 size=768B
[FWD-PRE] #993 | Mixed_6b.branch1x1.bn                    | bias=shape=(192,) ptr=20616939760128 size=768B
[FWD-PRE] #993 | Mixed_6b.branch1x1.bn                    | running_mean=shape=(192,) ptr=20616939761152 size=768B
[FWD-PRE] #993 | Mixed_6b.branch1x1.bn                    | running_var=shape=(192,) ptr=20616939762176 size=768B
[FWD-POST] #994 | Mixed_6b.branch1x1.bn                    | out[0]=shape=(4, 192, 12, 12) ptr=20617264415744 size=442368B
[FWD-POST] #995 | Mixed_6b.branch1x1.bn                    | out[0]=shape=(4, 192, 12, 12) ptr=20617264415744 size=442368B
[FWD-PRE] #996 | relu_relu_30                             | inp[0]=shape=(4, 192, 12, 12) ptr=20617264415744 size=442368B
[FWD-PRE] #997 | relu_relu_30                             | inp[0]=shape=(4, 192, 12, 12) ptr=20617264415744 size=442368B
[FWD-POST] #998 | relu_relu_30                             | out[0]=shape=(4, 192, 12, 12) ptr=20617276998656 size=442368B
[FWD-POST] #999 | relu_relu_30                             | out[0]=shape=(4, 192, 12, 12) ptr=20617276998656 size=442368B
[FWD-PRE] #1000 | Mixed_6b.branch7x7_1.conv                | inp[0]=shape=(4, 768, 12, 12) ptr=20617381799936 size=1769472B
[FWD-PRE] #1000 | Mixed_6b.branch7x7_1.conv                | weight=shape=(128, 768, 1, 1) ptr=20616961947136 size=393216B
[FWD-PRE] #1001 | Mixed_6b.branch7x7_1.conv                | inp[0]=shape=(4, 768, 12, 12) ptr=20617381799936 size=1769472B
[FWD-PRE] #1001 | Mixed_6b.branch7x7_1.conv                | weight=shape=(128, 768, 1, 1) ptr=20616961947136 size=393216B
[FWD-POST] #1002 | Mixed_6b.branch7x7_1.conv                | out[0]=shape=(4, 128, 12, 12) ptr=20617208907264 size=294912B
[FWD-POST] #1003 | Mixed_6b.branch7x7_1.conv                | out[0]=shape=(4, 128, 12, 12) ptr=20617208907264 size=294912B
[FWD-PRE] #1004 | Mixed_6b.branch7x7_1.bn                  | inp[0]=shape=(4, 128, 12, 12) ptr=20617208907264 size=294912B
[FWD-PRE] #1004 | Mixed_6b.branch7x7_1.bn                  | weight=shape=(128,) ptr=20616939763712 size=512B
[FWD-PRE] #1004 | Mixed_6b.branch7x7_1.bn                  | bias=shape=(128,) ptr=20616939764736 size=512B
[FWD-PRE] #1004 | Mixed_6b.branch7x7_1.bn                  | running_mean=shape=(128,) ptr=20616939765760 size=512B
[FWD-PRE] #1004 | Mixed_6b.branch7x7_1.bn                  | running_var=shape=(128,) ptr=20616939766784 size=512B
[FWD-PRE] #1005 | Mixed_6b.branch7x7_1.bn                  | inp[0]=shape=(4, 128, 12, 12) ptr=20617208907264 size=294912B
[FWD-PRE] #1005 | Mixed_6b.branch7x7_1.bn                  | weight=shape=(128,) ptr=20616939763712 size=512B
[FWD-PRE] #1005 | Mixed_6b.branch7x7_1.bn                  | bias=shape=(128,) ptr=20616939764736 size=512B
[FWD-PRE] #1005 | Mixed_6b.branch7x7_1.bn                  | running_mean=shape=(128,) ptr=20616939765760 size=512B
[FWD-PRE] #1005 | Mixed_6b.branch7x7_1.bn                  | running_var=shape=(128,) ptr=20616939766784 size=512B
[FWD-POST] #1006 | Mixed_6b.branch7x7_1.bn                  | out[0]=shape=(4, 128, 12, 12) ptr=20617215839232 size=294912B
[FWD-POST] #1007 | Mixed_6b.branch7x7_1.bn                  | out[0]=shape=(4, 128, 12, 12) ptr=20617215839232 size=294912B
[FWD-PRE] #1008 | relu_relu_31                             | inp[0]=shape=(4, 128, 12, 12) ptr=20617215839232 size=294912B
[FWD-PRE] #1009 | relu_relu_31                             | inp[0]=shape=(4, 128, 12, 12) ptr=20617215839232 size=294912B
[FWD-POST] #1010 | relu_relu_31                             | out[0]=shape=(4, 128, 12, 12) ptr=20617217295872 size=294912B
[FWD-POST] #1011 | relu_relu_31                             | out[0]=shape=(4, 128, 12, 12) ptr=20617217295872 size=294912B
[FWD-PRE] #1012 | Mixed_6b.branch7x7_2.conv                | inp[0]=shape=(4, 128, 12, 12) ptr=20617217295872 size=294912B
[FWD-PRE] #1012 | Mixed_6b.branch7x7_2.conv                | weight=shape=(128, 128, 1, 7) ptr=20616962340864 size=458752B
[FWD-PRE] #1013 | Mixed_6b.branch7x7_2.conv                | inp[0]=shape=(4, 128, 12, 12) ptr=20617217295872 size=294912B
[FWD-PRE] #1013 | Mixed_6b.branch7x7_2.conv                | weight=shape=(128, 128, 1, 7) ptr=20616962340864 size=458752B
[FWD-POST] #1014 | Mixed_6b.branch7x7_2.conv                | out[0]=shape=(4, 128, 12, 12) ptr=20617215839232 size=294912B
[FWD-POST] #1015 | Mixed_6b.branch7x7_2.conv                | out[0]=shape=(4, 128, 12, 12) ptr=20617215839232 size=294912B
[FWD-PRE] #1016 | Mixed_6b.branch7x7_2.bn                  | inp[0]=shape=(4, 128, 12, 12) ptr=20617215839232 size=294912B
[FWD-PRE] #1016 | Mixed_6b.branch7x7_2.bn                  | weight=shape=(128,) ptr=20616939768320 size=512B
[FWD-PRE] #1016 | Mixed_6b.branch7x7_2.bn                  | bias=shape=(128,) ptr=20616939769344 size=512B
[FWD-PRE] #1016 | Mixed_6b.branch7x7_2.bn                  | running_mean=shape=(128,) ptr=20616939770368 size=512B
[FWD-PRE] #1016 | Mixed_6b.branch7x7_2.bn                  | running_var=shape=(128,) ptr=20616939771392 size=512B
[FWD-PRE] #1017 | Mixed_6b.branch7x7_2.bn                  | inp[0]=shape=(4, 128, 12, 12) ptr=20617215839232 size=294912B
[FWD-PRE] #1017 | Mixed_6b.branch7x7_2.bn                  | weight=shape=(128,) ptr=20616939768320 size=512B
[FWD-PRE] #1017 | Mixed_6b.branch7x7_2.bn                  | bias=shape=(128,) ptr=20616939769344 size=512B
[FWD-PRE] #1017 | Mixed_6b.branch7x7_2.bn                  | running_mean=shape=(128,) ptr=20616939770368 size=512B
[FWD-PRE] #1017 | Mixed_6b.branch7x7_2.bn                  | running_var=shape=(128,) ptr=20616939771392 size=512B
[FWD-POST] #1018 | Mixed_6b.branch7x7_2.bn                  | out[0]=shape=(4, 128, 12, 12) ptr=20617228911616 size=294912B
[FWD-POST] #1019 | Mixed_6b.branch7x7_2.bn                  | out[0]=shape=(4, 128, 12, 12) ptr=20617228911616 size=294912B
[FWD-PRE] #1020 | relu_relu_32                             | inp[0]=shape=(4, 128, 12, 12) ptr=20617228911616 size=294912B
[FWD-PRE] #1021 | relu_relu_32                             | inp[0]=shape=(4, 128, 12, 12) ptr=20617228911616 size=294912B
[FWD-POST] #1022 | relu_relu_32                             | out[0]=shape=(4, 128, 12, 12) ptr=20617233986048 size=294912B
[FWD-POST] #1023 | relu_relu_32                             | out[0]=shape=(4, 128, 12, 12) ptr=20617233986048 size=294912B
[FWD-PRE] #1024 | Mixed_6b.branch7x7_3.conv                | inp[0]=shape=(4, 128, 12, 12) ptr=20617233986048 size=294912B
[FWD-PRE] #1024 | Mixed_6b.branch7x7_3.conv                | weight=shape=(192, 128, 7, 1) ptr=20616962899968 size=688128B
[FWD-PRE] #1025 | Mixed_6b.branch7x7_3.conv                | inp[0]=shape=(4, 128, 12, 12) ptr=20617233986048 size=294912B
[FWD-PRE] #1025 | Mixed_6b.branch7x7_3.conv                | weight=shape=(192, 128, 7, 1) ptr=20616962899968 size=688128B
[FWD-POST] #1026 | Mixed_6b.branch7x7_3.conv                | out[0]=shape=(4, 192, 12, 12) ptr=20617264415744 size=442368B
[FWD-POST] #1027 | Mixed_6b.branch7x7_3.conv                | out[0]=shape=(4, 192, 12, 12) ptr=20617264415744 size=442368B
[FWD-PRE] #1028 | Mixed_6b.branch7x7_3.bn                  | inp[0]=shape=(4, 192, 12, 12) ptr=20617264415744 size=442368B
[FWD-PRE] #1028 | Mixed_6b.branch7x7_3.bn                  | weight=shape=(192,) ptr=20616939772928 size=768B
[FWD-PRE] #1028 | Mixed_6b.branch7x7_3.bn                  | bias=shape=(192,) ptr=20616939773952 size=768B
[FWD-PRE] #1028 | Mixed_6b.branch7x7_3.bn                  | running_mean=shape=(192,) ptr=20616939774976 size=768B
[FWD-PRE] #1028 | Mixed_6b.branch7x7_3.bn                  | running_var=shape=(192,) ptr=20616939776000 size=768B
[FWD-PRE] #1029 | Mixed_6b.branch7x7_3.bn                  | inp[0]=shape=(4, 192, 12, 12) ptr=20617264415744 size=442368B
[FWD-PRE] #1029 | Mixed_6b.branch7x7_3.bn                  | weight=shape=(192,) ptr=20616939772928 size=768B
[FWD-PRE] #1029 | Mixed_6b.branch7x7_3.bn                  | bias=shape=(192,) ptr=20616939773952 size=768B
[FWD-PRE] #1029 | Mixed_6b.branch7x7_3.bn                  | running_mean=shape=(192,) ptr=20616939774976 size=768B
[FWD-PRE] #1029 | Mixed_6b.branch7x7_3.bn                  | running_var=shape=(192,) ptr=20616939776000 size=768B
[FWD-POST] #1030 | Mixed_6b.branch7x7_3.bn                  | out[0]=shape=(4, 192, 12, 12) ptr=20617224547840 size=442368B
[FWD-POST] #1031 | Mixed_6b.branch7x7_3.bn                  | out[0]=shape=(4, 192, 12, 12) ptr=20617224547840 size=442368B
[FWD-PRE] #1032 | relu_relu_33                             | inp[0]=shape=(4, 192, 12, 12) ptr=20617224547840 size=442368B
[FWD-PRE] #1033 | relu_relu_33                             | inp[0]=shape=(4, 192, 12, 12) ptr=20617224547840 size=442368B
[FWD-POST] #1034 | relu_relu_33                             | out[0]=shape=(4, 192, 12, 12) ptr=20617237130752 size=442368B
[FWD-POST] #1035 | relu_relu_33                             | out[0]=shape=(4, 192, 12, 12) ptr=20617237130752 size=442368B
[FWD-PRE] #1036 | Mixed_6b.branch7x7dbl_1.conv             | inp[0]=shape=(4, 768, 12, 12) ptr=20617381799936 size=1769472B
[FWD-PRE] #1036 | Mixed_6b.branch7x7dbl_1.conv             | weight=shape=(128, 768, 1, 1) ptr=20616963588608 size=393216B
[FWD-PRE] #1037 | Mixed_6b.branch7x7dbl_1.conv             | inp[0]=shape=(4, 768, 12, 12) ptr=20617381799936 size=1769472B
[FWD-PRE] #1037 | Mixed_6b.branch7x7dbl_1.conv             | weight=shape=(128, 768, 1, 1) ptr=20616963588608 size=393216B
[FWD-POST] #1038 | Mixed_6b.branch7x7dbl_1.conv             | out[0]=shape=(4, 128, 12, 12) ptr=20617228911616 size=294912B
[FWD-POST] #1039 | Mixed_6b.branch7x7dbl_1.conv             | out[0]=shape=(4, 128, 12, 12) ptr=20617228911616 size=294912B
[FWD-PRE] #1040 | Mixed_6b.branch7x7dbl_1.bn               | inp[0]=shape=(4, 128, 12, 12) ptr=20617228911616 size=294912B
[FWD-PRE] #1040 | Mixed_6b.branch7x7dbl_1.bn               | weight=shape=(128,) ptr=20616939777536 size=512B
[FWD-PRE] #1040 | Mixed_6b.branch7x7dbl_1.bn               | bias=shape=(128,) ptr=20616939778560 size=512B
[FWD-PRE] #1040 | Mixed_6b.branch7x7dbl_1.bn               | running_mean=shape=(128,) ptr=20616939779584 size=512B
[FWD-PRE] #1040 | Mixed_6b.branch7x7dbl_1.bn               | running_var=shape=(128,) ptr=20616939780608 size=512B
[FWD-PRE] #1041 | Mixed_6b.branch7x7dbl_1.bn               | inp[0]=shape=(4, 128, 12, 12) ptr=20617228911616 size=294912B
[FWD-PRE] #1041 | Mixed_6b.branch7x7dbl_1.bn               | weight=shape=(128,) ptr=20616939777536 size=512B
[FWD-PRE] #1041 | Mixed_6b.branch7x7dbl_1.bn               | bias=shape=(128,) ptr=20616939778560 size=512B
[FWD-PRE] #1041 | Mixed_6b.branch7x7dbl_1.bn               | running_mean=shape=(128,) ptr=20616939779584 size=512B
[FWD-PRE] #1041 | Mixed_6b.branch7x7dbl_1.bn               | running_var=shape=(128,) ptr=20616939780608 size=512B
[FWD-POST] #1042 | Mixed_6b.branch7x7dbl_1.bn               | out[0]=shape=(4, 128, 12, 12) ptr=20617224547840 size=294912B
[FWD-POST] #1043 | Mixed_6b.branch7x7dbl_1.bn               | out[0]=shape=(4, 128, 12, 12) ptr=20617224547840 size=294912B
[FWD-PRE] #1044 | relu_relu_34                             | inp[0]=shape=(4, 128, 12, 12) ptr=20617224547840 size=294912B
[FWD-PRE] #1045 | relu_relu_34                             | inp[0]=shape=(4, 128, 12, 12) ptr=20617224547840 size=294912B
[FWD-POST] #1046 | relu_relu_34                             | out[0]=shape=(4, 128, 12, 12) ptr=20617230764032 size=294912B
[FWD-POST] #1047 | relu_relu_34                             | out[0]=shape=(4, 128, 12, 12) ptr=20617230764032 size=294912B
[FWD-PRE] #1048 | Mixed_6b.branch7x7dbl_2.conv             | inp[0]=shape=(4, 128, 12, 12) ptr=20617230764032 size=294912B
[FWD-PRE] #1048 | Mixed_6b.branch7x7dbl_2.conv             | weight=shape=(128, 128, 7, 1) ptr=20616963982336 size=458752B
[FWD-PRE] #1049 | Mixed_6b.branch7x7dbl_2.conv             | inp[0]=shape=(4, 128, 12, 12) ptr=20617230764032 size=294912B
[FWD-PRE] #1049 | Mixed_6b.branch7x7dbl_2.conv             | weight=shape=(128, 128, 7, 1) ptr=20616963982336 size=458752B
[FWD-POST] #1050 | Mixed_6b.branch7x7dbl_2.conv             | out[0]=shape=(4, 128, 12, 12) ptr=20617224547840 size=294912B
[FWD-POST] #1051 | Mixed_6b.branch7x7dbl_2.conv             | out[0]=shape=(4, 128, 12, 12) ptr=20617224547840 size=294912B
[FWD-PRE] #1052 | Mixed_6b.branch7x7dbl_2.bn               | inp[0]=shape=(4, 128, 12, 12) ptr=20617224547840 size=294912B
[FWD-PRE] #1052 | Mixed_6b.branch7x7dbl_2.bn               | weight=shape=(128,) ptr=20616939782144 size=512B
[FWD-PRE] #1052 | Mixed_6b.branch7x7dbl_2.bn               | bias=shape=(128,) ptr=20616939783168 size=512B
[FWD-PRE] #1052 | Mixed_6b.branch7x7dbl_2.bn               | running_mean=shape=(128,) ptr=20616939784192 size=512B
[FWD-PRE] #1052 | Mixed_6b.branch7x7dbl_2.bn               | running_var=shape=(128,) ptr=20616939785216 size=512B
[FWD-PRE] #1053 | Mixed_6b.branch7x7dbl_2.bn               | inp[0]=shape=(4, 128, 12, 12) ptr=20617224547840 size=294912B
[FWD-PRE] #1053 | Mixed_6b.branch7x7dbl_2.bn               | weight=shape=(128,) ptr=20616939782144 size=512B
[FWD-PRE] #1053 | Mixed_6b.branch7x7dbl_2.bn               | bias=shape=(128,) ptr=20616939783168 size=512B
[FWD-PRE] #1053 | Mixed_6b.branch7x7dbl_2.bn               | running_mean=shape=(128,) ptr=20616939784192 size=512B
[FWD-PRE] #1053 | Mixed_6b.branch7x7dbl_2.bn               | running_var=shape=(128,) ptr=20616939785216 size=512B
[FWD-POST] #1054 | Mixed_6b.branch7x7dbl_2.bn               | out[0]=shape=(4, 128, 12, 12) ptr=20617227141120 size=294912B
[FWD-POST] #1055 | Mixed_6b.branch7x7dbl_2.bn               | out[0]=shape=(4, 128, 12, 12) ptr=20617227141120 size=294912B
[FWD-PRE] #1056 | relu_relu_35                             | inp[0]=shape=(4, 128, 12, 12) ptr=20617227141120 size=294912B
[FWD-PRE] #1057 | relu_relu_35                             | inp[0]=shape=(4, 128, 12, 12) ptr=20617227141120 size=294912B
[FWD-POST] #1058 | relu_relu_35                             | out[0]=shape=(4, 128, 12, 12) ptr=20617227436544 size=294912B
[FWD-POST] #1059 | relu_relu_35                             | out[0]=shape=(4, 128, 12, 12) ptr=20617227436544 size=294912B
[FWD-PRE] #1060 | Mixed_6b.branch7x7dbl_3.conv             | inp[0]=shape=(4, 128, 12, 12) ptr=20617227436544 size=294912B
[FWD-PRE] #1060 | Mixed_6b.branch7x7dbl_3.conv             | weight=shape=(128, 128, 1, 7) ptr=20616964441600 size=458752B
[FWD-PRE] #1061 | Mixed_6b.branch7x7dbl_3.conv             | inp[0]=shape=(4, 128, 12, 12) ptr=20617227436544 size=294912B
[FWD-PRE] #1061 | Mixed_6b.branch7x7dbl_3.conv             | weight=shape=(128, 128, 1, 7) ptr=20616964441600 size=458752B
[FWD-POST] #1062 | Mixed_6b.branch7x7dbl_3.conv             | out[0]=shape=(4, 128, 12, 12) ptr=20617227141120 size=294912B
[FWD-POST] #1063 | Mixed_6b.branch7x7dbl_3.conv             | out[0]=shape=(4, 128, 12, 12) ptr=20617227141120 size=294912B
[FWD-PRE] #1064 | Mixed_6b.branch7x7dbl_3.bn               | inp[0]=shape=(4, 128, 12, 12) ptr=20617227141120 size=294912B
[FWD-PRE] #1064 | Mixed_6b.branch7x7dbl_3.bn               | weight=shape=(128,) ptr=20616939786752 size=512B
[FWD-PRE] #1064 | Mixed_6b.branch7x7dbl_3.bn               | bias=shape=(128,) ptr=20616939787776 size=512B
[FWD-PRE] #1064 | Mixed_6b.branch7x7dbl_3.bn               | running_mean=shape=(128,) ptr=20616939788800 size=512B
[FWD-PRE] #1064 | Mixed_6b.branch7x7dbl_3.bn               | running_var=shape=(128,) ptr=20616939789824 size=512B
[FWD-PRE] #1065 | Mixed_6b.branch7x7dbl_3.bn               | inp[0]=shape=(4, 128, 12, 12) ptr=20617227141120 size=294912B
[FWD-PRE] #1065 | Mixed_6b.branch7x7dbl_3.bn               | weight=shape=(128,) ptr=20616939786752 size=512B
[FWD-PRE] #1065 | Mixed_6b.branch7x7dbl_3.bn               | bias=shape=(128,) ptr=20616939787776 size=512B
[FWD-PRE] #1065 | Mixed_6b.branch7x7dbl_3.bn               | running_mean=shape=(128,) ptr=20616939788800 size=512B
[FWD-PRE] #1065 | Mixed_6b.branch7x7dbl_3.bn               | running_var=shape=(128,) ptr=20616939789824 size=512B
[FWD-POST] #1066 | Mixed_6b.branch7x7dbl_3.bn               | out[0]=shape=(4, 128, 12, 12) ptr=20617243918336 size=294912B
[FWD-POST] #1067 | Mixed_6b.branch7x7dbl_3.bn               | out[0]=shape=(4, 128, 12, 12) ptr=20617243918336 size=294912B
[FWD-PRE] #1068 | relu_relu_36                             | inp[0]=shape=(4, 128, 12, 12) ptr=20617243918336 size=294912B
[FWD-PRE] #1069 | relu_relu_36                             | inp[0]=shape=(4, 128, 12, 12) ptr=20617243918336 size=294912B
[FWD-POST] #1070 | relu_relu_36                             | out[0]=shape=(4, 128, 12, 12) ptr=20617244213760 size=294912B
[FWD-POST] #1071 | relu_relu_36                             | out[0]=shape=(4, 128, 12, 12) ptr=20617244213760 size=294912B
[FWD-PRE] #1072 | Mixed_6b.branch7x7dbl_4.conv             | inp[0]=shape=(4, 128, 12, 12) ptr=20617244213760 size=294912B
[FWD-PRE] #1072 | Mixed_6b.branch7x7dbl_4.conv             | weight=shape=(128, 128, 7, 1) ptr=20616964997120 size=458752B
[FWD-PRE] #1073 | Mixed_6b.branch7x7dbl_4.conv             | inp[0]=shape=(4, 128, 12, 12) ptr=20617244213760 size=294912B
[FWD-PRE] #1073 | Mixed_6b.branch7x7dbl_4.conv             | weight=shape=(128, 128, 7, 1) ptr=20616964997120 size=458752B
[FWD-POST] #1074 | Mixed_6b.branch7x7dbl_4.conv             | out[0]=shape=(4, 128, 12, 12) ptr=20617243918336 size=294912B
[FWD-POST] #1075 | Mixed_6b.branch7x7dbl_4.conv             | out[0]=shape=(4, 128, 12, 12) ptr=20617243918336 size=294912B
[FWD-PRE] #1076 | Mixed_6b.branch7x7dbl_4.bn               | inp[0]=shape=(4, 128, 12, 12) ptr=20617243918336 size=294912B
[FWD-PRE] #1076 | Mixed_6b.branch7x7dbl_4.bn               | weight=shape=(128,) ptr=20616939791360 size=512B
[FWD-PRE] #1076 | Mixed_6b.branch7x7dbl_4.bn               | bias=shape=(128,) ptr=20616939792384 size=512B
[FWD-PRE] #1076 | Mixed_6b.branch7x7dbl_4.bn               | running_mean=shape=(128,) ptr=20616939793408 size=512B
[FWD-PRE] #1076 | Mixed_6b.branch7x7dbl_4.bn               | running_var=shape=(128,) ptr=20616939794432 size=512B
[FWD-PRE] #1077 | Mixed_6b.branch7x7dbl_4.bn               | inp[0]=shape=(4, 128, 12, 12) ptr=20617243918336 size=294912B
[FWD-PRE] #1077 | Mixed_6b.branch7x7dbl_4.bn               | weight=shape=(128,) ptr=20616939791360 size=512B
[FWD-PRE] #1077 | Mixed_6b.branch7x7dbl_4.bn               | bias=shape=(128,) ptr=20616939792384 size=512B
[FWD-PRE] #1077 | Mixed_6b.branch7x7dbl_4.bn               | running_mean=shape=(128,) ptr=20616939793408 size=512B
[FWD-PRE] #1077 | Mixed_6b.branch7x7dbl_4.bn               | running_var=shape=(128,) ptr=20616939794432 size=512B
[FWD-POST] #1078 | Mixed_6b.branch7x7dbl_4.bn               | out[0]=shape=(4, 128, 12, 12) ptr=20617244509184 size=294912B
[FWD-POST] #1079 | Mixed_6b.branch7x7dbl_4.bn               | out[0]=shape=(4, 128, 12, 12) ptr=20617244509184 size=294912B
[FWD-PRE] #1080 | relu_relu_37                             | inp[0]=shape=(4, 128, 12, 12) ptr=20617244509184 size=294912B
[FWD-PRE] #1081 | relu_relu_37                             | inp[0]=shape=(4, 128, 12, 12) ptr=20617244509184 size=294912B
[FWD-POST] #1082 | relu_relu_37                             | out[0]=shape=(4, 128, 12, 12) ptr=20617269084160 size=294912B
[FWD-POST] #1083 | relu_relu_37                             | out[0]=shape=(4, 128, 12, 12) ptr=20617269084160 size=294912B
[FWD-PRE] #1084 | Mixed_6b.branch7x7dbl_5.conv             | inp[0]=shape=(4, 128, 12, 12) ptr=20617269084160 size=294912B
[FWD-PRE] #1084 | Mixed_6b.branch7x7dbl_5.conv             | weight=shape=(192, 128, 1, 7) ptr=20616965456384 size=688128B
[FWD-PRE] #1085 | Mixed_6b.branch7x7dbl_5.conv             | inp[0]=shape=(4, 128, 12, 12) ptr=20617269084160 size=294912B
[FWD-PRE] #1085 | Mixed_6b.branch7x7dbl_5.conv             | weight=shape=(192, 128, 1, 7) ptr=20616965456384 size=688128B
[FWD-POST] #1086 | Mixed_6b.branch7x7dbl_5.conv             | out[0]=shape=(4, 192, 12, 12) ptr=20617269379584 size=442368B
[FWD-POST] #1087 | Mixed_6b.branch7x7dbl_5.conv             | out[0]=shape=(4, 192, 12, 12) ptr=20617269379584 size=442368B
[FWD-PRE] #1088 | Mixed_6b.branch7x7dbl_5.bn               | inp[0]=shape=(4, 192, 12, 12) ptr=20617269379584 size=442368B
[FWD-PRE] #1088 | Mixed_6b.branch7x7dbl_5.bn               | weight=shape=(192,) ptr=20616939795968 size=768B
[FWD-PRE] #1088 | Mixed_6b.branch7x7dbl_5.bn               | bias=shape=(192,) ptr=20616939796992 size=768B
[FWD-PRE] #1088 | Mixed_6b.branch7x7dbl_5.bn               | running_mean=shape=(192,) ptr=20616939798016 size=768B
[FWD-PRE] #1088 | Mixed_6b.branch7x7dbl_5.bn               | running_var=shape=(192,) ptr=20616939799040 size=768B
[FWD-PRE] #1089 | Mixed_6b.branch7x7dbl_5.bn               | inp[0]=shape=(4, 192, 12, 12) ptr=20617269379584 size=442368B
[FWD-PRE] #1089 | Mixed_6b.branch7x7dbl_5.bn               | weight=shape=(192,) ptr=20616939795968 size=768B
[FWD-PRE] #1089 | Mixed_6b.branch7x7dbl_5.bn               | bias=shape=(192,) ptr=20616939796992 size=768B
[FWD-PRE] #1089 | Mixed_6b.branch7x7dbl_5.bn               | running_mean=shape=(192,) ptr=20616939798016 size=768B
[FWD-PRE] #1089 | Mixed_6b.branch7x7dbl_5.bn               | running_var=shape=(192,) ptr=20616939799040 size=768B
[FWD-POST] #1090 | Mixed_6b.branch7x7dbl_5.bn               | out[0]=shape=(4, 192, 12, 12) ptr=20617269822464 size=442368B
[FWD-POST] #1091 | Mixed_6b.branch7x7dbl_5.bn               | out[0]=shape=(4, 192, 12, 12) ptr=20617269822464 size=442368B
[FWD-PRE] #1092 | relu_relu_38                             | inp[0]=shape=(4, 192, 12, 12) ptr=20617269822464 size=442368B
[FWD-PRE] #1093 | relu_relu_38                             | inp[0]=shape=(4, 192, 12, 12) ptr=20617269822464 size=442368B
[FWD-POST] #1094 | relu_relu_38                             | out[0]=shape=(4, 192, 12, 12) ptr=20617270265344 size=442368B
[FWD-POST] #1095 | relu_relu_38                             | out[0]=shape=(4, 192, 12, 12) ptr=20617270265344 size=442368B
[FWD-PRE] #1096 | Mixed_6b.branch_pool.conv                | inp[0]=shape=(4, 768, 12, 12) ptr=20617053665280 size=1769472B
[FWD-PRE] #1096 | Mixed_6b.branch_pool.conv                | weight=shape=(192, 768, 1, 1) ptr=20616966145024 size=589824B
[FWD-PRE] #1097 | Mixed_6b.branch_pool.conv                | inp[0]=shape=(4, 768, 12, 12) ptr=20617053665280 size=1769472B
[FWD-PRE] #1097 | Mixed_6b.branch_pool.conv                | weight=shape=(192, 768, 1, 1) ptr=20616966145024 size=589824B
[FWD-POST] #1098 | Mixed_6b.branch_pool.conv                | out[0]=shape=(4, 192, 12, 12) ptr=20617269822464 size=442368B
[FWD-POST] #1099 | Mixed_6b.branch_pool.conv                | out[0]=shape=(4, 192, 12, 12) ptr=20617269822464 size=442368B
[FWD-PRE] #1100 | Mixed_6b.branch_pool.bn                  | inp[0]=shape=(4, 192, 12, 12) ptr=20617269822464 size=442368B
[FWD-PRE] #1100 | Mixed_6b.branch_pool.bn                  | weight=shape=(192,) ptr=20616939800576 size=768B
[FWD-PRE] #1100 | Mixed_6b.branch_pool.bn                  | bias=shape=(192,) ptr=20616939801600 size=768B
[FWD-PRE] #1100 | Mixed_6b.branch_pool.bn                  | running_mean=shape=(192,) ptr=20616939802624 size=768B
[FWD-PRE] #1100 | Mixed_6b.branch_pool.bn                  | running_var=shape=(192,) ptr=20616939803648 size=768B
[FWD-PRE] #1101 | Mixed_6b.branch_pool.bn                  | inp[0]=shape=(4, 192, 12, 12) ptr=20617269822464 size=442368B
[FWD-PRE] #1101 | Mixed_6b.branch_pool.bn                  | weight=shape=(192,) ptr=20616939800576 size=768B
[FWD-PRE] #1101 | Mixed_6b.branch_pool.bn                  | bias=shape=(192,) ptr=20616939801600 size=768B
[FWD-PRE] #1101 | Mixed_6b.branch_pool.bn                  | running_mean=shape=(192,) ptr=20616939802624 size=768B
[FWD-PRE] #1101 | Mixed_6b.branch_pool.bn                  | running_var=shape=(192,) ptr=20616939803648 size=768B
[FWD-POST] #1102 | Mixed_6b.branch_pool.bn                  | out[0]=shape=(4, 192, 12, 12) ptr=20617270708224 size=442368B
[FWD-POST] #1103 | Mixed_6b.branch_pool.bn                  | out[0]=shape=(4, 192, 12, 12) ptr=20617270708224 size=442368B
[FWD-PRE] #1104 | relu_relu_39                             | inp[0]=shape=(4, 192, 12, 12) ptr=20617270708224 size=442368B
[FWD-PRE] #1105 | relu_relu_39                             | inp[0]=shape=(4, 192, 12, 12) ptr=20617270708224 size=442368B
[FWD-POST] #1106 | relu_relu_39                             | out[0]=shape=(4, 192, 12, 12) ptr=20617311027200 size=442368B
[FWD-POST] #1107 | relu_relu_39                             | out[0]=shape=(4, 192, 12, 12) ptr=20617311027200 size=442368B
[FWD-POST] #1110 | cat_cat_4                                | out[0]=shape=(4, 768, 12, 12) ptr=20617055435264 size=1769472B
[FWD-POST] #1111 | cat_cat_4                                | out[0]=shape=(4, 768, 12, 12) ptr=20617055435264 size=1769472B
[FWD-PRE] #1112 | Mixed_6c.branch1x1.conv                  | inp[0]=shape=(4, 768, 12, 12) ptr=20617055435264 size=1769472B
[FWD-PRE] #1112 | Mixed_6c.branch1x1.conv                  | weight=shape=(192, 768, 1, 1) ptr=20616967094272 size=589824B
[FWD-PRE] #1113 | Mixed_6c.branch1x1.conv                  | inp[0]=shape=(4, 768, 12, 12) ptr=20617055435264 size=1769472B
[FWD-PRE] #1113 | Mixed_6c.branch1x1.conv                  | weight=shape=(192, 768, 1, 1) ptr=20616967094272 size=589824B
[FWD-POST] #1114 | Mixed_6c.branch1x1.conv                  | out[0]=shape=(4, 192, 12, 12) ptr=20617270708224 size=442368B
[FWD-POST] #1115 | Mixed_6c.branch1x1.conv                  | out[0]=shape=(4, 192, 12, 12) ptr=20617270708224 size=442368B
[FWD-PRE] #1116 | Mixed_6c.branch1x1.bn                    | inp[0]=shape=(4, 192, 12, 12) ptr=20617270708224 size=442368B
[FWD-PRE] #1116 | Mixed_6c.branch1x1.bn                    | weight=shape=(192,) ptr=20616939805184 size=768B
[FWD-PRE] #1116 | Mixed_6c.branch1x1.bn                    | bias=shape=(192,) ptr=20616939806208 size=768B
[FWD-PRE] #1116 | Mixed_6c.branch1x1.bn                    | running_mean=shape=(192,) ptr=20616939807232 size=768B
[FWD-PRE] #1116 | Mixed_6c.branch1x1.bn                    | running_var=shape=(192,) ptr=20616939808256 size=768B
[FWD-PRE] #1117 | Mixed_6c.branch1x1.bn                    | inp[0]=shape=(4, 192, 12, 12) ptr=20617270708224 size=442368B
[FWD-PRE] #1117 | Mixed_6c.branch1x1.bn                    | weight=shape=(192,) ptr=20616939805184 size=768B
[FWD-PRE] #1117 | Mixed_6c.branch1x1.bn                    | bias=shape=(192,) ptr=20616939806208 size=768B
[FWD-PRE] #1117 | Mixed_6c.branch1x1.bn                    | running_mean=shape=(192,) ptr=20616939807232 size=768B
[FWD-PRE] #1117 | Mixed_6c.branch1x1.bn                    | running_var=shape=(192,) ptr=20616939808256 size=768B
[FWD-POST] #1118 | Mixed_6c.branch1x1.bn                    | out[0]=shape=(4, 192, 12, 12) ptr=20617311470080 size=442368B
[FWD-POST] #1119 | Mixed_6c.branch1x1.bn                    | out[0]=shape=(4, 192, 12, 12) ptr=20617311470080 size=442368B
[FWD-PRE] #1120 | relu_relu_40                             | inp[0]=shape=(4, 192, 12, 12) ptr=20617311470080 size=442368B
[FWD-PRE] #1121 | relu_relu_40                             | inp[0]=shape=(4, 192, 12, 12) ptr=20617311470080 size=442368B
[FWD-POST] #1122 | relu_relu_40                             | out[0]=shape=(4, 192, 12, 12) ptr=20617311912960 size=442368B
[FWD-POST] #1123 | relu_relu_40                             | out[0]=shape=(4, 192, 12, 12) ptr=20617311912960 size=442368B
[FWD-PRE] #1124 | Mixed_6c.branch7x7_1.conv                | inp[0]=shape=(4, 768, 12, 12) ptr=20617055435264 size=1769472B
[FWD-PRE] #1124 | Mixed_6c.branch7x7_1.conv                | weight=shape=(160, 768, 1, 1) ptr=20616967684608 size=491520B
[FWD-PRE] #1125 | Mixed_6c.branch7x7_1.conv                | inp[0]=shape=(4, 768, 12, 12) ptr=20617055435264 size=1769472B
[FWD-PRE] #1125 | Mixed_6c.branch7x7_1.conv                | weight=shape=(160, 768, 1, 1) ptr=20616967684608 size=491520B
[FWD-POST] #1126 | Mixed_6c.branch7x7_1.conv                | out[0]=shape=(4, 160, 12, 12) ptr=20617244509184 size=368640B
[FWD-POST] #1127 | Mixed_6c.branch7x7_1.conv                | out[0]=shape=(4, 160, 12, 12) ptr=20617244509184 size=368640B
[FWD-PRE] #1128 | Mixed_6c.branch7x7_1.bn                  | inp[0]=shape=(4, 160, 12, 12) ptr=20617244509184 size=368640B
[FWD-PRE] #1128 | Mixed_6c.branch7x7_1.bn                  | weight=shape=(160,) ptr=20616939809792 size=640B
[FWD-PRE] #1128 | Mixed_6c.branch7x7_1.bn                  | bias=shape=(160,) ptr=20616939810816 size=640B
[FWD-PRE] #1128 | Mixed_6c.branch7x7_1.bn                  | running_mean=shape=(160,) ptr=20616939811840 size=640B
[FWD-PRE] #1128 | Mixed_6c.branch7x7_1.bn                  | running_var=shape=(160,) ptr=20616939812864 size=640B
[FWD-PRE] #1129 | Mixed_6c.branch7x7_1.bn                  | inp[0]=shape=(4, 160, 12, 12) ptr=20617244509184 size=368640B
[FWD-PRE] #1129 | Mixed_6c.branch7x7_1.bn                  | weight=shape=(160,) ptr=20616939809792 size=640B
[FWD-PRE] #1129 | Mixed_6c.branch7x7_1.bn                  | bias=shape=(160,) ptr=20616939810816 size=640B
[FWD-PRE] #1129 | Mixed_6c.branch7x7_1.bn                  | running_mean=shape=(160,) ptr=20616939811840 size=640B
[FWD-PRE] #1129 | Mixed_6c.branch7x7_1.bn                  | running_var=shape=(160,) ptr=20616939812864 size=640B
[FWD-POST] #1130 | Mixed_6c.branch7x7_1.bn                  | out[0]=shape=(4, 160, 12, 12) ptr=20617311470080 size=368640B
[FWD-POST] #1131 | Mixed_6c.branch7x7_1.bn                  | out[0]=shape=(4, 160, 12, 12) ptr=20617311470080 size=368640B
[FWD-PRE] #1132 | relu_relu_41                             | inp[0]=shape=(4, 160, 12, 12) ptr=20617311470080 size=368640B
[FWD-PRE] #1133 | relu_relu_41                             | inp[0]=shape=(4, 160, 12, 12) ptr=20617311470080 size=368640B
[FWD-POST] #1134 | relu_relu_41                             | out[0]=shape=(4, 160, 12, 12) ptr=20617312355840 size=368640B
[FWD-POST] #1135 | relu_relu_41                             | out[0]=shape=(4, 160, 12, 12) ptr=20617312355840 size=368640B
[FWD-PRE] #1136 | Mixed_6c.branch7x7_2.conv                | inp[0]=shape=(4, 160, 12, 12) ptr=20617312355840 size=368640B
[FWD-PRE] #1136 | Mixed_6c.branch7x7_2.conv                | weight=shape=(160, 160, 1, 7) ptr=20616968176640 size=716800B
[FWD-PRE] #1137 | Mixed_6c.branch7x7_2.conv                | inp[0]=shape=(4, 160, 12, 12) ptr=20617312355840 size=368640B
[FWD-PRE] #1137 | Mixed_6c.branch7x7_2.conv                | weight=shape=(160, 160, 1, 7) ptr=20616968176640 size=716800B
[FWD-POST] #1138 | Mixed_6c.branch7x7_2.conv                | out[0]=shape=(4, 160, 12, 12) ptr=20617312724992 size=368640B
[FWD-POST] #1139 | Mixed_6c.branch7x7_2.conv                | out[0]=shape=(4, 160, 12, 12) ptr=20617312724992 size=368640B
[FWD-PRE] #1140 | Mixed_6c.branch7x7_2.bn                  | inp[0]=shape=(4, 160, 12, 12) ptr=20617312724992 size=368640B
[FWD-PRE] #1140 | Mixed_6c.branch7x7_2.bn                  | weight=shape=(160,) ptr=20616939814400 size=640B
[FWD-PRE] #1140 | Mixed_6c.branch7x7_2.bn                  | bias=shape=(160,) ptr=20616939815424 size=640B
[FWD-PRE] #1140 | Mixed_6c.branch7x7_2.bn                  | running_mean=shape=(160,) ptr=20616939816448 size=640B
[FWD-PRE] #1140 | Mixed_6c.branch7x7_2.bn                  | running_var=shape=(160,) ptr=20616939817472 size=640B
[FWD-PRE] #1141 | Mixed_6c.branch7x7_2.bn                  | inp[0]=shape=(4, 160, 12, 12) ptr=20617312724992 size=368640B
[FWD-PRE] #1141 | Mixed_6c.branch7x7_2.bn                  | weight=shape=(160,) ptr=20616939814400 size=640B
[FWD-PRE] #1141 | Mixed_6c.branch7x7_2.bn                  | bias=shape=(160,) ptr=20616939815424 size=640B
[FWD-PRE] #1141 | Mixed_6c.branch7x7_2.bn                  | running_mean=shape=(160,) ptr=20616939816448 size=640B
[FWD-PRE] #1141 | Mixed_6c.branch7x7_2.bn                  | running_var=shape=(160,) ptr=20616939817472 size=640B
[FWD-POST] #1142 | Mixed_6c.branch7x7_2.bn                  | out[0]=shape=(4, 160, 12, 12) ptr=20617311470080 size=368640B
[FWD-POST] #1143 | Mixed_6c.branch7x7_2.bn                  | out[0]=shape=(4, 160, 12, 12) ptr=20617311470080 size=368640B
[FWD-PRE] #1144 | relu_relu_42                             | inp[0]=shape=(4, 160, 12, 12) ptr=20617311470080 size=368640B
[FWD-PRE] #1145 | relu_relu_42                             | inp[0]=shape=(4, 160, 12, 12) ptr=20617311470080 size=368640B
[FWD-POST] #1146 | relu_relu_42                             | out[0]=shape=(4, 160, 12, 12) ptr=20617424273408 size=368640B
[FWD-POST] #1147 | relu_relu_42                             | out[0]=shape=(4, 160, 12, 12) ptr=20617424273408 size=368640B
[FWD-PRE] #1148 | Mixed_6c.branch7x7_3.conv                | inp[0]=shape=(4, 160, 12, 12) ptr=20617424273408 size=368640B
[FWD-PRE] #1148 | Mixed_6c.branch7x7_3.conv                | weight=shape=(192, 160, 7, 1) ptr=20616969191424 size=860160B
[FWD-PRE] #1149 | Mixed_6c.branch7x7_3.conv                | inp[0]=shape=(4, 160, 12, 12) ptr=20617424273408 size=368640B
[FWD-PRE] #1149 | Mixed_6c.branch7x7_3.conv                | weight=shape=(192, 160, 7, 1) ptr=20616969191424 size=860160B
[FWD-POST] #1150 | Mixed_6c.branch7x7_3.conv                | out[0]=shape=(4, 192, 12, 12) ptr=20617311470080 size=442368B
[FWD-POST] #1151 | Mixed_6c.branch7x7_3.conv                | out[0]=shape=(4, 192, 12, 12) ptr=20617311470080 size=442368B
[FWD-PRE] #1152 | Mixed_6c.branch7x7_3.bn                  | inp[0]=shape=(4, 192, 12, 12) ptr=20617311470080 size=442368B
[FWD-PRE] #1152 | Mixed_6c.branch7x7_3.bn                  | weight=shape=(192,) ptr=20616939819008 size=768B
[FWD-PRE] #1152 | Mixed_6c.branch7x7_3.bn                  | bias=shape=(192,) ptr=20616939820032 size=768B
[FWD-PRE] #1152 | Mixed_6c.branch7x7_3.bn                  | running_mean=shape=(192,) ptr=20616939821056 size=768B
[FWD-PRE] #1152 | Mixed_6c.branch7x7_3.bn                  | running_var=shape=(192,) ptr=20616939822080 size=768B
[FWD-PRE] #1153 | Mixed_6c.branch7x7_3.bn                  | inp[0]=shape=(4, 192, 12, 12) ptr=20617311470080 size=442368B
[FWD-PRE] #1153 | Mixed_6c.branch7x7_3.bn                  | weight=shape=(192,) ptr=20616939819008 size=768B
[FWD-PRE] #1153 | Mixed_6c.branch7x7_3.bn                  | bias=shape=(192,) ptr=20616939820032 size=768B
[FWD-PRE] #1153 | Mixed_6c.branch7x7_3.bn                  | running_mean=shape=(192,) ptr=20616939821056 size=768B
[FWD-PRE] #1153 | Mixed_6c.branch7x7_3.bn                  | running_var=shape=(192,) ptr=20616939822080 size=768B
[FWD-POST] #1154 | Mixed_6c.branch7x7_3.bn                  | out[0]=shape=(4, 192, 12, 12) ptr=20617424642560 size=442368B
[FWD-POST] #1155 | Mixed_6c.branch7x7_3.bn                  | out[0]=shape=(4, 192, 12, 12) ptr=20617424642560 size=442368B
[FWD-PRE] #1156 | relu_relu_43                             | inp[0]=shape=(4, 192, 12, 12) ptr=20617424642560 size=442368B
[FWD-PRE] #1157 | relu_relu_43                             | inp[0]=shape=(4, 192, 12, 12) ptr=20617424642560 size=442368B
[FWD-POST] #1158 | relu_relu_43                             | out[0]=shape=(4, 192, 12, 12) ptr=20617425085440 size=442368B
[FWD-POST] #1159 | relu_relu_43                             | out[0]=shape=(4, 192, 12, 12) ptr=20617425085440 size=442368B
[FWD-PRE] #1160 | Mixed_6c.branch7x7dbl_1.conv             | inp[0]=shape=(4, 768, 12, 12) ptr=20617055435264 size=1769472B
[FWD-PRE] #1160 | Mixed_6c.branch7x7dbl_1.conv             | weight=shape=(160, 768, 1, 1) ptr=20616970052096 size=491520B
[FWD-PRE] #1161 | Mixed_6c.branch7x7dbl_1.conv             | inp[0]=shape=(4, 768, 12, 12) ptr=20617055435264 size=1769472B
[FWD-PRE] #1161 | Mixed_6c.branch7x7dbl_1.conv             | weight=shape=(160, 768, 1, 1) ptr=20616970052096 size=491520B
[FWD-POST] #1162 | Mixed_6c.branch7x7dbl_1.conv             | out[0]=shape=(4, 160, 12, 12) ptr=20617424642560 size=368640B
[FWD-POST] #1163 | Mixed_6c.branch7x7dbl_1.conv             | out[0]=shape=(4, 160, 12, 12) ptr=20617424642560 size=368640B
[FWD-PRE] #1164 | Mixed_6c.branch7x7dbl_1.bn               | inp[0]=shape=(4, 160, 12, 12) ptr=20617424642560 size=368640B
[FWD-PRE] #1164 | Mixed_6c.branch7x7dbl_1.bn               | weight=shape=(160,) ptr=20616939823616 size=640B
[FWD-PRE] #1164 | Mixed_6c.branch7x7dbl_1.bn               | bias=shape=(160,) ptr=20616939824640 size=640B
[FWD-PRE] #1164 | Mixed_6c.branch7x7dbl_1.bn               | running_mean=shape=(160,) ptr=20616939825664 size=640B
[FWD-PRE] #1164 | Mixed_6c.branch7x7dbl_1.bn               | running_var=shape=(160,) ptr=20616939826688 size=640B
[FWD-PRE] #1165 | Mixed_6c.branch7x7dbl_1.bn               | inp[0]=shape=(4, 160, 12, 12) ptr=20617424642560 size=368640B
[FWD-PRE] #1165 | Mixed_6c.branch7x7dbl_1.bn               | weight=shape=(160,) ptr=20616939823616 size=640B
[FWD-PRE] #1165 | Mixed_6c.branch7x7dbl_1.bn               | bias=shape=(160,) ptr=20616939824640 size=640B
[FWD-PRE] #1165 | Mixed_6c.branch7x7dbl_1.bn               | running_mean=shape=(160,) ptr=20616939825664 size=640B
[FWD-PRE] #1165 | Mixed_6c.branch7x7dbl_1.bn               | running_var=shape=(160,) ptr=20616939826688 size=640B
[FWD-POST] #1166 | Mixed_6c.branch7x7dbl_1.bn               | out[0]=shape=(4, 160, 12, 12) ptr=20617425528320 size=368640B
[FWD-POST] #1167 | Mixed_6c.branch7x7dbl_1.bn               | out[0]=shape=(4, 160, 12, 12) ptr=20617425528320 size=368640B
[FWD-PRE] #1168 | relu_relu_44                             | inp[0]=shape=(4, 160, 12, 12) ptr=20617425528320 size=368640B
[FWD-PRE] #1169 | relu_relu_44                             | inp[0]=shape=(4, 160, 12, 12) ptr=20617425528320 size=368640B
[FWD-POST] #1170 | relu_relu_44                             | out[0]=shape=(4, 160, 12, 12) ptr=20617425897472 size=368640B
[FWD-POST] #1171 | relu_relu_44                             | out[0]=shape=(4, 160, 12, 12) ptr=20617425897472 size=368640B
[FWD-PRE] #1172 | Mixed_6c.branch7x7dbl_2.conv             | inp[0]=shape=(4, 160, 12, 12) ptr=20617425897472 size=368640B
[FWD-PRE] #1172 | Mixed_6c.branch7x7dbl_2.conv             | weight=shape=(160, 160, 7, 1) ptr=20616970544128 size=716800B
[FWD-PRE] #1173 | Mixed_6c.branch7x7dbl_2.conv             | inp[0]=shape=(4, 160, 12, 12) ptr=20617425897472 size=368640B
[FWD-PRE] #1173 | Mixed_6c.branch7x7dbl_2.conv             | weight=shape=(160, 160, 7, 1) ptr=20616970544128 size=716800B
[FWD-POST] #1174 | Mixed_6c.branch7x7dbl_2.conv             | out[0]=shape=(4, 160, 12, 12) ptr=20617425528320 size=368640B
[FWD-POST] #1175 | Mixed_6c.branch7x7dbl_2.conv             | out[0]=shape=(4, 160, 12, 12) ptr=20617425528320 size=368640B
[FWD-PRE] #1176 | Mixed_6c.branch7x7dbl_2.bn               | inp[0]=shape=(4, 160, 12, 12) ptr=20617425528320 size=368640B
[FWD-PRE] #1176 | Mixed_6c.branch7x7dbl_2.bn               | weight=shape=(160,) ptr=20616939828224 size=640B
[FWD-PRE] #1176 | Mixed_6c.branch7x7dbl_2.bn               | bias=shape=(160,) ptr=20616939829248 size=640B
[FWD-PRE] #1176 | Mixed_6c.branch7x7dbl_2.bn               | running_mean=shape=(160,) ptr=20616939830272 size=640B
[FWD-PRE] #1176 | Mixed_6c.branch7x7dbl_2.bn               | running_var=shape=(160,) ptr=20616971261440 size=640B
[FWD-PRE] #1177 | Mixed_6c.branch7x7dbl_2.bn               | inp[0]=shape=(4, 160, 12, 12) ptr=20617425528320 size=368640B
[FWD-PRE] #1177 | Mixed_6c.branch7x7dbl_2.bn               | weight=shape=(160,) ptr=20616939828224 size=640B
[FWD-PRE] #1177 | Mixed_6c.branch7x7dbl_2.bn               | bias=shape=(160,) ptr=20616939829248 size=640B
[FWD-PRE] #1177 | Mixed_6c.branch7x7dbl_2.bn               | running_mean=shape=(160,) ptr=20616939830272 size=640B
[FWD-PRE] #1177 | Mixed_6c.branch7x7dbl_2.bn               | running_var=shape=(160,) ptr=20616971261440 size=640B
[FWD-POST] #1178 | Mixed_6c.branch7x7dbl_2.bn               | out[0]=shape=(4, 160, 12, 12) ptr=20617426370560 size=368640B
[FWD-POST] #1179 | Mixed_6c.branch7x7dbl_2.bn               | out[0]=shape=(4, 160, 12, 12) ptr=20617426370560 size=368640B
[FWD-PRE] #1180 | relu_relu_45                             | inp[0]=shape=(4, 160, 12, 12) ptr=20617426370560 size=368640B
[FWD-PRE] #1181 | relu_relu_45                             | inp[0]=shape=(4, 160, 12, 12) ptr=20617426370560 size=368640B
[FWD-POST] #1182 | relu_relu_45                             | out[0]=shape=(4, 160, 12, 12) ptr=20617426739712 size=368640B
[FWD-POST] #1183 | relu_relu_45                             | out[0]=shape=(4, 160, 12, 12) ptr=20617426739712 size=368640B
[FWD-PRE] #1184 | Mixed_6c.branch7x7dbl_3.conv             | inp[0]=shape=(4, 160, 12, 12) ptr=20617426739712 size=368640B
[FWD-PRE] #1184 | Mixed_6c.branch7x7dbl_3.conv             | weight=shape=(160, 160, 1, 7) ptr=20616971288576 size=716800B
[FWD-PRE] #1185 | Mixed_6c.branch7x7dbl_3.conv             | inp[0]=shape=(4, 160, 12, 12) ptr=20617426739712 size=368640B
[FWD-PRE] #1185 | Mixed_6c.branch7x7dbl_3.conv             | weight=shape=(160, 160, 1, 7) ptr=20616971288576 size=716800B
[FWD-POST] #1186 | Mixed_6c.branch7x7dbl_3.conv             | out[0]=shape=(4, 160, 12, 12) ptr=20617426370560 size=368640B
[FWD-POST] #1187 | Mixed_6c.branch7x7dbl_3.conv             | out[0]=shape=(4, 160, 12, 12) ptr=20617426370560 size=368640B
[FWD-PRE] #1188 | Mixed_6c.branch7x7dbl_3.bn               | inp[0]=shape=(4, 160, 12, 12) ptr=20617426370560 size=368640B
[FWD-PRE] #1188 | Mixed_6c.branch7x7dbl_3.bn               | weight=shape=(160,) ptr=20616971262976 size=640B
[FWD-PRE] #1188 | Mixed_6c.branch7x7dbl_3.bn               | bias=shape=(160,) ptr=20616971264000 size=640B
[FWD-PRE] #1188 | Mixed_6c.branch7x7dbl_3.bn               | running_mean=shape=(160,) ptr=20616971265024 size=640B
[FWD-PRE] #1188 | Mixed_6c.branch7x7dbl_3.bn               | running_var=shape=(160,) ptr=20616971266048 size=640B
[FWD-PRE] #1189 | Mixed_6c.branch7x7dbl_3.bn               | inp[0]=shape=(4, 160, 12, 12) ptr=20617426370560 size=368640B
[FWD-PRE] #1189 | Mixed_6c.branch7x7dbl_3.bn               | weight=shape=(160,) ptr=20616971262976 size=640B
[FWD-PRE] #1189 | Mixed_6c.branch7x7dbl_3.bn               | bias=shape=(160,) ptr=20616971264000 size=640B
[FWD-PRE] #1189 | Mixed_6c.branch7x7dbl_3.bn               | running_mean=shape=(160,) ptr=20616971265024 size=640B
[FWD-PRE] #1189 | Mixed_6c.branch7x7dbl_3.bn               | running_var=shape=(160,) ptr=20616971266048 size=640B
[FWD-POST] #1190 | Mixed_6c.branch7x7dbl_3.bn               | out[0]=shape=(4, 160, 12, 12) ptr=20617427108864 size=368640B
[FWD-POST] #1191 | Mixed_6c.branch7x7dbl_3.bn               | out[0]=shape=(4, 160, 12, 12) ptr=20617427108864 size=368640B
[FWD-PRE] #1192 | relu_relu_46                             | inp[0]=shape=(4, 160, 12, 12) ptr=20617427108864 size=368640B
[FWD-PRE] #1193 | relu_relu_46                             | inp[0]=shape=(4, 160, 12, 12) ptr=20617427108864 size=368640B
[FWD-POST] #1194 | relu_relu_46                             | out[0]=shape=(4, 160, 12, 12) ptr=20617427478016 size=368640B
[FWD-POST] #1195 | relu_relu_46                             | out[0]=shape=(4, 160, 12, 12) ptr=20617427478016 size=368640B
[FWD-PRE] #1196 | Mixed_6c.branch7x7dbl_4.conv             | inp[0]=shape=(4, 160, 12, 12) ptr=20617427478016 size=368640B
[FWD-PRE] #1196 | Mixed_6c.branch7x7dbl_4.conv             | weight=shape=(160, 160, 7, 1) ptr=20616972005888 size=716800B
[FWD-PRE] #1197 | Mixed_6c.branch7x7dbl_4.conv             | inp[0]=shape=(4, 160, 12, 12) ptr=20617427478016 size=368640B
[FWD-PRE] #1197 | Mixed_6c.branch7x7dbl_4.conv             | weight=shape=(160, 160, 7, 1) ptr=20616972005888 size=716800B
[FWD-POST] #1198 | Mixed_6c.branch7x7dbl_4.conv             | out[0]=shape=(4, 160, 12, 12) ptr=20617427108864 size=368640B
[FWD-POST] #1199 | Mixed_6c.branch7x7dbl_4.conv             | out[0]=shape=(4, 160, 12, 12) ptr=20617427108864 size=368640B
[FWD-PRE] #1200 | Mixed_6c.branch7x7dbl_4.bn               | inp[0]=shape=(4, 160, 12, 12) ptr=20617427108864 size=368640B
[FWD-PRE] #1200 | Mixed_6c.branch7x7dbl_4.bn               | weight=shape=(160,) ptr=20616971267584 size=640B
[FWD-PRE] #1200 | Mixed_6c.branch7x7dbl_4.bn               | bias=shape=(160,) ptr=20616971268608 size=640B
[FWD-PRE] #1200 | Mixed_6c.branch7x7dbl_4.bn               | running_mean=shape=(160,) ptr=20616971269632 size=640B
[FWD-PRE] #1200 | Mixed_6c.branch7x7dbl_4.bn               | running_var=shape=(160,) ptr=20616971270656 size=640B
[FWD-PRE] #1201 | Mixed_6c.branch7x7dbl_4.bn               | inp[0]=shape=(4, 160, 12, 12) ptr=20617427108864 size=368640B
[FWD-PRE] #1201 | Mixed_6c.branch7x7dbl_4.bn               | weight=shape=(160,) ptr=20616971267584 size=640B
[FWD-PRE] #1201 | Mixed_6c.branch7x7dbl_4.bn               | bias=shape=(160,) ptr=20616971268608 size=640B
[FWD-PRE] #1201 | Mixed_6c.branch7x7dbl_4.bn               | running_mean=shape=(160,) ptr=20616971269632 size=640B
[FWD-PRE] #1201 | Mixed_6c.branch7x7dbl_4.bn               | running_var=shape=(160,) ptr=20616971270656 size=640B
[FWD-POST] #1202 | Mixed_6c.branch7x7dbl_4.bn               | out[0]=shape=(4, 160, 12, 12) ptr=20617427847168 size=368640B
[FWD-POST] #1203 | Mixed_6c.branch7x7dbl_4.bn               | out[0]=shape=(4, 160, 12, 12) ptr=20617427847168 size=368640B
[FWD-PRE] #1204 | relu_relu_47                             | inp[0]=shape=(4, 160, 12, 12) ptr=20617427847168 size=368640B
[FWD-PRE] #1205 | relu_relu_47                             | inp[0]=shape=(4, 160, 12, 12) ptr=20617427847168 size=368640B
[FWD-POST] #1206 | relu_relu_47                             | out[0]=shape=(4, 160, 12, 12) ptr=20617428467712 size=368640B
[FWD-POST] #1207 | relu_relu_47                             | out[0]=shape=(4, 160, 12, 12) ptr=20617428467712 size=368640B
[FWD-PRE] #1208 | Mixed_6c.branch7x7dbl_5.conv             | inp[0]=shape=(4, 160, 12, 12) ptr=20617428467712 size=368640B
[FWD-PRE] #1208 | Mixed_6c.branch7x7dbl_5.conv             | weight=shape=(192, 160, 1, 7) ptr=20616973385728 size=860160B
[FWD-PRE] #1209 | Mixed_6c.branch7x7dbl_5.conv             | inp[0]=shape=(4, 160, 12, 12) ptr=20617428467712 size=368640B
[FWD-PRE] #1209 | Mixed_6c.branch7x7dbl_5.conv             | weight=shape=(192, 160, 1, 7) ptr=20616973385728 size=860160B
[FWD-POST] #1210 | Mixed_6c.branch7x7dbl_5.conv             | out[0]=shape=(4, 192, 12, 12) ptr=20617427847168 size=442368B
[FWD-POST] #1211 | Mixed_6c.branch7x7dbl_5.conv             | out[0]=shape=(4, 192, 12, 12) ptr=20617427847168 size=442368B
[FWD-PRE] #1212 | Mixed_6c.branch7x7dbl_5.bn               | inp[0]=shape=(4, 192, 12, 12) ptr=20617427847168 size=442368B
[FWD-PRE] #1212 | Mixed_6c.branch7x7dbl_5.bn               | weight=shape=(192,) ptr=20616971272192 size=768B
[FWD-PRE] #1212 | Mixed_6c.branch7x7dbl_5.bn               | bias=shape=(192,) ptr=20616971273216 size=768B
[FWD-PRE] #1212 | Mixed_6c.branch7x7dbl_5.bn               | running_mean=shape=(192,) ptr=20616971274240 size=768B
[FWD-PRE] #1212 | Mixed_6c.branch7x7dbl_5.bn               | running_var=shape=(192,) ptr=20616971275264 size=768B
[FWD-PRE] #1213 | Mixed_6c.branch7x7dbl_5.bn               | inp[0]=shape=(4, 192, 12, 12) ptr=20617427847168 size=442368B
[FWD-PRE] #1213 | Mixed_6c.branch7x7dbl_5.bn               | weight=shape=(192,) ptr=20616971272192 size=768B
[FWD-PRE] #1213 | Mixed_6c.branch7x7dbl_5.bn               | bias=shape=(192,) ptr=20616971273216 size=768B
[FWD-PRE] #1213 | Mixed_6c.branch7x7dbl_5.bn               | running_mean=shape=(192,) ptr=20616971274240 size=768B
[FWD-PRE] #1213 | Mixed_6c.branch7x7dbl_5.bn               | running_var=shape=(192,) ptr=20616971275264 size=768B
[FWD-POST] #1214 | Mixed_6c.branch7x7dbl_5.bn               | out[0]=shape=(4, 192, 12, 12) ptr=20617428836864 size=442368B
[FWD-POST] #1215 | Mixed_6c.branch7x7dbl_5.bn               | out[0]=shape=(4, 192, 12, 12) ptr=20617428836864 size=442368B
[FWD-PRE] #1216 | relu_relu_48                             | inp[0]=shape=(4, 192, 12, 12) ptr=20617428836864 size=442368B
[FWD-PRE] #1217 | relu_relu_48                             | inp[0]=shape=(4, 192, 12, 12) ptr=20617428836864 size=442368B
[FWD-POST] #1218 | relu_relu_48                             | out[0]=shape=(4, 192, 12, 12) ptr=20617429279744 size=442368B
[FWD-POST] #1219 | relu_relu_48                             | out[0]=shape=(4, 192, 12, 12) ptr=20617429279744 size=442368B
[FWD-PRE] #1220 | Mixed_6c.branch_pool.conv                | inp[0]=shape=(4, 768, 12, 12) ptr=20617057205248 size=1769472B
[FWD-PRE] #1220 | Mixed_6c.branch_pool.conv                | weight=shape=(192, 768, 1, 1) ptr=20616972723200 size=589824B
[FWD-PRE] #1221 | Mixed_6c.branch_pool.conv                | inp[0]=shape=(4, 768, 12, 12) ptr=20617057205248 size=1769472B
[FWD-PRE] #1221 | Mixed_6c.branch_pool.conv                | weight=shape=(192, 768, 1, 1) ptr=20616972723200 size=589824B
[FWD-POST] #1222 | Mixed_6c.branch_pool.conv                | out[0]=shape=(4, 192, 12, 12) ptr=20617428836864 size=442368B
[FWD-POST] #1223 | Mixed_6c.branch_pool.conv                | out[0]=shape=(4, 192, 12, 12) ptr=20617428836864 size=442368B
[FWD-PRE] #1224 | Mixed_6c.branch_pool.bn                  | inp[0]=shape=(4, 192, 12, 12) ptr=20617428836864 size=442368B
[FWD-PRE] #1224 | Mixed_6c.branch_pool.bn                  | weight=shape=(192,) ptr=20616971276800 size=768B
[FWD-PRE] #1224 | Mixed_6c.branch_pool.bn                  | bias=shape=(192,) ptr=20616971277824 size=768B
[FWD-PRE] #1224 | Mixed_6c.branch_pool.bn                  | running_mean=shape=(192,) ptr=20616971278848 size=768B
[FWD-PRE] #1224 | Mixed_6c.branch_pool.bn                  | running_var=shape=(192,) ptr=20616971279872 size=768B
[FWD-PRE] #1225 | Mixed_6c.branch_pool.bn                  | inp[0]=shape=(4, 192, 12, 12) ptr=20617428836864 size=442368B
[FWD-PRE] #1225 | Mixed_6c.branch_pool.bn                  | weight=shape=(192,) ptr=20616971276800 size=768B
[FWD-PRE] #1225 | Mixed_6c.branch_pool.bn                  | bias=shape=(192,) ptr=20616971277824 size=768B
[FWD-PRE] #1225 | Mixed_6c.branch_pool.bn                  | running_mean=shape=(192,) ptr=20616971278848 size=768B
[FWD-PRE] #1225 | Mixed_6c.branch_pool.bn                  | running_var=shape=(192,) ptr=20616971279872 size=768B
[FWD-POST] #1226 | Mixed_6c.branch_pool.bn                  | out[0]=shape=(4, 192, 12, 12) ptr=20617429722624 size=442368B
[FWD-POST] #1227 | Mixed_6c.branch_pool.bn                  | out[0]=shape=(4, 192, 12, 12) ptr=20617429722624 size=442368B
[FWD-PRE] #1228 | relu_relu_49                             | inp[0]=shape=(4, 192, 12, 12) ptr=20617429722624 size=442368B
[FWD-PRE] #1229 | relu_relu_49                             | inp[0]=shape=(4, 192, 12, 12) ptr=20617429722624 size=442368B
[FWD-POST] #1230 | relu_relu_49                             | out[0]=shape=(4, 192, 12, 12) ptr=20617430564864 size=442368B
[FWD-POST] #1231 | relu_relu_49                             | out[0]=shape=(4, 192, 12, 12) ptr=20617430564864 size=442368B
[FWD-POST] #1234 | cat_cat_5                                | out[0]=shape=(4, 768, 12, 12) ptr=20617059368960 size=1769472B
[FWD-POST] #1235 | cat_cat_5                                | out[0]=shape=(4, 768, 12, 12) ptr=20617059368960 size=1769472B
[FWD-PRE] #1236 | Mixed_6d.branch1x1.conv                  | inp[0]=shape=(4, 768, 12, 12) ptr=20617059368960 size=1769472B
[FWD-PRE] #1236 | Mixed_6d.branch1x1.conv                  | weight=shape=(192, 768, 1, 1) ptr=20616974246400 size=589824B
[FWD-PRE] #1237 | Mixed_6d.branch1x1.conv                  | inp[0]=shape=(4, 768, 12, 12) ptr=20617059368960 size=1769472B
[FWD-PRE] #1237 | Mixed_6d.branch1x1.conv                  | weight=shape=(192, 768, 1, 1) ptr=20616974246400 size=589824B
[FWD-POST] #1238 | Mixed_6d.branch1x1.conv                  | out[0]=shape=(4, 192, 12, 12) ptr=20617429722624 size=442368B
[FWD-POST] #1239 | Mixed_6d.branch1x1.conv                  | out[0]=shape=(4, 192, 12, 12) ptr=20617429722624 size=442368B
[FWD-PRE] #1240 | Mixed_6d.branch1x1.bn                    | inp[0]=shape=(4, 192, 12, 12) ptr=20617429722624 size=442368B
[FWD-PRE] #1240 | Mixed_6d.branch1x1.bn                    | weight=shape=(192,) ptr=20616971281408 size=768B
[FWD-PRE] #1240 | Mixed_6d.branch1x1.bn                    | bias=shape=(192,) ptr=20616971282432 size=768B
[FWD-PRE] #1240 | Mixed_6d.branch1x1.bn                    | running_mean=shape=(192,) ptr=20616971283456 size=768B
[FWD-PRE] #1240 | Mixed_6d.branch1x1.bn                    | running_var=shape=(192,) ptr=20616971284480 size=768B
[FWD-PRE] #1241 | Mixed_6d.branch1x1.bn                    | inp[0]=shape=(4, 192, 12, 12) ptr=20617429722624 size=442368B
[FWD-PRE] #1241 | Mixed_6d.branch1x1.bn                    | weight=shape=(192,) ptr=20616971281408 size=768B
[FWD-PRE] #1241 | Mixed_6d.branch1x1.bn                    | bias=shape=(192,) ptr=20616971282432 size=768B
[FWD-PRE] #1241 | Mixed_6d.branch1x1.bn                    | running_mean=shape=(192,) ptr=20616971283456 size=768B
[FWD-PRE] #1241 | Mixed_6d.branch1x1.bn                    | running_var=shape=(192,) ptr=20616971284480 size=768B
[FWD-POST] #1242 | Mixed_6d.branch1x1.bn                    | out[0]=shape=(4, 192, 12, 12) ptr=20617431007744 size=442368B
[FWD-POST] #1243 | Mixed_6d.branch1x1.bn                    | out[0]=shape=(4, 192, 12, 12) ptr=20617431007744 size=442368B
[FWD-PRE] #1244 | relu_relu_50                             | inp[0]=shape=(4, 192, 12, 12) ptr=20617431007744 size=442368B
[FWD-PRE] #1245 | relu_relu_50                             | inp[0]=shape=(4, 192, 12, 12) ptr=20617431007744 size=442368B
[FWD-POST] #1246 | relu_relu_50                             | out[0]=shape=(4, 192, 12, 12) ptr=20617431450624 size=442368B
[FWD-POST] #1247 | relu_relu_50                             | out[0]=shape=(4, 192, 12, 12) ptr=20617431450624 size=442368B
[FWD-PRE] #1248 | Mixed_6d.branch7x7_1.conv                | inp[0]=shape=(4, 768, 12, 12) ptr=20617059368960 size=1769472B
[FWD-PRE] #1248 | Mixed_6d.branch7x7_1.conv                | weight=shape=(160, 768, 1, 1) ptr=20616974836736 size=491520B
[FWD-PRE] #1249 | Mixed_6d.branch7x7_1.conv                | inp[0]=shape=(4, 768, 12, 12) ptr=20617059368960 size=1769472B
[FWD-PRE] #1249 | Mixed_6d.branch7x7_1.conv                | weight=shape=(160, 768, 1, 1) ptr=20616974836736 size=491520B
[FWD-POST] #1250 | Mixed_6d.branch7x7_1.conv                | out[0]=shape=(4, 160, 12, 12) ptr=20617430165504 size=368640B
[FWD-POST] #1251 | Mixed_6d.branch7x7_1.conv                | out[0]=shape=(4, 160, 12, 12) ptr=20617430165504 size=368640B
[FWD-PRE] #1252 | Mixed_6d.branch7x7_1.bn                  | inp[0]=shape=(4, 160, 12, 12) ptr=20617430165504 size=368640B
[FWD-PRE] #1252 | Mixed_6d.branch7x7_1.bn                  | weight=shape=(160,) ptr=20616971286016 size=640B
[FWD-PRE] #1252 | Mixed_6d.branch7x7_1.bn                  | bias=shape=(160,) ptr=20616971287040 size=640B
[FWD-PRE] #1252 | Mixed_6d.branch7x7_1.bn                  | running_mean=shape=(160,) ptr=20616973313536 size=640B
[FWD-PRE] #1252 | Mixed_6d.branch7x7_1.bn                  | running_var=shape=(160,) ptr=20616973314560 size=640B
[FWD-PRE] #1253 | Mixed_6d.branch7x7_1.bn                  | inp[0]=shape=(4, 160, 12, 12) ptr=20617430165504 size=368640B
[FWD-PRE] #1253 | Mixed_6d.branch7x7_1.bn                  | weight=shape=(160,) ptr=20616971286016 size=640B
[FWD-PRE] #1253 | Mixed_6d.branch7x7_1.bn                  | bias=shape=(160,) ptr=20616971287040 size=640B
[FWD-PRE] #1253 | Mixed_6d.branch7x7_1.bn                  | running_mean=shape=(160,) ptr=20616973313536 size=640B
[FWD-PRE] #1253 | Mixed_6d.branch7x7_1.bn                  | running_var=shape=(160,) ptr=20616973314560 size=640B
[FWD-POST] #1254 | Mixed_6d.branch7x7_1.bn                  | out[0]=shape=(4, 160, 12, 12) ptr=20617431007744 size=368640B
[FWD-POST] #1255 | Mixed_6d.branch7x7_1.bn                  | out[0]=shape=(4, 160, 12, 12) ptr=20617431007744 size=368640B
[FWD-PRE] #1256 | relu_relu_51                             | inp[0]=shape=(4, 160, 12, 12) ptr=20617431007744 size=368640B
[FWD-PRE] #1257 | relu_relu_51                             | inp[0]=shape=(4, 160, 12, 12) ptr=20617431007744 size=368640B
[FWD-POST] #1258 | relu_relu_51                             | out[0]=shape=(4, 160, 12, 12) ptr=20617431893504 size=368640B
[FWD-POST] #1259 | relu_relu_51                             | out[0]=shape=(4, 160, 12, 12) ptr=20617431893504 size=368640B
[FWD-PRE] #1260 | Mixed_6d.branch7x7_2.conv                | inp[0]=shape=(4, 160, 12, 12) ptr=20617431893504 size=368640B
[FWD-PRE] #1260 | Mixed_6d.branch7x7_2.conv                | weight=shape=(160, 160, 1, 7) ptr=20616975482880 size=716800B
[FWD-PRE] #1261 | Mixed_6d.branch7x7_2.conv                | inp[0]=shape=(4, 160, 12, 12) ptr=20617431893504 size=368640B
[FWD-PRE] #1261 | Mixed_6d.branch7x7_2.conv                | weight=shape=(160, 160, 1, 7) ptr=20616975482880 size=716800B
[FWD-POST] #1262 | Mixed_6d.branch7x7_2.conv                | out[0]=shape=(4, 160, 12, 12) ptr=20617432262656 size=368640B
[FWD-POST] #1263 | Mixed_6d.branch7x7_2.conv                | out[0]=shape=(4, 160, 12, 12) ptr=20617432262656 size=368640B
[FWD-PRE] #1264 | Mixed_6d.branch7x7_2.bn                  | inp[0]=shape=(4, 160, 12, 12) ptr=20617432262656 size=368640B
[FWD-PRE] #1264 | Mixed_6d.branch7x7_2.bn                  | weight=shape=(160,) ptr=20616973315584 size=640B
[FWD-PRE] #1264 | Mixed_6d.branch7x7_2.bn                  | bias=shape=(160,) ptr=20616973316608 size=640B
[FWD-PRE] #1264 | Mixed_6d.branch7x7_2.bn                  | running_mean=shape=(160,) ptr=20616973317632 size=640B
[FWD-PRE] #1264 | Mixed_6d.branch7x7_2.bn                  | running_var=shape=(160,) ptr=20616973318656 size=640B
[FWD-PRE] #1265 | Mixed_6d.branch7x7_2.bn                  | inp[0]=shape=(4, 160, 12, 12) ptr=20617432262656 size=368640B
[FWD-PRE] #1265 | Mixed_6d.branch7x7_2.bn                  | weight=shape=(160,) ptr=20616973315584 size=640B
[FWD-PRE] #1265 | Mixed_6d.branch7x7_2.bn                  | bias=shape=(160,) ptr=20616973316608 size=640B
[FWD-PRE] #1265 | Mixed_6d.branch7x7_2.bn                  | running_mean=shape=(160,) ptr=20616973317632 size=640B
[FWD-PRE] #1265 | Mixed_6d.branch7x7_2.bn                  | running_var=shape=(160,) ptr=20616973318656 size=640B
[FWD-POST] #1266 | Mixed_6d.branch7x7_2.bn                  | out[0]=shape=(4, 160, 12, 12) ptr=20617431007744 size=368640B
[FWD-POST] #1267 | Mixed_6d.branch7x7_2.bn                  | out[0]=shape=(4, 160, 12, 12) ptr=20617431007744 size=368640B
[FWD-PRE] #1268 | relu_relu_52                             | inp[0]=shape=(4, 160, 12, 12) ptr=20617431007744 size=368640B
[FWD-PRE] #1269 | relu_relu_52                             | inp[0]=shape=(4, 160, 12, 12) ptr=20617431007744 size=368640B
[FWD-POST] #1270 | relu_relu_52                             | out[0]=shape=(4, 160, 12, 12) ptr=20617432662016 size=368640B
[FWD-POST] #1271 | relu_relu_52                             | out[0]=shape=(4, 160, 12, 12) ptr=20617432662016 size=368640B
[FWD-PRE] #1272 | Mixed_6d.branch7x7_3.conv                | inp[0]=shape=(4, 160, 12, 12) ptr=20617432662016 size=368640B
[FWD-PRE] #1272 | Mixed_6d.branch7x7_3.conv                | weight=shape=(192, 160, 7, 1) ptr=20616976200192 size=860160B
[FWD-PRE] #1273 | Mixed_6d.branch7x7_3.conv                | inp[0]=shape=(4, 160, 12, 12) ptr=20617432662016 size=368640B
[FWD-PRE] #1273 | Mixed_6d.branch7x7_3.conv                | weight=shape=(192, 160, 7, 1) ptr=20616976200192 size=860160B
[FWD-POST] #1274 | Mixed_6d.branch7x7_3.conv                | out[0]=shape=(4, 192, 12, 12) ptr=20617431007744 size=442368B
[FWD-POST] #1275 | Mixed_6d.branch7x7_3.conv                | out[0]=shape=(4, 192, 12, 12) ptr=20617431007744 size=442368B
[FWD-PRE] #1276 | Mixed_6d.branch7x7_3.bn                  | inp[0]=shape=(4, 192, 12, 12) ptr=20617431007744 size=442368B
[FWD-PRE] #1276 | Mixed_6d.branch7x7_3.bn                  | weight=shape=(192,) ptr=20616973320192 size=768B
[FWD-PRE] #1276 | Mixed_6d.branch7x7_3.bn                  | bias=shape=(192,) ptr=20616973321216 size=768B
[FWD-PRE] #1276 | Mixed_6d.branch7x7_3.bn                  | running_mean=shape=(192,) ptr=20616973322240 size=768B
[FWD-PRE] #1276 | Mixed_6d.branch7x7_3.bn                  | running_var=shape=(192,) ptr=20616973323264 size=768B
[FWD-PRE] #1277 | Mixed_6d.branch7x7_3.bn                  | inp[0]=shape=(4, 192, 12, 12) ptr=20617431007744 size=442368B
[FWD-PRE] #1277 | Mixed_6d.branch7x7_3.bn                  | weight=shape=(192,) ptr=20616973320192 size=768B
[FWD-PRE] #1277 | Mixed_6d.branch7x7_3.bn                  | bias=shape=(192,) ptr=20616973321216 size=768B
[FWD-PRE] #1277 | Mixed_6d.branch7x7_3.bn                  | running_mean=shape=(192,) ptr=20616973322240 size=768B
[FWD-PRE] #1277 | Mixed_6d.branch7x7_3.bn                  | running_var=shape=(192,) ptr=20616973323264 size=768B
[FWD-POST] #1278 | Mixed_6d.branch7x7_3.bn                  | out[0]=shape=(4, 192, 12, 12) ptr=20617433031168 size=442368B
[FWD-POST] #1279 | Mixed_6d.branch7x7_3.bn                  | out[0]=shape=(4, 192, 12, 12) ptr=20617433031168 size=442368B
[FWD-PRE] #1280 | relu_relu_53                             | inp[0]=shape=(4, 192, 12, 12) ptr=20617433031168 size=442368B
[FWD-PRE] #1281 | relu_relu_53                             | inp[0]=shape=(4, 192, 12, 12) ptr=20617433031168 size=442368B
[FWD-POST] #1282 | relu_relu_53                             | out[0]=shape=(4, 192, 12, 12) ptr=20617433474048 size=442368B
[FWD-POST] #1283 | relu_relu_53                             | out[0]=shape=(4, 192, 12, 12) ptr=20617433474048 size=442368B
[FWD-PRE] #1284 | Mixed_6d.branch7x7dbl_1.conv             | inp[0]=shape=(4, 768, 12, 12) ptr=20617059368960 size=1769472B
[FWD-PRE] #1284 | Mixed_6d.branch7x7dbl_1.conv             | weight=shape=(160, 768, 1, 1) ptr=20616977060864 size=491520B
[FWD-PRE] #1285 | Mixed_6d.branch7x7dbl_1.conv             | inp[0]=shape=(4, 768, 12, 12) ptr=20617059368960 size=1769472B
[FWD-PRE] #1285 | Mixed_6d.branch7x7dbl_1.conv             | weight=shape=(160, 768, 1, 1) ptr=20616977060864 size=491520B
[FWD-POST] #1286 | Mixed_6d.branch7x7dbl_1.conv             | out[0]=shape=(4, 160, 12, 12) ptr=20617433031168 size=368640B
[FWD-POST] #1287 | Mixed_6d.branch7x7dbl_1.conv             | out[0]=shape=(4, 160, 12, 12) ptr=20617433031168 size=368640B
[FWD-PRE] #1288 | Mixed_6d.branch7x7dbl_1.bn               | inp[0]=shape=(4, 160, 12, 12) ptr=20617433031168 size=368640B
[FWD-PRE] #1288 | Mixed_6d.branch7x7dbl_1.bn               | weight=shape=(160,) ptr=20616977552896 size=640B
[FWD-PRE] #1288 | Mixed_6d.branch7x7dbl_1.bn               | bias=shape=(160,) ptr=20616977553920 size=640B
[FWD-PRE] #1288 | Mixed_6d.branch7x7dbl_1.bn               | running_mean=shape=(160,) ptr=20616977554944 size=640B
[FWD-PRE] #1288 | Mixed_6d.branch7x7dbl_1.bn               | running_var=shape=(160,) ptr=20616977555968 size=640B
[FWD-PRE] #1289 | Mixed_6d.branch7x7dbl_1.bn               | inp[0]=shape=(4, 160, 12, 12) ptr=20617433031168 size=368640B
[FWD-PRE] #1289 | Mixed_6d.branch7x7dbl_1.bn               | weight=shape=(160,) ptr=20616977552896 size=640B
[FWD-PRE] #1289 | Mixed_6d.branch7x7dbl_1.bn               | bias=shape=(160,) ptr=20616977553920 size=640B
[FWD-PRE] #1289 | Mixed_6d.branch7x7dbl_1.bn               | running_mean=shape=(160,) ptr=20616977554944 size=640B
[FWD-PRE] #1289 | Mixed_6d.branch7x7dbl_1.bn               | running_var=shape=(160,) ptr=20616977555968 size=640B
[FWD-POST] #1290 | Mixed_6d.branch7x7dbl_1.bn               | out[0]=shape=(4, 160, 12, 12) ptr=20617433916928 size=368640B
[FWD-POST] #1291 | Mixed_6d.branch7x7dbl_1.bn               | out[0]=shape=(4, 160, 12, 12) ptr=20617433916928 size=368640B
[FWD-PRE] #1292 | relu_relu_54                             | inp[0]=shape=(4, 160, 12, 12) ptr=20617433916928 size=368640B
[FWD-PRE] #1293 | relu_relu_54                             | inp[0]=shape=(4, 160, 12, 12) ptr=20617433916928 size=368640B
[FWD-POST] #1294 | relu_relu_54                             | out[0]=shape=(4, 160, 12, 12) ptr=20617434286080 size=368640B
[FWD-POST] #1295 | relu_relu_54                             | out[0]=shape=(4, 160, 12, 12) ptr=20617434286080 size=368640B
[FWD-PRE] #1296 | Mixed_6d.branch7x7dbl_2.conv             | inp[0]=shape=(4, 160, 12, 12) ptr=20617434286080 size=368640B
[FWD-PRE] #1296 | Mixed_6d.branch7x7dbl_2.conv             | weight=shape=(160, 160, 7, 1) ptr=20616977580032 size=716800B
[FWD-PRE] #1297 | Mixed_6d.branch7x7dbl_2.conv             | inp[0]=shape=(4, 160, 12, 12) ptr=20617434286080 size=368640B
[FWD-PRE] #1297 | Mixed_6d.branch7x7dbl_2.conv             | weight=shape=(160, 160, 7, 1) ptr=20616977580032 size=716800B
[FWD-POST] #1298 | Mixed_6d.branch7x7dbl_2.conv             | out[0]=shape=(4, 160, 12, 12) ptr=20617433916928 size=368640B
[FWD-POST] #1299 | Mixed_6d.branch7x7dbl_2.conv             | out[0]=shape=(4, 160, 12, 12) ptr=20617433916928 size=368640B
[FWD-PRE] #1300 | Mixed_6d.branch7x7dbl_2.bn               | inp[0]=shape=(4, 160, 12, 12) ptr=20617433916928 size=368640B
[FWD-PRE] #1300 | Mixed_6d.branch7x7dbl_2.bn               | weight=shape=(160,) ptr=20616977557504 size=640B
[FWD-PRE] #1300 | Mixed_6d.branch7x7dbl_2.bn               | bias=shape=(160,) ptr=20616977558528 size=640B
[FWD-PRE] #1300 | Mixed_6d.branch7x7dbl_2.bn               | running_mean=shape=(160,) ptr=20616977559552 size=640B
[FWD-PRE] #1300 | Mixed_6d.branch7x7dbl_2.bn               | running_var=shape=(160,) ptr=20616977560576 size=640B
[FWD-PRE] #1301 | Mixed_6d.branch7x7dbl_2.bn               | inp[0]=shape=(4, 160, 12, 12) ptr=20617433916928 size=368640B
[FWD-PRE] #1301 | Mixed_6d.branch7x7dbl_2.bn               | weight=shape=(160,) ptr=20616977557504 size=640B
[FWD-PRE] #1301 | Mixed_6d.branch7x7dbl_2.bn               | bias=shape=(160,) ptr=20616977558528 size=640B
[FWD-PRE] #1301 | Mixed_6d.branch7x7dbl_2.bn               | running_mean=shape=(160,) ptr=20616977559552 size=640B
[FWD-PRE] #1301 | Mixed_6d.branch7x7dbl_2.bn               | running_var=shape=(160,) ptr=20616977560576 size=640B
[FWD-POST] #1302 | Mixed_6d.branch7x7dbl_2.bn               | out[0]=shape=(4, 160, 12, 12) ptr=20617434759168 size=368640B
[FWD-POST] #1303 | Mixed_6d.branch7x7dbl_2.bn               | out[0]=shape=(4, 160, 12, 12) ptr=20617434759168 size=368640B
[FWD-PRE] #1304 | relu_relu_55                             | inp[0]=shape=(4, 160, 12, 12) ptr=20617434759168 size=368640B
[FWD-PRE] #1305 | relu_relu_55                             | inp[0]=shape=(4, 160, 12, 12) ptr=20617434759168 size=368640B
[FWD-POST] #1306 | relu_relu_55                             | out[0]=shape=(4, 160, 12, 12) ptr=20617435128320 size=368640B
[FWD-POST] #1307 | relu_relu_55                             | out[0]=shape=(4, 160, 12, 12) ptr=20617435128320 size=368640B
[FWD-PRE] #1308 | Mixed_6d.branch7x7dbl_3.conv             | inp[0]=shape=(4, 160, 12, 12) ptr=20617435128320 size=368640B
[FWD-PRE] #1308 | Mixed_6d.branch7x7dbl_3.conv             | weight=shape=(160, 160, 1, 7) ptr=20616978297344 size=716800B
[FWD-PRE] #1309 | Mixed_6d.branch7x7dbl_3.conv             | inp[0]=shape=(4, 160, 12, 12) ptr=20617435128320 size=368640B
[FWD-PRE] #1309 | Mixed_6d.branch7x7dbl_3.conv             | weight=shape=(160, 160, 1, 7) ptr=20616978297344 size=716800B
[FWD-POST] #1310 | Mixed_6d.branch7x7dbl_3.conv             | out[0]=shape=(4, 160, 12, 12) ptr=20617434759168 size=368640B
[FWD-POST] #1311 | Mixed_6d.branch7x7dbl_3.conv             | out[0]=shape=(4, 160, 12, 12) ptr=20617434759168 size=368640B
[FWD-PRE] #1312 | Mixed_6d.branch7x7dbl_3.bn               | inp[0]=shape=(4, 160, 12, 12) ptr=20617434759168 size=368640B
[FWD-PRE] #1312 | Mixed_6d.branch7x7dbl_3.bn               | weight=shape=(160,) ptr=20616977562112 size=640B
[FWD-PRE] #1312 | Mixed_6d.branch7x7dbl_3.bn               | bias=shape=(160,) ptr=20616977563136 size=640B
[FWD-PRE] #1312 | Mixed_6d.branch7x7dbl_3.bn               | running_mean=shape=(160,) ptr=20616977564160 size=640B
[FWD-PRE] #1312 | Mixed_6d.branch7x7dbl_3.bn               | running_var=shape=(160,) ptr=20616977565184 size=640B
[FWD-PRE] #1313 | Mixed_6d.branch7x7dbl_3.bn               | inp[0]=shape=(4, 160, 12, 12) ptr=20617434759168 size=368640B
[FWD-PRE] #1313 | Mixed_6d.branch7x7dbl_3.bn               | weight=shape=(160,) ptr=20616977562112 size=640B
[FWD-PRE] #1313 | Mixed_6d.branch7x7dbl_3.bn               | bias=shape=(160,) ptr=20616977563136 size=640B
[FWD-PRE] #1313 | Mixed_6d.branch7x7dbl_3.bn               | running_mean=shape=(160,) ptr=20616977564160 size=640B
[FWD-PRE] #1313 | Mixed_6d.branch7x7dbl_3.bn               | running_var=shape=(160,) ptr=20616977565184 size=640B
[FWD-POST] #1314 | Mixed_6d.branch7x7dbl_3.bn               | out[0]=shape=(4, 160, 12, 12) ptr=20617435497472 size=368640B
[FWD-POST] #1315 | Mixed_6d.branch7x7dbl_3.bn               | out[0]=shape=(4, 160, 12, 12) ptr=20617435497472 size=368640B
[FWD-PRE] #1316 | relu_relu_56                             | inp[0]=shape=(4, 160, 12, 12) ptr=20617435497472 size=368640B
[FWD-PRE] #1317 | relu_relu_56                             | inp[0]=shape=(4, 160, 12, 12) ptr=20617435497472 size=368640B
[FWD-POST] #1318 | relu_relu_56                             | out[0]=shape=(4, 160, 12, 12) ptr=20617435866624 size=368640B
[FWD-POST] #1319 | relu_relu_56                             | out[0]=shape=(4, 160, 12, 12) ptr=20617435866624 size=368640B
[FWD-PRE] #1320 | Mixed_6d.branch7x7dbl_4.conv             | inp[0]=shape=(4, 160, 12, 12) ptr=20617435866624 size=368640B
[FWD-PRE] #1320 | Mixed_6d.branch7x7dbl_4.conv             | weight=shape=(160, 160, 7, 1) ptr=20616979677184 size=716800B
[FWD-PRE] #1321 | Mixed_6d.branch7x7dbl_4.conv             | inp[0]=shape=(4, 160, 12, 12) ptr=20617435866624 size=368640B
[FWD-PRE] #1321 | Mixed_6d.branch7x7dbl_4.conv             | weight=shape=(160, 160, 7, 1) ptr=20616979677184 size=716800B
[FWD-POST] #1322 | Mixed_6d.branch7x7dbl_4.conv             | out[0]=shape=(4, 160, 12, 12) ptr=20617435497472 size=368640B
[FWD-POST] #1323 | Mixed_6d.branch7x7dbl_4.conv             | out[0]=shape=(4, 160, 12, 12) ptr=20617435497472 size=368640B
[FWD-PRE] #1324 | Mixed_6d.branch7x7dbl_4.bn               | inp[0]=shape=(4, 160, 12, 12) ptr=20617435497472 size=368640B
[FWD-PRE] #1324 | Mixed_6d.branch7x7dbl_4.bn               | weight=shape=(160,) ptr=20616977566720 size=640B
[FWD-PRE] #1324 | Mixed_6d.branch7x7dbl_4.bn               | bias=shape=(160,) ptr=20616977567744 size=640B
[FWD-PRE] #1324 | Mixed_6d.branch7x7dbl_4.bn               | running_mean=shape=(160,) ptr=20616977568768 size=640B
[FWD-PRE] #1324 | Mixed_6d.branch7x7dbl_4.bn               | running_var=shape=(160,) ptr=20616977569792 size=640B
[FWD-PRE] #1325 | Mixed_6d.branch7x7dbl_4.bn               | inp[0]=shape=(4, 160, 12, 12) ptr=20617435497472 size=368640B
[FWD-PRE] #1325 | Mixed_6d.branch7x7dbl_4.bn               | weight=shape=(160,) ptr=20616977566720 size=640B
[FWD-PRE] #1325 | Mixed_6d.branch7x7dbl_4.bn               | bias=shape=(160,) ptr=20616977567744 size=640B
[FWD-PRE] #1325 | Mixed_6d.branch7x7dbl_4.bn               | running_mean=shape=(160,) ptr=20616977568768 size=640B
[FWD-PRE] #1325 | Mixed_6d.branch7x7dbl_4.bn               | running_var=shape=(160,) ptr=20616977569792 size=640B
[FWD-POST] #1326 | Mixed_6d.branch7x7dbl_4.bn               | out[0]=shape=(4, 160, 12, 12) ptr=20617436235776 size=368640B
[FWD-POST] #1327 | Mixed_6d.branch7x7dbl_4.bn               | out[0]=shape=(4, 160, 12, 12) ptr=20617436235776 size=368640B
[FWD-PRE] #1328 | relu_relu_57                             | inp[0]=shape=(4, 160, 12, 12) ptr=20617436235776 size=368640B
[FWD-PRE] #1329 | relu_relu_57                             | inp[0]=shape=(4, 160, 12, 12) ptr=20617436235776 size=368640B
[FWD-POST] #1330 | relu_relu_57                             | out[0]=shape=(4, 160, 12, 12) ptr=20617436856320 size=368640B
[FWD-POST] #1331 | relu_relu_57                             | out[0]=shape=(4, 160, 12, 12) ptr=20617436856320 size=368640B
[FWD-PRE] #1332 | Mixed_6d.branch7x7dbl_5.conv             | inp[0]=shape=(4, 160, 12, 12) ptr=20617436856320 size=368640B
[FWD-PRE] #1332 | Mixed_6d.branch7x7dbl_5.conv             | weight=shape=(192, 160, 1, 7) ptr=20616980394496 size=860160B
[FWD-PRE] #1333 | Mixed_6d.branch7x7dbl_5.conv             | inp[0]=shape=(4, 160, 12, 12) ptr=20617436856320 size=368640B
[FWD-PRE] #1333 | Mixed_6d.branch7x7dbl_5.conv             | weight=shape=(192, 160, 1, 7) ptr=20616980394496 size=860160B
[FWD-POST] #1334 | Mixed_6d.branch7x7dbl_5.conv             | out[0]=shape=(4, 192, 12, 12) ptr=20617436235776 size=442368B
[FWD-POST] #1335 | Mixed_6d.branch7x7dbl_5.conv             | out[0]=shape=(4, 192, 12, 12) ptr=20617436235776 size=442368B
[FWD-PRE] #1336 | Mixed_6d.branch7x7dbl_5.bn               | inp[0]=shape=(4, 192, 12, 12) ptr=20617436235776 size=442368B
[FWD-PRE] #1336 | Mixed_6d.branch7x7dbl_5.bn               | weight=shape=(192,) ptr=20616977571328 size=768B
[FWD-PRE] #1336 | Mixed_6d.branch7x7dbl_5.bn               | bias=shape=(192,) ptr=20616977572352 size=768B
[FWD-PRE] #1336 | Mixed_6d.branch7x7dbl_5.bn               | running_mean=shape=(192,) ptr=20616977573376 size=768B
[FWD-PRE] #1336 | Mixed_6d.branch7x7dbl_5.bn               | running_var=shape=(192,) ptr=20616977574400 size=768B
[FWD-PRE] #1337 | Mixed_6d.branch7x7dbl_5.bn               | inp[0]=shape=(4, 192, 12, 12) ptr=20617436235776 size=442368B
[FWD-PRE] #1337 | Mixed_6d.branch7x7dbl_5.bn               | weight=shape=(192,) ptr=20616977571328 size=768B
[FWD-PRE] #1337 | Mixed_6d.branch7x7dbl_5.bn               | bias=shape=(192,) ptr=20616977572352 size=768B
[FWD-PRE] #1337 | Mixed_6d.branch7x7dbl_5.bn               | running_mean=shape=(192,) ptr=20616977573376 size=768B
[FWD-PRE] #1337 | Mixed_6d.branch7x7dbl_5.bn               | running_var=shape=(192,) ptr=20616977574400 size=768B
[FWD-POST] #1338 | Mixed_6d.branch7x7dbl_5.bn               | out[0]=shape=(4, 192, 12, 12) ptr=20617437225472 size=442368B
[FWD-POST] #1339 | Mixed_6d.branch7x7dbl_5.bn               | out[0]=shape=(4, 192, 12, 12) ptr=20617437225472 size=442368B
[FWD-PRE] #1340 | relu_relu_58                             | inp[0]=shape=(4, 192, 12, 12) ptr=20617437225472 size=442368B
[FWD-PRE] #1341 | relu_relu_58                             | inp[0]=shape=(4, 192, 12, 12) ptr=20617437225472 size=442368B
[FWD-POST] #1342 | relu_relu_58                             | out[0]=shape=(4, 192, 12, 12) ptr=20617437668352 size=442368B
[FWD-POST] #1343 | relu_relu_58                             | out[0]=shape=(4, 192, 12, 12) ptr=20617437668352 size=442368B
[FWD-PRE] #1344 | Mixed_6d.branch_pool.conv                | inp[0]=shape=(4, 768, 12, 12) ptr=20617061138944 size=1769472B
[FWD-PRE] #1344 | Mixed_6d.branch_pool.conv                | weight=shape=(192, 768, 1, 1) ptr=20616979014656 size=589824B
[FWD-PRE] #1345 | Mixed_6d.branch_pool.conv                | inp[0]=shape=(4, 768, 12, 12) ptr=20617061138944 size=1769472B
[FWD-PRE] #1345 | Mixed_6d.branch_pool.conv                | weight=shape=(192, 768, 1, 1) ptr=20616979014656 size=589824B
[FWD-POST] #1346 | Mixed_6d.branch_pool.conv                | out[0]=shape=(4, 192, 12, 12) ptr=20617437225472 size=442368B
[FWD-POST] #1347 | Mixed_6d.branch_pool.conv                | out[0]=shape=(4, 192, 12, 12) ptr=20617437225472 size=442368B
[FWD-PRE] #1348 | Mixed_6d.branch_pool.bn                  | inp[0]=shape=(4, 192, 12, 12) ptr=20617437225472 size=442368B
[FWD-PRE] #1348 | Mixed_6d.branch_pool.bn                  | weight=shape=(192,) ptr=20616977575936 size=768B
[FWD-PRE] #1348 | Mixed_6d.branch_pool.bn                  | bias=shape=(192,) ptr=20616977576960 size=768B
[FWD-PRE] #1348 | Mixed_6d.branch_pool.bn                  | running_mean=shape=(192,) ptr=20616977577984 size=768B
[FWD-PRE] #1348 | Mixed_6d.branch_pool.bn                  | running_var=shape=(192,) ptr=20616977579008 size=768B
[FWD-PRE] #1349 | Mixed_6d.branch_pool.bn                  | inp[0]=shape=(4, 192, 12, 12) ptr=20617437225472 size=442368B
[FWD-PRE] #1349 | Mixed_6d.branch_pool.bn                  | weight=shape=(192,) ptr=20616977575936 size=768B
[FWD-PRE] #1349 | Mixed_6d.branch_pool.bn                  | bias=shape=(192,) ptr=20616977576960 size=768B
[FWD-PRE] #1349 | Mixed_6d.branch_pool.bn                  | running_mean=shape=(192,) ptr=20616977577984 size=768B
[FWD-PRE] #1349 | Mixed_6d.branch_pool.bn                  | running_var=shape=(192,) ptr=20616977579008 size=768B
[FWD-POST] #1350 | Mixed_6d.branch_pool.bn                  | out[0]=shape=(4, 192, 12, 12) ptr=20617438111232 size=442368B
[FWD-POST] #1351 | Mixed_6d.branch_pool.bn                  | out[0]=shape=(4, 192, 12, 12) ptr=20617438111232 size=442368B
[FWD-PRE] #1352 | relu_relu_59                             | inp[0]=shape=(4, 192, 12, 12) ptr=20617438111232 size=442368B
[FWD-PRE] #1353 | relu_relu_59                             | inp[0]=shape=(4, 192, 12, 12) ptr=20617438111232 size=442368B
[FWD-POST] #1354 | relu_relu_59                             | out[0]=shape=(4, 192, 12, 12) ptr=20617438953472 size=442368B
[FWD-POST] #1355 | relu_relu_59                             | out[0]=shape=(4, 192, 12, 12) ptr=20617438953472 size=442368B
[FWD-POST] #1358 | cat_cat_6                                | out[0]=shape=(4, 768, 12, 12) ptr=20617062908928 size=1769472B
[FWD-POST] #1359 | cat_cat_6                                | out[0]=shape=(4, 768, 12, 12) ptr=20617062908928 size=1769472B
[FWD-PRE] #1360 | Mixed_6e.branch1x1.conv                  | inp[0]=shape=(4, 768, 12, 12) ptr=20617062908928 size=1769472B
[FWD-PRE] #1360 | Mixed_6e.branch1x1.conv                  | weight=shape=(192, 768, 1, 1) ptr=20616981774336 size=589824B
[FWD-PRE] #1361 | Mixed_6e.branch1x1.conv                  | inp[0]=shape=(4, 768, 12, 12) ptr=20617062908928 size=1769472B
[FWD-PRE] #1361 | Mixed_6e.branch1x1.conv                  | weight=shape=(192, 768, 1, 1) ptr=20616981774336 size=589824B
[FWD-POST] #1362 | Mixed_6e.branch1x1.conv                  | out[0]=shape=(4, 192, 12, 12) ptr=20617438111232 size=442368B
[FWD-POST] #1363 | Mixed_6e.branch1x1.conv                  | out[0]=shape=(4, 192, 12, 12) ptr=20617438111232 size=442368B
[FWD-PRE] #1364 | Mixed_6e.branch1x1.bn                    | inp[0]=shape=(4, 192, 12, 12) ptr=20617438111232 size=442368B
[FWD-PRE] #1364 | Mixed_6e.branch1x1.bn                    | weight=shape=(192,) ptr=20616973325312 size=768B
[FWD-PRE] #1364 | Mixed_6e.branch1x1.bn                    | bias=shape=(192,) ptr=20616973326336 size=768B
[FWD-PRE] #1364 | Mixed_6e.branch1x1.bn                    | running_mean=shape=(192,) ptr=20616973327360 size=768B
[FWD-PRE] #1364 | Mixed_6e.branch1x1.bn                    | running_var=shape=(192,) ptr=20616973328384 size=768B
[FWD-PRE] #1365 | Mixed_6e.branch1x1.bn                    | inp[0]=shape=(4, 192, 12, 12) ptr=20617438111232 size=442368B
[FWD-PRE] #1365 | Mixed_6e.branch1x1.bn                    | weight=shape=(192,) ptr=20616973325312 size=768B
[FWD-PRE] #1365 | Mixed_6e.branch1x1.bn                    | bias=shape=(192,) ptr=20616973326336 size=768B
[FWD-PRE] #1365 | Mixed_6e.branch1x1.bn                    | running_mean=shape=(192,) ptr=20616973327360 size=768B
[FWD-PRE] #1365 | Mixed_6e.branch1x1.bn                    | running_var=shape=(192,) ptr=20616973328384 size=768B
[FWD-POST] #1366 | Mixed_6e.branch1x1.bn                    | out[0]=shape=(4, 192, 12, 12) ptr=20617439396352 size=442368B
[FWD-POST] #1367 | Mixed_6e.branch1x1.bn                    | out[0]=shape=(4, 192, 12, 12) ptr=20617439396352 size=442368B
[FWD-PRE] #1368 | relu_relu_60                             | inp[0]=shape=(4, 192, 12, 12) ptr=20617439396352 size=442368B
[FWD-PRE] #1369 | relu_relu_60                             | inp[0]=shape=(4, 192, 12, 12) ptr=20617439396352 size=442368B
[FWD-POST] #1370 | relu_relu_60                             | out[0]=shape=(4, 192, 12, 12) ptr=20617439839232 size=442368B
[FWD-POST] #1371 | relu_relu_60                             | out[0]=shape=(4, 192, 12, 12) ptr=20617439839232 size=442368B
[FWD-PRE] #1372 | Mixed_6e.branch7x7_1.conv                | inp[0]=shape=(4, 768, 12, 12) ptr=20617062908928 size=1769472B
[FWD-PRE] #1372 | Mixed_6e.branch7x7_1.conv                | weight=shape=(192, 768, 1, 1) ptr=20616982364672 size=589824B
[FWD-PRE] #1373 | Mixed_6e.branch7x7_1.conv                | inp[0]=shape=(4, 768, 12, 12) ptr=20617062908928 size=1769472B
[FWD-PRE] #1373 | Mixed_6e.branch7x7_1.conv                | weight=shape=(192, 768, 1, 1) ptr=20616982364672 size=589824B
[FWD-POST] #1374 | Mixed_6e.branch7x7_1.conv                | out[0]=shape=(4, 192, 12, 12) ptr=20617439396352 size=442368B
[FWD-POST] #1375 | Mixed_6e.branch7x7_1.conv                | out[0]=shape=(4, 192, 12, 12) ptr=20617439396352 size=442368B
[FWD-PRE] #1376 | Mixed_6e.branch7x7_1.bn                  | inp[0]=shape=(4, 192, 12, 12) ptr=20617439396352 size=442368B
[FWD-PRE] #1376 | Mixed_6e.branch7x7_1.bn                  | weight=shape=(192,) ptr=20616973329920 size=768B
[FWD-PRE] #1376 | Mixed_6e.branch7x7_1.bn                  | bias=shape=(192,) ptr=20616973330944 size=768B
[FWD-PRE] #1376 | Mixed_6e.branch7x7_1.bn                  | running_mean=shape=(192,) ptr=20616973331968 size=768B
[FWD-PRE] #1376 | Mixed_6e.branch7x7_1.bn                  | running_var=shape=(192,) ptr=20616973332992 size=768B
[FWD-PRE] #1377 | Mixed_6e.branch7x7_1.bn                  | inp[0]=shape=(4, 192, 12, 12) ptr=20617439396352 size=442368B
[FWD-PRE] #1377 | Mixed_6e.branch7x7_1.bn                  | weight=shape=(192,) ptr=20616973329920 size=768B
[FWD-PRE] #1377 | Mixed_6e.branch7x7_1.bn                  | bias=shape=(192,) ptr=20616973330944 size=768B
[FWD-PRE] #1377 | Mixed_6e.branch7x7_1.bn                  | running_mean=shape=(192,) ptr=20616973331968 size=768B
[FWD-PRE] #1377 | Mixed_6e.branch7x7_1.bn                  | running_var=shape=(192,) ptr=20616973332992 size=768B
[FWD-POST] #1378 | Mixed_6e.branch7x7_1.bn                  | out[0]=shape=(4, 192, 12, 12) ptr=20617440282112 size=442368B
[FWD-POST] #1379 | Mixed_6e.branch7x7_1.bn                  | out[0]=shape=(4, 192, 12, 12) ptr=20617440282112 size=442368B
[FWD-PRE] #1380 | relu_relu_61                             | inp[0]=shape=(4, 192, 12, 12) ptr=20617440282112 size=442368B
[FWD-PRE] #1381 | relu_relu_61                             | inp[0]=shape=(4, 192, 12, 12) ptr=20617440282112 size=442368B
[FWD-POST] #1382 | relu_relu_61                             | out[0]=shape=(4, 192, 12, 12) ptr=20617441050624 size=442368B
[FWD-POST] #1383 | relu_relu_61                             | out[0]=shape=(4, 192, 12, 12) ptr=20617441050624 size=442368B
[FWD-PRE] #1384 | Mixed_6e.branch7x7_2.conv                | inp[0]=shape=(4, 192, 12, 12) ptr=20617441050624 size=442368B
[FWD-PRE] #1384 | Mixed_6e.branch7x7_2.conv                | weight=shape=(192, 192, 1, 7) ptr=20616983871488 size=1032192B
[FWD-PRE] #1385 | Mixed_6e.branch7x7_2.conv                | inp[0]=shape=(4, 192, 12, 12) ptr=20617441050624 size=442368B
[FWD-PRE] #1385 | Mixed_6e.branch7x7_2.conv                | weight=shape=(192, 192, 1, 7) ptr=20616983871488 size=1032192B
[FWD-POST] #1386 | Mixed_6e.branch7x7_2.conv                | out[0]=shape=(4, 192, 12, 12) ptr=20617440282112 size=442368B
[FWD-POST] #1387 | Mixed_6e.branch7x7_2.conv                | out[0]=shape=(4, 192, 12, 12) ptr=20617440282112 size=442368B
[FWD-PRE] #1388 | Mixed_6e.branch7x7_2.bn                  | inp[0]=shape=(4, 192, 12, 12) ptr=20617440282112 size=442368B
[FWD-PRE] #1388 | Mixed_6e.branch7x7_2.bn                  | weight=shape=(192,) ptr=20616973334528 size=768B
[FWD-PRE] #1388 | Mixed_6e.branch7x7_2.bn                  | bias=shape=(192,) ptr=20616973335552 size=768B
[FWD-PRE] #1388 | Mixed_6e.branch7x7_2.bn                  | running_mean=shape=(192,) ptr=20616973336576 size=768B
[FWD-PRE] #1388 | Mixed_6e.branch7x7_2.bn                  | running_var=shape=(192,) ptr=20616973337600 size=768B
[FWD-PRE] #1389 | Mixed_6e.branch7x7_2.bn                  | inp[0]=shape=(4, 192, 12, 12) ptr=20617440282112 size=442368B
[FWD-PRE] #1389 | Mixed_6e.branch7x7_2.bn                  | weight=shape=(192,) ptr=20616973334528 size=768B
[FWD-PRE] #1389 | Mixed_6e.branch7x7_2.bn                  | bias=shape=(192,) ptr=20616973335552 size=768B
[FWD-PRE] #1389 | Mixed_6e.branch7x7_2.bn                  | running_mean=shape=(192,) ptr=20616973336576 size=768B
[FWD-PRE] #1389 | Mixed_6e.branch7x7_2.bn                  | running_var=shape=(192,) ptr=20616973337600 size=768B
[FWD-POST] #1390 | Mixed_6e.branch7x7_2.bn                  | out[0]=shape=(4, 192, 12, 12) ptr=20617441493504 size=442368B
[FWD-POST] #1391 | Mixed_6e.branch7x7_2.bn                  | out[0]=shape=(4, 192, 12, 12) ptr=20617441493504 size=442368B
[FWD-PRE] #1392 | relu_relu_62                             | inp[0]=shape=(4, 192, 12, 12) ptr=20617441493504 size=442368B
[FWD-PRE] #1393 | relu_relu_62                             | inp[0]=shape=(4, 192, 12, 12) ptr=20617441493504 size=442368B
[FWD-POST] #1394 | relu_relu_62                             | out[0]=shape=(4, 192, 12, 12) ptr=20617441936384 size=442368B
[FWD-POST] #1395 | relu_relu_62                             | out[0]=shape=(4, 192, 12, 12) ptr=20617441936384 size=442368B
[FWD-PRE] #1396 | Mixed_6e.branch7x7_3.conv                | inp[0]=shape=(4, 192, 12, 12) ptr=20617441936384 size=442368B
[FWD-PRE] #1396 | Mixed_6e.branch7x7_3.conv                | weight=shape=(192, 192, 7, 1) ptr=20616984904192 size=1032192B
[FWD-PRE] #1397 | Mixed_6e.branch7x7_3.conv                | inp[0]=shape=(4, 192, 12, 12) ptr=20617441936384 size=442368B
[FWD-PRE] #1397 | Mixed_6e.branch7x7_3.conv                | weight=shape=(192, 192, 7, 1) ptr=20616984904192 size=1032192B
[FWD-POST] #1398 | Mixed_6e.branch7x7_3.conv                | out[0]=shape=(4, 192, 12, 12) ptr=20617441493504 size=442368B
[FWD-POST] #1399 | Mixed_6e.branch7x7_3.conv                | out[0]=shape=(4, 192, 12, 12) ptr=20617441493504 size=442368B
[FWD-PRE] #1400 | Mixed_6e.branch7x7_3.bn                  | inp[0]=shape=(4, 192, 12, 12) ptr=20617441493504 size=442368B
[FWD-PRE] #1400 | Mixed_6e.branch7x7_3.bn                  | weight=shape=(192,) ptr=20616985936896 size=768B
[FWD-PRE] #1400 | Mixed_6e.branch7x7_3.bn                  | bias=shape=(192,) ptr=20616985937920 size=768B
[FWD-PRE] #1400 | Mixed_6e.branch7x7_3.bn                  | running_mean=shape=(192,) ptr=20616985938944 size=768B
[FWD-PRE] #1400 | Mixed_6e.branch7x7_3.bn                  | running_var=shape=(192,) ptr=20616985939968 size=768B
[FWD-PRE] #1401 | Mixed_6e.branch7x7_3.bn                  | inp[0]=shape=(4, 192, 12, 12) ptr=20617441493504 size=442368B
[FWD-PRE] #1401 | Mixed_6e.branch7x7_3.bn                  | weight=shape=(192,) ptr=20616985936896 size=768B
[FWD-PRE] #1401 | Mixed_6e.branch7x7_3.bn                  | bias=shape=(192,) ptr=20616985937920 size=768B
[FWD-PRE] #1401 | Mixed_6e.branch7x7_3.bn                  | running_mean=shape=(192,) ptr=20616985938944 size=768B
[FWD-PRE] #1401 | Mixed_6e.branch7x7_3.bn                  | running_var=shape=(192,) ptr=20616985939968 size=768B
[FWD-POST] #1402 | Mixed_6e.branch7x7_3.bn                  | out[0]=shape=(4, 192, 12, 12) ptr=20617442379264 size=442368B
[FWD-POST] #1403 | Mixed_6e.branch7x7_3.bn                  | out[0]=shape=(4, 192, 12, 12) ptr=20617442379264 size=442368B
[FWD-PRE] #1404 | relu_relu_63                             | inp[0]=shape=(4, 192, 12, 12) ptr=20617442379264 size=442368B
[FWD-PRE] #1405 | relu_relu_63                             | inp[0]=shape=(4, 192, 12, 12) ptr=20617442379264 size=442368B
[FWD-POST] #1406 | relu_relu_63                             | out[0]=shape=(4, 192, 12, 12) ptr=20617443147776 size=442368B
[FWD-POST] #1407 | relu_relu_63                             | out[0]=shape=(4, 192, 12, 12) ptr=20617443147776 size=442368B
[FWD-PRE] #1408 | Mixed_6e.branch7x7dbl_1.conv             | inp[0]=shape=(4, 768, 12, 12) ptr=20617062908928 size=1769472B
[FWD-PRE] #1408 | Mixed_6e.branch7x7dbl_1.conv             | weight=shape=(192, 768, 1, 1) ptr=20616982955008 size=589824B
[FWD-PRE] #1409 | Mixed_6e.branch7x7dbl_1.conv             | inp[0]=shape=(4, 768, 12, 12) ptr=20617062908928 size=1769472B
[FWD-PRE] #1409 | Mixed_6e.branch7x7dbl_1.conv             | weight=shape=(192, 768, 1, 1) ptr=20616982955008 size=589824B
[FWD-POST] #1410 | Mixed_6e.branch7x7dbl_1.conv             | out[0]=shape=(4, 192, 12, 12) ptr=20617442379264 size=442368B
[FWD-POST] #1411 | Mixed_6e.branch7x7dbl_1.conv             | out[0]=shape=(4, 192, 12, 12) ptr=20617442379264 size=442368B
[FWD-PRE] #1412 | Mixed_6e.branch7x7dbl_1.bn               | inp[0]=shape=(4, 192, 12, 12) ptr=20617442379264 size=442368B
[FWD-PRE] #1412 | Mixed_6e.branch7x7dbl_1.bn               | weight=shape=(192,) ptr=20616985941504 size=768B
[FWD-PRE] #1412 | Mixed_6e.branch7x7dbl_1.bn               | bias=shape=(192,) ptr=20616985942528 size=768B
[FWD-PRE] #1412 | Mixed_6e.branch7x7dbl_1.bn               | running_mean=shape=(192,) ptr=20616985943552 size=768B
[FWD-PRE] #1412 | Mixed_6e.branch7x7dbl_1.bn               | running_var=shape=(192,) ptr=20616985944576 size=768B
[FWD-PRE] #1413 | Mixed_6e.branch7x7dbl_1.bn               | inp[0]=shape=(4, 192, 12, 12) ptr=20617442379264 size=442368B
[FWD-PRE] #1413 | Mixed_6e.branch7x7dbl_1.bn               | weight=shape=(192,) ptr=20616985941504 size=768B
[FWD-PRE] #1413 | Mixed_6e.branch7x7dbl_1.bn               | bias=shape=(192,) ptr=20616985942528 size=768B
[FWD-PRE] #1413 | Mixed_6e.branch7x7dbl_1.bn               | running_mean=shape=(192,) ptr=20616985943552 size=768B
[FWD-PRE] #1413 | Mixed_6e.branch7x7dbl_1.bn               | running_var=shape=(192,) ptr=20616985944576 size=768B
[FWD-POST] #1414 | Mixed_6e.branch7x7dbl_1.bn               | out[0]=shape=(4, 192, 12, 12) ptr=20617443590656 size=442368B
[FWD-POST] #1415 | Mixed_6e.branch7x7dbl_1.bn               | out[0]=shape=(4, 192, 12, 12) ptr=20617443590656 size=442368B
[FWD-PRE] #1416 | relu_relu_64                             | inp[0]=shape=(4, 192, 12, 12) ptr=20617443590656 size=442368B
[FWD-PRE] #1417 | relu_relu_64                             | inp[0]=shape=(4, 192, 12, 12) ptr=20617443590656 size=442368B
[FWD-POST] #1418 | relu_relu_64                             | out[0]=shape=(4, 192, 12, 12) ptr=20617444033536 size=442368B
[FWD-POST] #1419 | relu_relu_64                             | out[0]=shape=(4, 192, 12, 12) ptr=20617444033536 size=442368B
[FWD-PRE] #1420 | Mixed_6e.branch7x7dbl_2.conv             | inp[0]=shape=(4, 192, 12, 12) ptr=20617444033536 size=442368B
[FWD-PRE] #1420 | Mixed_6e.branch7x7dbl_2.conv             | weight=shape=(192, 192, 7, 1) ptr=20616985968640 size=1032192B
[FWD-PRE] #1421 | Mixed_6e.branch7x7dbl_2.conv             | inp[0]=shape=(4, 192, 12, 12) ptr=20617444033536 size=442368B
[FWD-PRE] #1421 | Mixed_6e.branch7x7dbl_2.conv             | weight=shape=(192, 192, 7, 1) ptr=20616985968640 size=1032192B
[FWD-POST] #1422 | Mixed_6e.branch7x7dbl_2.conv             | out[0]=shape=(4, 192, 12, 12) ptr=20617443590656 size=442368B
[FWD-POST] #1423 | Mixed_6e.branch7x7dbl_2.conv             | out[0]=shape=(4, 192, 12, 12) ptr=20617443590656 size=442368B
[FWD-PRE] #1424 | Mixed_6e.branch7x7dbl_2.bn               | inp[0]=shape=(4, 192, 12, 12) ptr=20617443590656 size=442368B
[FWD-PRE] #1424 | Mixed_6e.branch7x7dbl_2.bn               | weight=shape=(192,) ptr=20616985946112 size=768B
[FWD-PRE] #1424 | Mixed_6e.branch7x7dbl_2.bn               | bias=shape=(192,) ptr=20616985947136 size=768B
[FWD-PRE] #1424 | Mixed_6e.branch7x7dbl_2.bn               | running_mean=shape=(192,) ptr=20616985948160 size=768B
[FWD-PRE] #1424 | Mixed_6e.branch7x7dbl_2.bn               | running_var=shape=(192,) ptr=20616985949184 size=768B
[FWD-PRE] #1425 | Mixed_6e.branch7x7dbl_2.bn               | inp[0]=shape=(4, 192, 12, 12) ptr=20617443590656 size=442368B
[FWD-PRE] #1425 | Mixed_6e.branch7x7dbl_2.bn               | weight=shape=(192,) ptr=20616985946112 size=768B
[FWD-PRE] #1425 | Mixed_6e.branch7x7dbl_2.bn               | bias=shape=(192,) ptr=20616985947136 size=768B
[FWD-PRE] #1425 | Mixed_6e.branch7x7dbl_2.bn               | running_mean=shape=(192,) ptr=20616985948160 size=768B
[FWD-PRE] #1425 | Mixed_6e.branch7x7dbl_2.bn               | running_var=shape=(192,) ptr=20616985949184 size=768B
[FWD-POST] #1426 | Mixed_6e.branch7x7dbl_2.bn               | out[0]=shape=(4, 192, 12, 12) ptr=20617444476416 size=442368B
[FWD-POST] #1427 | Mixed_6e.branch7x7dbl_2.bn               | out[0]=shape=(4, 192, 12, 12) ptr=20617444476416 size=442368B
[FWD-PRE] #1428 | relu_relu_65                             | inp[0]=shape=(4, 192, 12, 12) ptr=20617444476416 size=442368B
[FWD-PRE] #1429 | relu_relu_65                             | inp[0]=shape=(4, 192, 12, 12) ptr=20617444476416 size=442368B
[FWD-POST] #1430 | relu_relu_65                             | out[0]=shape=(4, 192, 12, 12) ptr=20617445244928 size=442368B
[FWD-POST] #1431 | relu_relu_65                             | out[0]=shape=(4, 192, 12, 12) ptr=20617445244928 size=442368B
[FWD-PRE] #1432 | Mixed_6e.branch7x7dbl_3.conv             | inp[0]=shape=(4, 192, 12, 12) ptr=20617445244928 size=442368B
[FWD-PRE] #1432 | Mixed_6e.branch7x7dbl_3.conv             | weight=shape=(192, 192, 1, 7) ptr=20616987001344 size=1032192B
[FWD-PRE] #1433 | Mixed_6e.branch7x7dbl_3.conv             | inp[0]=shape=(4, 192, 12, 12) ptr=20617445244928 size=442368B
[FWD-PRE] #1433 | Mixed_6e.branch7x7dbl_3.conv             | weight=shape=(192, 192, 1, 7) ptr=20616987001344 size=1032192B
[FWD-POST] #1434 | Mixed_6e.branch7x7dbl_3.conv             | out[0]=shape=(4, 192, 12, 12) ptr=20617444476416 size=442368B
[FWD-POST] #1435 | Mixed_6e.branch7x7dbl_3.conv             | out[0]=shape=(4, 192, 12, 12) ptr=20617444476416 size=442368B
[FWD-PRE] #1436 | Mixed_6e.branch7x7dbl_3.bn               | inp[0]=shape=(4, 192, 12, 12) ptr=20617444476416 size=442368B
[FWD-PRE] #1436 | Mixed_6e.branch7x7dbl_3.bn               | weight=shape=(192,) ptr=20616985950720 size=768B
[FWD-PRE] #1436 | Mixed_6e.branch7x7dbl_3.bn               | bias=shape=(192,) ptr=20616985951744 size=768B
[FWD-PRE] #1436 | Mixed_6e.branch7x7dbl_3.bn               | running_mean=shape=(192,) ptr=20616985952768 size=768B
[FWD-PRE] #1436 | Mixed_6e.branch7x7dbl_3.bn               | running_var=shape=(192,) ptr=20616985953792 size=768B
[FWD-PRE] #1437 | Mixed_6e.branch7x7dbl_3.bn               | inp[0]=shape=(4, 192, 12, 12) ptr=20617444476416 size=442368B
[FWD-PRE] #1437 | Mixed_6e.branch7x7dbl_3.bn               | weight=shape=(192,) ptr=20616985950720 size=768B
[FWD-PRE] #1437 | Mixed_6e.branch7x7dbl_3.bn               | bias=shape=(192,) ptr=20616985951744 size=768B
[FWD-PRE] #1437 | Mixed_6e.branch7x7dbl_3.bn               | running_mean=shape=(192,) ptr=20616985952768 size=768B
[FWD-PRE] #1437 | Mixed_6e.branch7x7dbl_3.bn               | running_var=shape=(192,) ptr=20616985953792 size=768B
[FWD-POST] #1438 | Mixed_6e.branch7x7dbl_3.bn               | out[0]=shape=(4, 192, 12, 12) ptr=20617445687808 size=442368B
[FWD-POST] #1439 | Mixed_6e.branch7x7dbl_3.bn               | out[0]=shape=(4, 192, 12, 12) ptr=20617445687808 size=442368B
[FWD-PRE] #1440 | relu_relu_66                             | inp[0]=shape=(4, 192, 12, 12) ptr=20617445687808 size=442368B
[FWD-PRE] #1441 | relu_relu_66                             | inp[0]=shape=(4, 192, 12, 12) ptr=20617445687808 size=442368B
[FWD-POST] #1442 | relu_relu_66                             | out[0]=shape=(4, 192, 12, 12) ptr=20617446130688 size=442368B
[FWD-POST] #1443 | relu_relu_66                             | out[0]=shape=(4, 192, 12, 12) ptr=20617446130688 size=442368B
[FWD-PRE] #1444 | Mixed_6e.branch7x7dbl_4.conv             | inp[0]=shape=(4, 192, 12, 12) ptr=20617446130688 size=442368B
[FWD-PRE] #1444 | Mixed_6e.branch7x7dbl_4.conv             | weight=shape=(192, 192, 7, 1) ptr=20616988065792 size=1032192B
[FWD-PRE] #1445 | Mixed_6e.branch7x7dbl_4.conv             | inp[0]=shape=(4, 192, 12, 12) ptr=20617446130688 size=442368B
[FWD-PRE] #1445 | Mixed_6e.branch7x7dbl_4.conv             | weight=shape=(192, 192, 7, 1) ptr=20616988065792 size=1032192B
[FWD-POST] #1446 | Mixed_6e.branch7x7dbl_4.conv             | out[0]=shape=(4, 192, 12, 12) ptr=20617445687808 size=442368B
[FWD-POST] #1447 | Mixed_6e.branch7x7dbl_4.conv             | out[0]=shape=(4, 192, 12, 12) ptr=20617445687808 size=442368B
[FWD-PRE] #1448 | Mixed_6e.branch7x7dbl_4.bn               | inp[0]=shape=(4, 192, 12, 12) ptr=20617445687808 size=442368B
[FWD-PRE] #1448 | Mixed_6e.branch7x7dbl_4.bn               | weight=shape=(192,) ptr=20616985955328 size=768B
[FWD-PRE] #1448 | Mixed_6e.branch7x7dbl_4.bn               | bias=shape=(192,) ptr=20616985956352 size=768B
[FWD-PRE] #1448 | Mixed_6e.branch7x7dbl_4.bn               | running_mean=shape=(192,) ptr=20616985957376 size=768B
[FWD-PRE] #1448 | Mixed_6e.branch7x7dbl_4.bn               | running_var=shape=(192,) ptr=20616985958400 size=768B
[FWD-PRE] #1449 | Mixed_6e.branch7x7dbl_4.bn               | inp[0]=shape=(4, 192, 12, 12) ptr=20617445687808 size=442368B
[FWD-PRE] #1449 | Mixed_6e.branch7x7dbl_4.bn               | weight=shape=(192,) ptr=20616985955328 size=768B
[FWD-PRE] #1449 | Mixed_6e.branch7x7dbl_4.bn               | bias=shape=(192,) ptr=20616985956352 size=768B
[FWD-PRE] #1449 | Mixed_6e.branch7x7dbl_4.bn               | running_mean=shape=(192,) ptr=20616985957376 size=768B
[FWD-PRE] #1449 | Mixed_6e.branch7x7dbl_4.bn               | running_var=shape=(192,) ptr=20616985958400 size=768B
[FWD-POST] #1450 | Mixed_6e.branch7x7dbl_4.bn               | out[0]=shape=(4, 192, 12, 12) ptr=20617446573568 size=442368B
[FWD-POST] #1451 | Mixed_6e.branch7x7dbl_4.bn               | out[0]=shape=(4, 192, 12, 12) ptr=20617446573568 size=442368B
[FWD-PRE] #1452 | relu_relu_67                             | inp[0]=shape=(4, 192, 12, 12) ptr=20617446573568 size=442368B
[FWD-PRE] #1453 | relu_relu_67                             | inp[0]=shape=(4, 192, 12, 12) ptr=20617446573568 size=442368B
[FWD-POST] #1454 | relu_relu_67                             | out[0]=shape=(4, 192, 12, 12) ptr=20617447342080 size=442368B
[FWD-POST] #1455 | relu_relu_67                             | out[0]=shape=(4, 192, 12, 12) ptr=20617447342080 size=442368B
[FWD-PRE] #1456 | Mixed_6e.branch7x7dbl_5.conv             | inp[0]=shape=(4, 192, 12, 12) ptr=20617447342080 size=442368B
[FWD-PRE] #1456 | Mixed_6e.branch7x7dbl_5.conv             | weight=shape=(192, 192, 1, 7) ptr=20616989098496 size=1032192B
[FWD-PRE] #1457 | Mixed_6e.branch7x7dbl_5.conv             | inp[0]=shape=(4, 192, 12, 12) ptr=20617447342080 size=442368B
[FWD-PRE] #1457 | Mixed_6e.branch7x7dbl_5.conv             | weight=shape=(192, 192, 1, 7) ptr=20616989098496 size=1032192B
[FWD-POST] #1458 | Mixed_6e.branch7x7dbl_5.conv             | out[0]=shape=(4, 192, 12, 12) ptr=20617446573568 size=442368B
[FWD-POST] #1459 | Mixed_6e.branch7x7dbl_5.conv             | out[0]=shape=(4, 192, 12, 12) ptr=20617446573568 size=442368B
[FWD-PRE] #1460 | Mixed_6e.branch7x7dbl_5.bn               | inp[0]=shape=(4, 192, 12, 12) ptr=20617446573568 size=442368B
[FWD-PRE] #1460 | Mixed_6e.branch7x7dbl_5.bn               | weight=shape=(192,) ptr=20616985959936 size=768B
[FWD-PRE] #1460 | Mixed_6e.branch7x7dbl_5.bn               | bias=shape=(192,) ptr=20616985960960 size=768B
[FWD-PRE] #1460 | Mixed_6e.branch7x7dbl_5.bn               | running_mean=shape=(192,) ptr=20616985961984 size=768B
[FWD-PRE] #1460 | Mixed_6e.branch7x7dbl_5.bn               | running_var=shape=(192,) ptr=20616985963008 size=768B
[FWD-PRE] #1461 | Mixed_6e.branch7x7dbl_5.bn               | inp[0]=shape=(4, 192, 12, 12) ptr=20617446573568 size=442368B
[FWD-PRE] #1461 | Mixed_6e.branch7x7dbl_5.bn               | weight=shape=(192,) ptr=20616985959936 size=768B
[FWD-PRE] #1461 | Mixed_6e.branch7x7dbl_5.bn               | bias=shape=(192,) ptr=20616985960960 size=768B
[FWD-PRE] #1461 | Mixed_6e.branch7x7dbl_5.bn               | running_mean=shape=(192,) ptr=20616985961984 size=768B
[FWD-PRE] #1461 | Mixed_6e.branch7x7dbl_5.bn               | running_var=shape=(192,) ptr=20616985963008 size=768B
[FWD-POST] #1462 | Mixed_6e.branch7x7dbl_5.bn               | out[0]=shape=(4, 192, 12, 12) ptr=20617447784960 size=442368B
[FWD-POST] #1463 | Mixed_6e.branch7x7dbl_5.bn               | out[0]=shape=(4, 192, 12, 12) ptr=20617447784960 size=442368B
[FWD-PRE] #1464 | relu_relu_68                             | inp[0]=shape=(4, 192, 12, 12) ptr=20617447784960 size=442368B
[FWD-PRE] #1465 | relu_relu_68                             | inp[0]=shape=(4, 192, 12, 12) ptr=20617447784960 size=442368B
[FWD-POST] #1466 | relu_relu_68                             | out[0]=shape=(4, 192, 12, 12) ptr=20617448227840 size=442368B
[FWD-POST] #1467 | relu_relu_68                             | out[0]=shape=(4, 192, 12, 12) ptr=20617448227840 size=442368B
[FWD-PRE] #1468 | Mixed_6e.branch_pool.conv                | inp[0]=shape=(4, 768, 12, 12) ptr=20617064678912 size=1769472B
[FWD-PRE] #1468 | Mixed_6e.branch_pool.conv                | weight=shape=(192, 768, 1, 1) ptr=20616990162944 size=589824B
[FWD-PRE] #1469 | Mixed_6e.branch_pool.conv                | inp[0]=shape=(4, 768, 12, 12) ptr=20617064678912 size=1769472B
[FWD-PRE] #1469 | Mixed_6e.branch_pool.conv                | weight=shape=(192, 768, 1, 1) ptr=20616990162944 size=589824B
[FWD-POST] #1470 | Mixed_6e.branch_pool.conv                | out[0]=shape=(4, 192, 12, 12) ptr=20617447784960 size=442368B
[FWD-POST] #1471 | Mixed_6e.branch_pool.conv                | out[0]=shape=(4, 192, 12, 12) ptr=20617447784960 size=442368B
[FWD-PRE] #1472 | Mixed_6e.branch_pool.bn                  | inp[0]=shape=(4, 192, 12, 12) ptr=20617447784960 size=442368B
[FWD-PRE] #1472 | Mixed_6e.branch_pool.bn                  | weight=shape=(192,) ptr=20616985964544 size=768B
[FWD-PRE] #1472 | Mixed_6e.branch_pool.bn                  | bias=shape=(192,) ptr=20616985965568 size=768B
[FWD-PRE] #1472 | Mixed_6e.branch_pool.bn                  | running_mean=shape=(192,) ptr=20616985966592 size=768B
[FWD-PRE] #1472 | Mixed_6e.branch_pool.bn                  | running_var=shape=(192,) ptr=20616985967616 size=768B
[FWD-PRE] #1473 | Mixed_6e.branch_pool.bn                  | inp[0]=shape=(4, 192, 12, 12) ptr=20617447784960 size=442368B
[FWD-PRE] #1473 | Mixed_6e.branch_pool.bn                  | weight=shape=(192,) ptr=20616985964544 size=768B
[FWD-PRE] #1473 | Mixed_6e.branch_pool.bn                  | bias=shape=(192,) ptr=20616985965568 size=768B
[FWD-PRE] #1473 | Mixed_6e.branch_pool.bn                  | running_mean=shape=(192,) ptr=20616985966592 size=768B
[FWD-PRE] #1473 | Mixed_6e.branch_pool.bn                  | running_var=shape=(192,) ptr=20616985967616 size=768B
[FWD-POST] #1474 | Mixed_6e.branch_pool.bn                  | out[0]=shape=(4, 192, 12, 12) ptr=20617448670720 size=442368B
[FWD-POST] #1475 | Mixed_6e.branch_pool.bn                  | out[0]=shape=(4, 192, 12, 12) ptr=20617448670720 size=442368B
[FWD-PRE] #1476 | relu_relu_69                             | inp[0]=shape=(4, 192, 12, 12) ptr=20617448670720 size=442368B
[FWD-PRE] #1477 | relu_relu_69                             | inp[0]=shape=(4, 192, 12, 12) ptr=20617448670720 size=442368B
[FWD-POST] #1478 | relu_relu_69                             | out[0]=shape=(4, 192, 12, 12) ptr=20617449439232 size=442368B
[FWD-POST] #1479 | relu_relu_69                             | out[0]=shape=(4, 192, 12, 12) ptr=20617449439232 size=442368B
[FWD-POST] #1482 | cat_cat_7                                | out[0]=shape=(4, 768, 12, 12) ptr=20617066448896 size=1769472B
[FWD-POST] #1483 | cat_cat_7                                | out[0]=shape=(4, 768, 12, 12) ptr=20617066448896 size=1769472B
[FWD-PRE] #1484 | Mixed_7a.branch3x3_1.conv                | inp[0]=shape=(4, 768, 12, 12) ptr=20617066448896 size=1769472B
[FWD-PRE] #1484 | Mixed_7a.branch3x3_1.conv                | weight=shape=(192, 768, 1, 1) ptr=20616990753280 size=589824B
[FWD-PRE] #1485 | Mixed_7a.branch3x3_1.conv                | inp[0]=shape=(4, 768, 12, 12) ptr=20617066448896 size=1769472B
[FWD-PRE] #1485 | Mixed_7a.branch3x3_1.conv                | weight=shape=(192, 768, 1, 1) ptr=20616990753280 size=589824B
[FWD-POST] #1486 | Mixed_7a.branch3x3_1.conv                | out[0]=shape=(4, 192, 12, 12) ptr=20617448670720 size=442368B
[FWD-POST] #1487 | Mixed_7a.branch3x3_1.conv                | out[0]=shape=(4, 192, 12, 12) ptr=20617448670720 size=442368B
[FWD-PRE] #1488 | Mixed_7a.branch3x3_1.bn                  | inp[0]=shape=(4, 192, 12, 12) ptr=20617448670720 size=442368B
[FWD-PRE] #1488 | Mixed_7a.branch3x3_1.bn                  | weight=shape=(192,) ptr=20616988034560 size=768B
[FWD-PRE] #1488 | Mixed_7a.branch3x3_1.bn                  | bias=shape=(192,) ptr=20616988035584 size=768B
[FWD-PRE] #1488 | Mixed_7a.branch3x3_1.bn                  | running_mean=shape=(192,) ptr=20616988036608 size=768B
[FWD-PRE] #1488 | Mixed_7a.branch3x3_1.bn                  | running_var=shape=(192,) ptr=20616988037632 size=768B
[FWD-PRE] #1489 | Mixed_7a.branch3x3_1.bn                  | inp[0]=shape=(4, 192, 12, 12) ptr=20617448670720 size=442368B
[FWD-PRE] #1489 | Mixed_7a.branch3x3_1.bn                  | weight=shape=(192,) ptr=20616988034560 size=768B
[FWD-PRE] #1489 | Mixed_7a.branch3x3_1.bn                  | bias=shape=(192,) ptr=20616988035584 size=768B
[FWD-PRE] #1489 | Mixed_7a.branch3x3_1.bn                  | running_mean=shape=(192,) ptr=20616988036608 size=768B
[FWD-PRE] #1489 | Mixed_7a.branch3x3_1.bn                  | running_var=shape=(192,) ptr=20616988037632 size=768B
[FWD-POST] #1490 | Mixed_7a.branch3x3_1.bn                  | out[0]=shape=(4, 192, 12, 12) ptr=20617449882112 size=442368B
[FWD-POST] #1491 | Mixed_7a.branch3x3_1.bn                  | out[0]=shape=(4, 192, 12, 12) ptr=20617449882112 size=442368B
[FWD-PRE] #1492 | relu_relu_70                             | inp[0]=shape=(4, 192, 12, 12) ptr=20617449882112 size=442368B
[FWD-PRE] #1493 | relu_relu_70                             | inp[0]=shape=(4, 192, 12, 12) ptr=20617449882112 size=442368B
[FWD-POST] #1494 | relu_relu_70                             | out[0]=shape=(4, 192, 12, 12) ptr=20617450324992 size=442368B
[FWD-POST] #1495 | relu_relu_70                             | out[0]=shape=(4, 192, 12, 12) ptr=20617450324992 size=442368B
[FWD-PRE] #1496 | Mixed_7a.branch3x3_2.conv                | inp[0]=shape=(4, 192, 12, 12) ptr=20617450324992 size=442368B
[FWD-PRE] #1496 | Mixed_7a.branch3x3_2.conv                | weight=shape=(320, 192, 3, 3) ptr=20616943813120 size=2211840B
[FWD-PRE] #1497 | Mixed_7a.branch3x3_2.conv                | inp[0]=shape=(4, 192, 12, 12) ptr=20617450324992 size=442368B
[FWD-PRE] #1497 | Mixed_7a.branch3x3_2.conv                | weight=shape=(320, 192, 3, 3) ptr=20616943813120 size=2211840B
[FWD-POST] #1498 | Mixed_7a.branch3x3_2.conv                | out[0]=shape=(4, 320, 5, 5) ptr=20616975328768 size=128000B
[FWD-POST] #1499 | Mixed_7a.branch3x3_2.conv                | out[0]=shape=(4, 320, 5, 5) ptr=20616975328768 size=128000B
[FWD-PRE] #1500 | Mixed_7a.branch3x3_2.bn                  | inp[0]=shape=(4, 320, 5, 5) ptr=20616975328768 size=128000B
[FWD-PRE] #1500 | Mixed_7a.branch3x3_2.bn                  | weight=shape=(320,) ptr=20616988039168 size=1280B
[FWD-PRE] #1500 | Mixed_7a.branch3x3_2.bn                  | bias=shape=(320,) ptr=20616988040704 size=1280B
[FWD-PRE] #1500 | Mixed_7a.branch3x3_2.bn                  | running_mean=shape=(320,) ptr=20616988042240 size=1280B
[FWD-PRE] #1500 | Mixed_7a.branch3x3_2.bn                  | running_var=shape=(320,) ptr=20616988043776 size=1280B
[FWD-PRE] #1501 | Mixed_7a.branch3x3_2.bn                  | inp[0]=shape=(4, 320, 5, 5) ptr=20616975328768 size=128000B
[FWD-PRE] #1501 | Mixed_7a.branch3x3_2.bn                  | weight=shape=(320,) ptr=20616988039168 size=1280B
[FWD-PRE] #1501 | Mixed_7a.branch3x3_2.bn                  | bias=shape=(320,) ptr=20616988040704 size=1280B
[FWD-PRE] #1501 | Mixed_7a.branch3x3_2.bn                  | running_mean=shape=(320,) ptr=20616988042240 size=1280B
[FWD-PRE] #1501 | Mixed_7a.branch3x3_2.bn                  | running_var=shape=(320,) ptr=20616988043776 size=1280B
[FWD-POST] #1502 | Mixed_7a.branch3x3_2.bn                  | out[0]=shape=(4, 320, 5, 5) ptr=20617199382016 size=128000B
[FWD-POST] #1503 | Mixed_7a.branch3x3_2.bn                  | out[0]=shape=(4, 320, 5, 5) ptr=20617199382016 size=128000B
[FWD-PRE] #1504 | relu_relu_71                             | inp[0]=shape=(4, 320, 5, 5) ptr=20617199382016 size=128000B
[FWD-PRE] #1505 | relu_relu_71                             | inp[0]=shape=(4, 320, 5, 5) ptr=20617199382016 size=128000B
[FWD-POST] #1506 | relu_relu_71                             | out[0]=shape=(4, 320, 5, 5) ptr=20617203896320 size=128000B
[FWD-POST] #1507 | relu_relu_71                             | out[0]=shape=(4, 320, 5, 5) ptr=20617203896320 size=128000B
[FWD-PRE] #1508 | Mixed_7a.branch7x7x3_1.conv              | inp[0]=shape=(4, 768, 12, 12) ptr=20617066448896 size=1769472B
[FWD-PRE] #1508 | Mixed_7a.branch7x7x3_1.conv              | weight=shape=(192, 768, 1, 1) ptr=20616991343616 size=589824B
[FWD-PRE] #1509 | Mixed_7a.branch7x7x3_1.conv              | inp[0]=shape=(4, 768, 12, 12) ptr=20617066448896 size=1769472B
[FWD-PRE] #1509 | Mixed_7a.branch7x7x3_1.conv              | weight=shape=(192, 768, 1, 1) ptr=20616991343616 size=589824B
[FWD-POST] #1510 | Mixed_7a.branch7x7x3_1.conv              | out[0]=shape=(4, 192, 12, 12) ptr=20617449882112 size=442368B
[FWD-POST] #1511 | Mixed_7a.branch7x7x3_1.conv              | out[0]=shape=(4, 192, 12, 12) ptr=20617449882112 size=442368B
[FWD-PRE] #1512 | Mixed_7a.branch7x7x3_1.bn                | inp[0]=shape=(4, 192, 12, 12) ptr=20617449882112 size=442368B
[FWD-PRE] #1512 | Mixed_7a.branch7x7x3_1.bn                | weight=shape=(192,) ptr=20616988045824 size=768B
[FWD-PRE] #1512 | Mixed_7a.branch7x7x3_1.bn                | bias=shape=(192,) ptr=20616988046848 size=768B
[FWD-PRE] #1512 | Mixed_7a.branch7x7x3_1.bn                | running_mean=shape=(192,) ptr=20616988047872 size=768B
[FWD-PRE] #1512 | Mixed_7a.branch7x7x3_1.bn                | running_var=shape=(192,) ptr=20616988048896 size=768B
[FWD-PRE] #1513 | Mixed_7a.branch7x7x3_1.bn                | inp[0]=shape=(4, 192, 12, 12) ptr=20617449882112 size=442368B
[FWD-PRE] #1513 | Mixed_7a.branch7x7x3_1.bn                | weight=shape=(192,) ptr=20616988045824 size=768B
[FWD-PRE] #1513 | Mixed_7a.branch7x7x3_1.bn                | bias=shape=(192,) ptr=20616988046848 size=768B
[FWD-PRE] #1513 | Mixed_7a.branch7x7x3_1.bn                | running_mean=shape=(192,) ptr=20616988047872 size=768B
[FWD-PRE] #1513 | Mixed_7a.branch7x7x3_1.bn                | running_var=shape=(192,) ptr=20616988048896 size=768B
[FWD-POST] #1514 | Mixed_7a.branch7x7x3_1.bn                | out[0]=shape=(4, 192, 12, 12) ptr=20617450767872 size=442368B
[FWD-POST] #1515 | Mixed_7a.branch7x7x3_1.bn                | out[0]=shape=(4, 192, 12, 12) ptr=20617450767872 size=442368B
[FWD-PRE] #1516 | relu_relu_72                             | inp[0]=shape=(4, 192, 12, 12) ptr=20617450767872 size=442368B
[FWD-PRE] #1517 | relu_relu_72                             | inp[0]=shape=(4, 192, 12, 12) ptr=20617450767872 size=442368B
[FWD-POST] #1518 | relu_relu_72                             | out[0]=shape=(4, 192, 12, 12) ptr=20617451536384 size=442368B
[FWD-POST] #1519 | relu_relu_72                             | out[0]=shape=(4, 192, 12, 12) ptr=20617451536384 size=442368B
[FWD-PRE] #1520 | Mixed_7a.branch7x7x3_2.conv              | inp[0]=shape=(4, 192, 12, 12) ptr=20617451536384 size=442368B
[FWD-PRE] #1520 | Mixed_7a.branch7x7x3_2.conv              | weight=shape=(192, 192, 1, 7) ptr=20616992260096 size=1032192B
[FWD-PRE] #1521 | Mixed_7a.branch7x7x3_2.conv              | inp[0]=shape=(4, 192, 12, 12) ptr=20617451536384 size=442368B
[FWD-PRE] #1521 | Mixed_7a.branch7x7x3_2.conv              | weight=shape=(192, 192, 1, 7) ptr=20616992260096 size=1032192B
[FWD-POST] #1522 | Mixed_7a.branch7x7x3_2.conv              | out[0]=shape=(4, 192, 12, 12) ptr=20617450767872 size=442368B
[FWD-POST] #1523 | Mixed_7a.branch7x7x3_2.conv              | out[0]=shape=(4, 192, 12, 12) ptr=20617450767872 size=442368B
[FWD-PRE] #1524 | Mixed_7a.branch7x7x3_2.bn                | inp[0]=shape=(4, 192, 12, 12) ptr=20617450767872 size=442368B
[FWD-PRE] #1524 | Mixed_7a.branch7x7x3_2.bn                | weight=shape=(192,) ptr=20616988050432 size=768B
[FWD-PRE] #1524 | Mixed_7a.branch7x7x3_2.bn                | bias=shape=(192,) ptr=20616988051456 size=768B
[FWD-PRE] #1524 | Mixed_7a.branch7x7x3_2.bn                | running_mean=shape=(192,) ptr=20616988052480 size=768B
[FWD-PRE] #1524 | Mixed_7a.branch7x7x3_2.bn                | running_var=shape=(192,) ptr=20616988053504 size=768B
[FWD-PRE] #1525 | Mixed_7a.branch7x7x3_2.bn                | inp[0]=shape=(4, 192, 12, 12) ptr=20617450767872 size=442368B
[FWD-PRE] #1525 | Mixed_7a.branch7x7x3_2.bn                | weight=shape=(192,) ptr=20616988050432 size=768B
[FWD-PRE] #1525 | Mixed_7a.branch7x7x3_2.bn                | bias=shape=(192,) ptr=20616988051456 size=768B
[FWD-PRE] #1525 | Mixed_7a.branch7x7x3_2.bn                | running_mean=shape=(192,) ptr=20616988052480 size=768B
[FWD-PRE] #1525 | Mixed_7a.branch7x7x3_2.bn                | running_var=shape=(192,) ptr=20616988053504 size=768B
[FWD-POST] #1526 | Mixed_7a.branch7x7x3_2.bn                | out[0]=shape=(4, 192, 12, 12) ptr=20617451979264 size=442368B
[FWD-POST] #1527 | Mixed_7a.branch7x7x3_2.bn                | out[0]=shape=(4, 192, 12, 12) ptr=20617451979264 size=442368B
[FWD-PRE] #1528 | relu_relu_73                             | inp[0]=shape=(4, 192, 12, 12) ptr=20617451979264 size=442368B
[FWD-PRE] #1529 | relu_relu_73                             | inp[0]=shape=(4, 192, 12, 12) ptr=20617451979264 size=442368B
[FWD-POST] #1530 | relu_relu_73                             | out[0]=shape=(4, 192, 12, 12) ptr=20617452422144 size=442368B
[FWD-POST] #1531 | relu_relu_73                             | out[0]=shape=(4, 192, 12, 12) ptr=20617452422144 size=442368B
[FWD-PRE] #1532 | Mixed_7a.branch7x7x3_3.conv              | inp[0]=shape=(4, 192, 12, 12) ptr=20617452422144 size=442368B
[FWD-PRE] #1532 | Mixed_7a.branch7x7x3_3.conv              | weight=shape=(192, 192, 7, 1) ptr=20616993292800 size=1032192B
[FWD-PRE] #1533 | Mixed_7a.branch7x7x3_3.conv              | inp[0]=shape=(4, 192, 12, 12) ptr=20617452422144 size=442368B
[FWD-PRE] #1533 | Mixed_7a.branch7x7x3_3.conv              | weight=shape=(192, 192, 7, 1) ptr=20616993292800 size=1032192B
[FWD-POST] #1534 | Mixed_7a.branch7x7x3_3.conv              | out[0]=shape=(4, 192, 12, 12) ptr=20617451979264 size=442368B
[FWD-POST] #1535 | Mixed_7a.branch7x7x3_3.conv              | out[0]=shape=(4, 192, 12, 12) ptr=20617451979264 size=442368B
[FWD-PRE] #1536 | Mixed_7a.branch7x7x3_3.bn                | inp[0]=shape=(4, 192, 12, 12) ptr=20617451979264 size=442368B
[FWD-PRE] #1536 | Mixed_7a.branch7x7x3_3.bn                | weight=shape=(192,) ptr=20616988055040 size=768B
[FWD-PRE] #1536 | Mixed_7a.branch7x7x3_3.bn                | bias=shape=(192,) ptr=20616988056064 size=768B
[FWD-PRE] #1536 | Mixed_7a.branch7x7x3_3.bn                | running_mean=shape=(192,) ptr=20616988057088 size=768B
[FWD-PRE] #1536 | Mixed_7a.branch7x7x3_3.bn                | running_var=shape=(192,) ptr=20616988058112 size=768B
[FWD-PRE] #1537 | Mixed_7a.branch7x7x3_3.bn                | inp[0]=shape=(4, 192, 12, 12) ptr=20617451979264 size=442368B
[FWD-PRE] #1537 | Mixed_7a.branch7x7x3_3.bn                | weight=shape=(192,) ptr=20616988055040 size=768B
[FWD-PRE] #1537 | Mixed_7a.branch7x7x3_3.bn                | bias=shape=(192,) ptr=20616988056064 size=768B
[FWD-PRE] #1537 | Mixed_7a.branch7x7x3_3.bn                | running_mean=shape=(192,) ptr=20616988057088 size=768B
[FWD-PRE] #1537 | Mixed_7a.branch7x7x3_3.bn                | running_var=shape=(192,) ptr=20616988058112 size=768B
[FWD-POST] #1538 | Mixed_7a.branch7x7x3_3.bn                | out[0]=shape=(4, 192, 12, 12) ptr=20617452865024 size=442368B
[FWD-POST] #1539 | Mixed_7a.branch7x7x3_3.bn                | out[0]=shape=(4, 192, 12, 12) ptr=20617452865024 size=442368B
[FWD-PRE] #1540 | relu_relu_74                             | inp[0]=shape=(4, 192, 12, 12) ptr=20617452865024 size=442368B
[FWD-PRE] #1541 | relu_relu_74                             | inp[0]=shape=(4, 192, 12, 12) ptr=20617452865024 size=442368B
[FWD-POST] #1542 | relu_relu_74                             | out[0]=shape=(4, 192, 12, 12) ptr=20617453633536 size=442368B
[FWD-POST] #1543 | relu_relu_74                             | out[0]=shape=(4, 192, 12, 12) ptr=20617453633536 size=442368B
[FWD-PRE] #1544 | Mixed_7a.branch7x7x3_4.conv              | inp[0]=shape=(4, 192, 12, 12) ptr=20617453633536 size=442368B
[FWD-PRE] #1544 | Mixed_7a.branch7x7x3_4.conv              | weight=shape=(192, 192, 3, 3) ptr=20616946025472 size=1327104B
[FWD-PRE] #1545 | Mixed_7a.branch7x7x3_4.conv              | inp[0]=shape=(4, 192, 12, 12) ptr=20617453633536 size=442368B
[FWD-PRE] #1545 | Mixed_7a.branch7x7x3_4.conv              | weight=shape=(192, 192, 3, 3) ptr=20616946025472 size=1327104B
[FWD-POST] #1546 | Mixed_7a.branch7x7x3_4.conv              | out[0]=shape=(4, 192, 5, 5) ptr=20616983767040 size=76800B
[FWD-POST] #1547 | Mixed_7a.branch7x7x3_4.conv              | out[0]=shape=(4, 192, 5, 5) ptr=20616983767040 size=76800B
[FWD-PRE] #1548 | Mixed_7a.branch7x7x3_4.bn                | inp[0]=shape=(4, 192, 5, 5) ptr=20616983767040 size=76800B
[FWD-PRE] #1548 | Mixed_7a.branch7x7x3_4.bn                | weight=shape=(192,) ptr=20616988059648 size=768B
[FWD-PRE] #1548 | Mixed_7a.branch7x7x3_4.bn                | bias=shape=(192,) ptr=20616988060672 size=768B
[FWD-PRE] #1548 | Mixed_7a.branch7x7x3_4.bn                | running_mean=shape=(192,) ptr=20616988061696 size=768B
[FWD-PRE] #1548 | Mixed_7a.branch7x7x3_4.bn                | running_var=shape=(192,) ptr=20616988062720 size=768B
[FWD-PRE] #1549 | Mixed_7a.branch7x7x3_4.bn                | inp[0]=shape=(4, 192, 5, 5) ptr=20616983767040 size=76800B
[FWD-PRE] #1549 | Mixed_7a.branch7x7x3_4.bn                | weight=shape=(192,) ptr=20616988059648 size=768B
[FWD-PRE] #1549 | Mixed_7a.branch7x7x3_4.bn                | bias=shape=(192,) ptr=20616988060672 size=768B
[FWD-PRE] #1549 | Mixed_7a.branch7x7x3_4.bn                | running_mean=shape=(192,) ptr=20616988061696 size=768B
[FWD-PRE] #1549 | Mixed_7a.branch7x7x3_4.bn                | running_var=shape=(192,) ptr=20616988062720 size=768B
[FWD-POST] #1550 | Mixed_7a.branch7x7x3_4.bn                | out[0]=shape=(4, 192, 5, 5) ptr=20617426266624 size=76800B
[FWD-POST] #1551 | Mixed_7a.branch7x7x3_4.bn                | out[0]=shape=(4, 192, 5, 5) ptr=20617426266624 size=76800B
[FWD-PRE] #1552 | relu_relu_75                             | inp[0]=shape=(4, 192, 5, 5) ptr=20617426266624 size=76800B
[FWD-PRE] #1553 | relu_relu_75                             | inp[0]=shape=(4, 192, 5, 5) ptr=20617426266624 size=76800B
[FWD-POST] #1554 | relu_relu_75                             | out[0]=shape=(4, 192, 5, 5) ptr=20617434655232 size=76800B
[FWD-POST] #1555 | relu_relu_75                             | out[0]=shape=(4, 192, 5, 5) ptr=20617434655232 size=76800B
[FWD-POST] #1558 | cat_cat_8                                | out[0]=shape=(4, 1280, 5, 5) ptr=20617452865024 size=512000B
[FWD-POST] #1559 | cat_cat_8                                | out[0]=shape=(4, 1280, 5, 5) ptr=20617452865024 size=512000B
[FWD-PRE] #1560 | Mixed_7b.branch1x1.conv                  | inp[0]=shape=(4, 1280, 5, 5) ptr=20617452865024 size=512000B
[FWD-PRE] #1560 | Mixed_7b.branch1x1.conv                  | weight=shape=(320, 1280, 1, 1) ptr=20616947353088 size=1638400B
[FWD-PRE] #1561 | Mixed_7b.branch1x1.conv                  | inp[0]=shape=(4, 1280, 5, 5) ptr=20617452865024 size=512000B
[FWD-PRE] #1561 | Mixed_7b.branch1x1.conv                  | weight=shape=(320, 1280, 1, 1) ptr=20616947353088 size=1638400B
[FWD-POST] #1562 | Mixed_7b.branch1x1.conv                  | out[0]=shape=(4, 320, 5, 5) ptr=20617199382016 size=128000B
[FWD-POST] #1563 | Mixed_7b.branch1x1.conv                  | out[0]=shape=(4, 320, 5, 5) ptr=20617199382016 size=128000B
[FWD-PRE] #1564 | Mixed_7b.branch1x1.bn                    | inp[0]=shape=(4, 320, 5, 5) ptr=20617199382016 size=128000B
[FWD-PRE] #1564 | Mixed_7b.branch1x1.bn                    | weight=shape=(320,) ptr=20616988064256 size=1280B
[FWD-PRE] #1564 | Mixed_7b.branch1x1.bn                    | bias=shape=(320,) ptr=20616990131200 size=1280B
[FWD-PRE] #1564 | Mixed_7b.branch1x1.bn                    | running_mean=shape=(320,) ptr=20616990132736 size=1280B
[FWD-PRE] #1564 | Mixed_7b.branch1x1.bn                    | running_var=shape=(320,) ptr=20616990134272 size=1280B
[FWD-PRE] #1565 | Mixed_7b.branch1x1.bn                    | inp[0]=shape=(4, 320, 5, 5) ptr=20617199382016 size=128000B
[FWD-PRE] #1565 | Mixed_7b.branch1x1.bn                    | weight=shape=(320,) ptr=20616988064256 size=1280B
[FWD-PRE] #1565 | Mixed_7b.branch1x1.bn                    | bias=shape=(320,) ptr=20616990131200 size=1280B
[FWD-PRE] #1565 | Mixed_7b.branch1x1.bn                    | running_mean=shape=(320,) ptr=20616990132736 size=1280B
[FWD-PRE] #1565 | Mixed_7b.branch1x1.bn                    | running_var=shape=(320,) ptr=20616990134272 size=1280B
[FWD-POST] #1566 | Mixed_7b.branch1x1.bn                    | out[0]=shape=(4, 320, 5, 5) ptr=20617211484672 size=128000B
[FWD-POST] #1567 | Mixed_7b.branch1x1.bn                    | out[0]=shape=(4, 320, 5, 5) ptr=20617211484672 size=128000B
[FWD-PRE] #1568 | relu_relu_76                             | inp[0]=shape=(4, 320, 5, 5) ptr=20617211484672 size=128000B
[FWD-PRE] #1569 | relu_relu_76                             | inp[0]=shape=(4, 320, 5, 5) ptr=20617211484672 size=128000B
[FWD-POST] #1570 | relu_relu_76                             | out[0]=shape=(4, 320, 5, 5) ptr=20617218576384 size=128000B
[FWD-POST] #1571 | relu_relu_76                             | out[0]=shape=(4, 320, 5, 5) ptr=20617218576384 size=128000B
[FWD-PRE] #1572 | Mixed_7b.branch3x3_1.conv                | inp[0]=shape=(4, 1280, 5, 5) ptr=20617452865024 size=512000B
[FWD-PRE] #1572 | Mixed_7b.branch3x3_1.conv                | weight=shape=(384, 1280, 1, 1) ptr=20616948992000 size=1966080B
[FWD-PRE] #1573 | Mixed_7b.branch3x3_1.conv                | inp[0]=shape=(4, 1280, 5, 5) ptr=20617452865024 size=512000B
[FWD-PRE] #1573 | Mixed_7b.branch3x3_1.conv                | weight=shape=(384, 1280, 1, 1) ptr=20616948992000 size=1966080B
[FWD-POST] #1574 | Mixed_7b.branch3x3_1.conv                | out[0]=shape=(4, 384, 5, 5) ptr=20617211484672 size=153600B
[FWD-POST] #1575 | Mixed_7b.branch3x3_1.conv                | out[0]=shape=(4, 384, 5, 5) ptr=20617211484672 size=153600B
[FWD-PRE] #1576 | Mixed_7b.branch3x3_1.bn                  | inp[0]=shape=(4, 384, 5, 5) ptr=20617211484672 size=153600B
[FWD-PRE] #1576 | Mixed_7b.branch3x3_1.bn                  | weight=shape=(384,) ptr=20616990136320 size=1536B
[FWD-PRE] #1576 | Mixed_7b.branch3x3_1.bn                  | bias=shape=(384,) ptr=20616990138368 size=1536B
[FWD-PRE] #1576 | Mixed_7b.branch3x3_1.bn                  | running_mean=shape=(384,) ptr=20616990140416 size=1536B
[FWD-PRE] #1576 | Mixed_7b.branch3x3_1.bn                  | running_var=shape=(384,) ptr=20616990142464 size=1536B
[FWD-PRE] #1577 | Mixed_7b.branch3x3_1.bn                  | inp[0]=shape=(4, 384, 5, 5) ptr=20617211484672 size=153600B
[FWD-PRE] #1577 | Mixed_7b.branch3x3_1.bn                  | weight=shape=(384,) ptr=20616990136320 size=1536B
[FWD-PRE] #1577 | Mixed_7b.branch3x3_1.bn                  | bias=shape=(384,) ptr=20616990138368 size=1536B
[FWD-PRE] #1577 | Mixed_7b.branch3x3_1.bn                  | running_mean=shape=(384,) ptr=20616990140416 size=1536B
[FWD-PRE] #1577 | Mixed_7b.branch3x3_1.bn                  | running_var=shape=(384,) ptr=20616990142464 size=1536B
[FWD-POST] #1578 | Mixed_7b.branch3x3_1.bn                  | out[0]=shape=(4, 384, 5, 5) ptr=20617201799680 size=153600B
[FWD-POST] #1579 | Mixed_7b.branch3x3_1.bn                  | out[0]=shape=(4, 384, 5, 5) ptr=20617201799680 size=153600B
[FWD-PRE] #1580 | relu_relu_77                             | inp[0]=shape=(4, 384, 5, 5) ptr=20617201799680 size=153600B
[FWD-PRE] #1581 | relu_relu_77                             | inp[0]=shape=(4, 384, 5, 5) ptr=20617201799680 size=153600B
[FWD-POST] #1582 | relu_relu_77                             | out[0]=shape=(4, 384, 5, 5) ptr=20617212285440 size=153600B
[FWD-POST] #1583 | relu_relu_77                             | out[0]=shape=(4, 384, 5, 5) ptr=20617212285440 size=153600B
[FWD-PRE] #1584 | Mixed_7b.branch3x3_2a.conv               | inp[0]=shape=(4, 384, 5, 5) ptr=20617212285440 size=153600B
[FWD-PRE] #1584 | Mixed_7b.branch3x3_2a.conv               | weight=shape=(384, 384, 1, 3) ptr=20616950958592 size=1769472B
[FWD-PRE] #1585 | Mixed_7b.branch3x3_2a.conv               | inp[0]=shape=(4, 384, 5, 5) ptr=20617212285440 size=153600B
[FWD-PRE] #1585 | Mixed_7b.branch3x3_2a.conv               | weight=shape=(384, 384, 1, 3) ptr=20616950958592 size=1769472B
[FWD-POST] #1586 | Mixed_7b.branch3x3_2a.conv               | out[0]=shape=(4, 384, 5, 5) ptr=20617201799680 size=153600B
[FWD-POST] #1587 | Mixed_7b.branch3x3_2a.conv               | out[0]=shape=(4, 384, 5, 5) ptr=20617201799680 size=153600B
[FWD-PRE] #1588 | Mixed_7b.branch3x3_2a.bn                 | inp[0]=shape=(4, 384, 5, 5) ptr=20617201799680 size=153600B
[FWD-PRE] #1588 | Mixed_7b.branch3x3_2a.bn                 | weight=shape=(384,) ptr=20616990145024 size=1536B
[FWD-PRE] #1588 | Mixed_7b.branch3x3_2a.bn                 | bias=shape=(384,) ptr=20616990147072 size=1536B
[FWD-PRE] #1588 | Mixed_7b.branch3x3_2a.bn                 | running_mean=shape=(384,) ptr=20616990149120 size=1536B
[FWD-PRE] #1588 | Mixed_7b.branch3x3_2a.bn                 | running_var=shape=(384,) ptr=20616990151168 size=1536B
[FWD-PRE] #1589 | Mixed_7b.branch3x3_2a.bn                 | inp[0]=shape=(4, 384, 5, 5) ptr=20617201799680 size=153600B
[FWD-PRE] #1589 | Mixed_7b.branch3x3_2a.bn                 | weight=shape=(384,) ptr=20616990145024 size=1536B
[FWD-PRE] #1589 | Mixed_7b.branch3x3_2a.bn                 | bias=shape=(384,) ptr=20616990147072 size=1536B
[FWD-PRE] #1589 | Mixed_7b.branch3x3_2a.bn                 | running_mean=shape=(384,) ptr=20616990149120 size=1536B
[FWD-PRE] #1589 | Mixed_7b.branch3x3_2a.bn                 | running_var=shape=(384,) ptr=20616990151168 size=1536B
[FWD-POST] #1590 | Mixed_7b.branch3x3_2a.bn                 | out[0]=shape=(4, 384, 5, 5) ptr=20617214382592 size=153600B
[FWD-POST] #1591 | Mixed_7b.branch3x3_2a.bn                 | out[0]=shape=(4, 384, 5, 5) ptr=20617214382592 size=153600B
[FWD-PRE] #1592 | relu_relu_78                             | inp[0]=shape=(4, 384, 5, 5) ptr=20617214382592 size=153600B
[FWD-PRE] #1593 | relu_relu_78                             | inp[0]=shape=(4, 384, 5, 5) ptr=20617214382592 size=153600B
[FWD-POST] #1594 | relu_relu_78                             | out[0]=shape=(4, 384, 5, 5) ptr=20617220674048 size=153600B
[FWD-POST] #1595 | relu_relu_78                             | out[0]=shape=(4, 384, 5, 5) ptr=20617220674048 size=153600B
[FWD-PRE] #1596 | Mixed_7b.branch3x3_2b.conv               | inp[0]=shape=(4, 384, 5, 5) ptr=20617212285440 size=153600B
[FWD-PRE] #1596 | Mixed_7b.branch3x3_2b.conv               | weight=shape=(384, 384, 3, 1) ptr=20616952728576 size=1769472B
[FWD-PRE] #1597 | Mixed_7b.branch3x3_2b.conv               | inp[0]=shape=(4, 384, 5, 5) ptr=20617212285440 size=153600B
[FWD-PRE] #1597 | Mixed_7b.branch3x3_2b.conv               | weight=shape=(384, 384, 3, 1) ptr=20616952728576 size=1769472B
[FWD-POST] #1598 | Mixed_7b.branch3x3_2b.conv               | out[0]=shape=(4, 384, 5, 5) ptr=20617214382592 size=153600B
[FWD-POST] #1599 | Mixed_7b.branch3x3_2b.conv               | out[0]=shape=(4, 384, 5, 5) ptr=20617214382592 size=153600B
[FWD-PRE] #1600 | Mixed_7b.branch3x3_2b.bn                 | inp[0]=shape=(4, 384, 5, 5) ptr=20617214382592 size=153600B
[FWD-PRE] #1600 | Mixed_7b.branch3x3_2b.bn                 | weight=shape=(384,) ptr=20616990153728 size=1536B
[FWD-PRE] #1600 | Mixed_7b.branch3x3_2b.bn                 | bias=shape=(384,) ptr=20616990155776 size=1536B
[FWD-PRE] #1600 | Mixed_7b.branch3x3_2b.bn                 | running_mean=shape=(384,) ptr=20616990157824 size=1536B
[FWD-PRE] #1600 | Mixed_7b.branch3x3_2b.bn                 | running_var=shape=(384,) ptr=20616990159872 size=1536B
[FWD-PRE] #1601 | Mixed_7b.branch3x3_2b.bn                 | inp[0]=shape=(4, 384, 5, 5) ptr=20617214382592 size=153600B
[FWD-PRE] #1601 | Mixed_7b.branch3x3_2b.bn                 | weight=shape=(384,) ptr=20616990153728 size=1536B
[FWD-PRE] #1601 | Mixed_7b.branch3x3_2b.bn                 | bias=shape=(384,) ptr=20616990155776 size=1536B
[FWD-PRE] #1601 | Mixed_7b.branch3x3_2b.bn                 | running_mean=shape=(384,) ptr=20616990157824 size=1536B
[FWD-PRE] #1601 | Mixed_7b.branch3x3_2b.bn                 | running_var=shape=(384,) ptr=20616990159872 size=1536B
[FWD-POST] #1602 | Mixed_7b.branch3x3_2b.bn                 | out[0]=shape=(4, 384, 5, 5) ptr=20617208090624 size=153600B
[FWD-POST] #1603 | Mixed_7b.branch3x3_2b.bn                 | out[0]=shape=(4, 384, 5, 5) ptr=20617208090624 size=153600B
[FWD-PRE] #1604 | relu_relu_79                             | inp[0]=shape=(4, 384, 5, 5) ptr=20617208090624 size=153600B
[FWD-PRE] #1605 | relu_relu_79                             | inp[0]=shape=(4, 384, 5, 5) ptr=20617208090624 size=153600B
[FWD-POST] #1606 | relu_relu_79                             | out[0]=shape=(4, 384, 5, 5) ptr=20617210187776 size=153600B
[FWD-POST] #1607 | relu_relu_79                             | out[0]=shape=(4, 384, 5, 5) ptr=20617210187776 size=153600B
[FWD-POST] #1610 | cat_cat_9                                | out[0]=shape=(4, 768, 5, 5) ptr=20617440724992 size=307200B
[FWD-POST] #1611 | cat_cat_9                                | out[0]=shape=(4, 768, 5, 5) ptr=20617440724992 size=307200B
[FWD-PRE] #1612 | Mixed_7b.branch3x3dbl_1.conv             | inp[0]=shape=(4, 1280, 5, 5) ptr=20617452865024 size=512000B
[FWD-PRE] #1612 | Mixed_7b.branch3x3dbl_1.conv             | weight=shape=(448, 1280, 1, 1) ptr=20616954498560 size=2293760B
[FWD-PRE] #1613 | Mixed_7b.branch3x3dbl_1.conv             | inp[0]=shape=(4, 1280, 5, 5) ptr=20617452865024 size=512000B
[FWD-PRE] #1613 | Mixed_7b.branch3x3dbl_1.conv             | weight=shape=(448, 1280, 1, 1) ptr=20616954498560 size=2293760B
[FWD-POST] #1614 | Mixed_7b.branch3x3dbl_1.conv             | out[0]=shape=(4, 448, 5, 5) ptr=20617224843264 size=179200B
[FWD-POST] #1615 | Mixed_7b.branch3x3dbl_1.conv             | out[0]=shape=(4, 448, 5, 5) ptr=20617224843264 size=179200B
[FWD-PRE] #1616 | Mixed_7b.branch3x3dbl_1.bn               | inp[0]=shape=(4, 448, 5, 5) ptr=20617224843264 size=179200B
[FWD-PRE] #1616 | Mixed_7b.branch3x3dbl_1.bn               | weight=shape=(448,) ptr=20616994325504 size=1792B
[FWD-PRE] #1616 | Mixed_7b.branch3x3dbl_1.bn               | bias=shape=(448,) ptr=20616994327552 size=1792B
[FWD-PRE] #1616 | Mixed_7b.branch3x3dbl_1.bn               | running_mean=shape=(448,) ptr=20616994329600 size=1792B
[FWD-PRE] #1616 | Mixed_7b.branch3x3dbl_1.bn               | running_var=shape=(448,) ptr=20616994331648 size=1792B
[FWD-PRE] #1617 | Mixed_7b.branch3x3dbl_1.bn               | inp[0]=shape=(4, 448, 5, 5) ptr=20617224843264 size=179200B
[FWD-PRE] #1617 | Mixed_7b.branch3x3dbl_1.bn               | weight=shape=(448,) ptr=20616994325504 size=1792B
[FWD-PRE] #1617 | Mixed_7b.branch3x3dbl_1.bn               | bias=shape=(448,) ptr=20616994327552 size=1792B
[FWD-PRE] #1617 | Mixed_7b.branch3x3dbl_1.bn               | running_mean=shape=(448,) ptr=20616994329600 size=1792B
[FWD-PRE] #1617 | Mixed_7b.branch3x3dbl_1.bn               | running_var=shape=(448,) ptr=20616994331648 size=1792B
[FWD-POST] #1618 | Mixed_7b.branch3x3dbl_1.bn               | out[0]=shape=(4, 448, 5, 5) ptr=20617226889728 size=179200B
[FWD-POST] #1619 | Mixed_7b.branch3x3dbl_1.bn               | out[0]=shape=(4, 448, 5, 5) ptr=20617226889728 size=179200B
[FWD-PRE] #1620 | relu_relu_80                             | inp[0]=shape=(4, 448, 5, 5) ptr=20617226889728 size=179200B
[FWD-PRE] #1621 | relu_relu_80                             | inp[0]=shape=(4, 448, 5, 5) ptr=20617226889728 size=179200B
[FWD-POST] #1622 | relu_relu_80                             | out[0]=shape=(4, 448, 5, 5) ptr=20617453377536 size=179200B
[FWD-POST] #1623 | relu_relu_80                             | out[0]=shape=(4, 448, 5, 5) ptr=20617453377536 size=179200B
[FWD-PRE] #1624 | Mixed_7b.branch3x3dbl_2.conv             | inp[0]=shape=(4, 448, 5, 5) ptr=20617453377536 size=179200B
[FWD-PRE] #1624 | Mixed_7b.branch3x3dbl_2.conv             | weight=shape=(384, 448, 3, 3) ptr=20616994357248 size=6193152B
[FWD-PRE] #1625 | Mixed_7b.branch3x3dbl_2.conv             | inp[0]=shape=(4, 448, 5, 5) ptr=20617453377536 size=179200B
[FWD-PRE] #1625 | Mixed_7b.branch3x3dbl_2.conv             | weight=shape=(384, 448, 3, 3) ptr=20616994357248 size=6193152B
[FWD-POST] #1626 | Mixed_7b.branch3x3dbl_2.conv             | out[0]=shape=(4, 384, 5, 5) ptr=20617208090624 size=153600B
[FWD-POST] #1627 | Mixed_7b.branch3x3dbl_2.conv             | out[0]=shape=(4, 384, 5, 5) ptr=20617208090624 size=153600B
[FWD-PRE] #1628 | Mixed_7b.branch3x3dbl_2.bn               | inp[0]=shape=(4, 384, 5, 5) ptr=20617208090624 size=153600B
[FWD-PRE] #1628 | Mixed_7b.branch3x3dbl_2.bn               | weight=shape=(384,) ptr=20616994333696 size=1536B
[FWD-PRE] #1628 | Mixed_7b.branch3x3dbl_2.bn               | bias=shape=(384,) ptr=20616994335744 size=1536B
[FWD-PRE] #1628 | Mixed_7b.branch3x3dbl_2.bn               | running_mean=shape=(384,) ptr=20616994337792 size=1536B
[FWD-PRE] #1628 | Mixed_7b.branch3x3dbl_2.bn               | running_var=shape=(384,) ptr=20616994339840 size=1536B
[FWD-PRE] #1629 | Mixed_7b.branch3x3dbl_2.bn               | inp[0]=shape=(4, 384, 5, 5) ptr=20617208090624 size=153600B
[FWD-PRE] #1629 | Mixed_7b.branch3x3dbl_2.bn               | weight=shape=(384,) ptr=20616994333696 size=1536B
[FWD-PRE] #1629 | Mixed_7b.branch3x3dbl_2.bn               | bias=shape=(384,) ptr=20616994335744 size=1536B
[FWD-PRE] #1629 | Mixed_7b.branch3x3dbl_2.bn               | running_mean=shape=(384,) ptr=20616994337792 size=1536B
[FWD-PRE] #1629 | Mixed_7b.branch3x3dbl_2.bn               | running_var=shape=(384,) ptr=20616994339840 size=1536B
[FWD-POST] #1630 | Mixed_7b.branch3x3dbl_2.bn               | out[0]=shape=(4, 384, 5, 5) ptr=20617222770688 size=153600B
[FWD-POST] #1631 | Mixed_7b.branch3x3dbl_2.bn               | out[0]=shape=(4, 384, 5, 5) ptr=20617222770688 size=153600B
[FWD-PRE] #1632 | relu_relu_81                             | inp[0]=shape=(4, 384, 5, 5) ptr=20617222770688 size=153600B
[FWD-PRE] #1633 | relu_relu_81                             | inp[0]=shape=(4, 384, 5, 5) ptr=20617222770688 size=153600B
[FWD-POST] #1634 | relu_relu_81                             | out[0]=shape=(4, 384, 5, 5) ptr=20617245839360 size=153600B
[FWD-POST] #1635 | relu_relu_81                             | out[0]=shape=(4, 384, 5, 5) ptr=20617245839360 size=153600B
[FWD-PRE] #1636 | Mixed_7b.branch3x3dbl_3a.conv            | inp[0]=shape=(4, 384, 5, 5) ptr=20617245839360 size=153600B
[FWD-PRE] #1636 | Mixed_7b.branch3x3dbl_3a.conv            | weight=shape=(384, 384, 1, 3) ptr=20616956792832 size=1769472B
[FWD-PRE] #1637 | Mixed_7b.branch3x3dbl_3a.conv            | inp[0]=shape=(4, 384, 5, 5) ptr=20617245839360 size=153600B
[FWD-PRE] #1637 | Mixed_7b.branch3x3dbl_3a.conv            | weight=shape=(384, 384, 1, 3) ptr=20616956792832 size=1769472B
[FWD-POST] #1638 | Mixed_7b.branch3x3dbl_3a.conv            | out[0]=shape=(4, 384, 5, 5) ptr=20617222770688 size=153600B
[FWD-POST] #1639 | Mixed_7b.branch3x3dbl_3a.conv            | out[0]=shape=(4, 384, 5, 5) ptr=20617222770688 size=153600B
[FWD-PRE] #1640 | Mixed_7b.branch3x3dbl_3a.bn              | inp[0]=shape=(4, 384, 5, 5) ptr=20617222770688 size=153600B
[FWD-PRE] #1640 | Mixed_7b.branch3x3dbl_3a.bn              | weight=shape=(384,) ptr=20616994342400 size=1536B
[FWD-PRE] #1640 | Mixed_7b.branch3x3dbl_3a.bn              | bias=shape=(384,) ptr=20616994344448 size=1536B
[FWD-PRE] #1640 | Mixed_7b.branch3x3dbl_3a.bn              | running_mean=shape=(384,) ptr=20616994346496 size=1536B
[FWD-PRE] #1640 | Mixed_7b.branch3x3dbl_3a.bn              | running_var=shape=(384,) ptr=20616994348544 size=1536B
[FWD-PRE] #1641 | Mixed_7b.branch3x3dbl_3a.bn              | inp[0]=shape=(4, 384, 5, 5) ptr=20617222770688 size=153600B
[FWD-PRE] #1641 | Mixed_7b.branch3x3dbl_3a.bn              | weight=shape=(384,) ptr=20616994342400 size=1536B
[FWD-PRE] #1641 | Mixed_7b.branch3x3dbl_3a.bn              | bias=shape=(384,) ptr=20616994344448 size=1536B
[FWD-PRE] #1641 | Mixed_7b.branch3x3dbl_3a.bn              | running_mean=shape=(384,) ptr=20616994346496 size=1536B
[FWD-PRE] #1641 | Mixed_7b.branch3x3dbl_3a.bn              | running_var=shape=(384,) ptr=20616994348544 size=1536B
[FWD-POST] #1642 | Mixed_7b.branch3x3dbl_3a.bn              | out[0]=shape=(4, 384, 5, 5) ptr=20617428290048 size=153600B
[FWD-POST] #1643 | Mixed_7b.branch3x3dbl_3a.bn              | out[0]=shape=(4, 384, 5, 5) ptr=20617428290048 size=153600B
[FWD-PRE] #1644 | relu_relu_82                             | inp[0]=shape=(4, 384, 5, 5) ptr=20617428290048 size=153600B
[FWD-PRE] #1645 | relu_relu_82                             | inp[0]=shape=(4, 384, 5, 5) ptr=20617428290048 size=153600B
[FWD-POST] #1646 | relu_relu_82                             | out[0]=shape=(4, 384, 5, 5) ptr=20617436678656 size=153600B
[FWD-POST] #1647 | relu_relu_82                             | out[0]=shape=(4, 384, 5, 5) ptr=20617436678656 size=153600B
[FWD-PRE] #1648 | Mixed_7b.branch3x3dbl_3b.conv            | inp[0]=shape=(4, 384, 5, 5) ptr=20617245839360 size=153600B
[FWD-PRE] #1648 | Mixed_7b.branch3x3dbl_3b.conv            | weight=shape=(384, 384, 3, 1) ptr=20616958562816 size=1769472B
[FWD-PRE] #1649 | Mixed_7b.branch3x3dbl_3b.conv            | inp[0]=shape=(4, 384, 5, 5) ptr=20617245839360 size=153600B
[FWD-PRE] #1649 | Mixed_7b.branch3x3dbl_3b.conv            | weight=shape=(384, 384, 3, 1) ptr=20616958562816 size=1769472B
[FWD-POST] #1650 | Mixed_7b.branch3x3dbl_3b.conv            | out[0]=shape=(4, 384, 5, 5) ptr=20617428290048 size=153600B
[FWD-POST] #1651 | Mixed_7b.branch3x3dbl_3b.conv            | out[0]=shape=(4, 384, 5, 5) ptr=20617428290048 size=153600B
[FWD-PRE] #1652 | Mixed_7b.branch3x3dbl_3b.bn              | inp[0]=shape=(4, 384, 5, 5) ptr=20617428290048 size=153600B
[FWD-PRE] #1652 | Mixed_7b.branch3x3dbl_3b.bn              | weight=shape=(384,) ptr=20616994351104 size=1536B
[FWD-PRE] #1652 | Mixed_7b.branch3x3dbl_3b.bn              | bias=shape=(384,) ptr=20616994353152 size=1536B
[FWD-PRE] #1652 | Mixed_7b.branch3x3dbl_3b.bn              | running_mean=shape=(384,) ptr=20616994355200 size=1536B
[FWD-PRE] #1652 | Mixed_7b.branch3x3dbl_3b.bn              | running_var=shape=(384,) ptr=20616973339136 size=1536B
[FWD-PRE] #1653 | Mixed_7b.branch3x3dbl_3b.bn              | inp[0]=shape=(4, 384, 5, 5) ptr=20617428290048 size=153600B
[FWD-PRE] #1653 | Mixed_7b.branch3x3dbl_3b.bn              | weight=shape=(384,) ptr=20616994351104 size=1536B
[FWD-PRE] #1653 | Mixed_7b.branch3x3dbl_3b.bn              | bias=shape=(384,) ptr=20616994353152 size=1536B
[FWD-PRE] #1653 | Mixed_7b.branch3x3dbl_3b.bn              | running_mean=shape=(384,) ptr=20616994355200 size=1536B
[FWD-PRE] #1653 | Mixed_7b.branch3x3dbl_3b.bn              | running_var=shape=(384,) ptr=20616973339136 size=1536B
[FWD-POST] #1654 | Mixed_7b.branch3x3dbl_3b.bn              | out[0]=shape=(4, 384, 5, 5) ptr=20617226889728 size=153600B
[FWD-POST] #1655 | Mixed_7b.branch3x3dbl_3b.bn              | out[0]=shape=(4, 384, 5, 5) ptr=20617226889728 size=153600B
[FWD-PRE] #1656 | relu_relu_83                             | inp[0]=shape=(4, 384, 5, 5) ptr=20617226889728 size=153600B
[FWD-PRE] #1657 | relu_relu_83                             | inp[0]=shape=(4, 384, 5, 5) ptr=20617226889728 size=153600B
[FWD-POST] #1658 | relu_relu_83                             | out[0]=shape=(4, 384, 5, 5) ptr=20617231059456 size=153600B
[FWD-POST] #1659 | relu_relu_83                             | out[0]=shape=(4, 384, 5, 5) ptr=20617231059456 size=153600B
[FWD-POST] #1662 | cat_cat_10                               | out[0]=shape=(4, 768, 5, 5) ptr=20617442822144 size=307200B
[FWD-POST] #1663 | cat_cat_10                               | out[0]=shape=(4, 768, 5, 5) ptr=20617442822144 size=307200B
[FWD-PRE] #1664 | Mixed_7b.branch_pool.conv                | inp[0]=shape=(4, 1280, 5, 5) ptr=20617454076416 size=512000B
[FWD-PRE] #1664 | Mixed_7b.branch_pool.conv                | weight=shape=(192, 1280, 1, 1) ptr=20617015328768 size=983040B
[FWD-PRE] #1665 | Mixed_7b.branch_pool.conv                | inp[0]=shape=(4, 1280, 5, 5) ptr=20617454076416 size=512000B
[FWD-PRE] #1665 | Mixed_7b.branch_pool.conv                | weight=shape=(192, 1280, 1, 1) ptr=20617015328768 size=983040B
[FWD-POST] #1666 | Mixed_7b.branch_pool.conv                | out[0]=shape=(4, 192, 5, 5) ptr=20617426266624 size=76800B
[FWD-POST] #1667 | Mixed_7b.branch_pool.conv                | out[0]=shape=(4, 192, 5, 5) ptr=20617426266624 size=76800B
[FWD-PRE] #1668 | Mixed_7b.branch_pool.bn                  | inp[0]=shape=(4, 192, 5, 5) ptr=20617426266624 size=76800B
[FWD-PRE] #1668 | Mixed_7b.branch_pool.bn                  | weight=shape=(192,) ptr=20616973341696 size=768B
[FWD-PRE] #1668 | Mixed_7b.branch_pool.bn                  | bias=shape=(192,) ptr=20616973342720 size=768B
[FWD-PRE] #1668 | Mixed_7b.branch_pool.bn                  | running_mean=shape=(192,) ptr=20616973343744 size=768B
[FWD-PRE] #1668 | Mixed_7b.branch_pool.bn                  | running_var=shape=(192,) ptr=20616973344768 size=768B
[FWD-PRE] #1669 | Mixed_7b.branch_pool.bn                  | inp[0]=shape=(4, 192, 5, 5) ptr=20617426266624 size=76800B
[FWD-PRE] #1669 | Mixed_7b.branch_pool.bn                  | weight=shape=(192,) ptr=20616973341696 size=768B
[FWD-PRE] #1669 | Mixed_7b.branch_pool.bn                  | bias=shape=(192,) ptr=20616973342720 size=768B
[FWD-PRE] #1669 | Mixed_7b.branch_pool.bn                  | running_mean=shape=(192,) ptr=20616973343744 size=768B
[FWD-PRE] #1669 | Mixed_7b.branch_pool.bn                  | running_var=shape=(192,) ptr=20616973344768 size=768B
[FWD-POST] #1670 | Mixed_7b.branch_pool.bn                  | out[0]=shape=(4, 192, 5, 5) ptr=20617234281472 size=76800B
[FWD-POST] #1671 | Mixed_7b.branch_pool.bn                  | out[0]=shape=(4, 192, 5, 5) ptr=20617234281472 size=76800B
[FWD-PRE] #1672 | relu_relu_84                             | inp[0]=shape=(4, 192, 5, 5) ptr=20617234281472 size=76800B
[FWD-PRE] #1673 | relu_relu_84                             | inp[0]=shape=(4, 192, 5, 5) ptr=20617234281472 size=76800B
[FWD-POST] #1674 | relu_relu_84                             | out[0]=shape=(4, 192, 5, 5) ptr=20617231213568 size=76800B
[FWD-POST] #1675 | relu_relu_84                             | out[0]=shape=(4, 192, 5, 5) ptr=20617231213568 size=76800B
[FWD-POST] #1678 | cat_cat_11                               | out[0]=shape=(4, 2048, 5, 5) ptr=20617454588928 size=819200B
[FWD-POST] #1679 | cat_cat_11                               | out[0]=shape=(4, 2048, 5, 5) ptr=20617454588928 size=819200B
[FWD-PRE] #1680 | Mixed_7c.branch1x1.conv                  | inp[0]=shape=(4, 2048, 5, 5) ptr=20617454588928 size=819200B
[FWD-PRE] #1680 | Mixed_7c.branch1x1.conv                  | weight=shape=(320, 2048, 1, 1) ptr=20617000550912 size=2621440B
[FWD-PRE] #1681 | Mixed_7c.branch1x1.conv                  | inp[0]=shape=(4, 2048, 5, 5) ptr=20617454588928 size=819200B
[FWD-PRE] #1681 | Mixed_7c.branch1x1.conv                  | weight=shape=(320, 2048, 1, 1) ptr=20617000550912 size=2621440B
[FWD-POST] #1682 | Mixed_7c.branch1x1.conv                  | out[0]=shape=(4, 320, 5, 5) ptr=20617226889728 size=128000B
[FWD-POST] #1683 | Mixed_7c.branch1x1.conv                  | out[0]=shape=(4, 320, 5, 5) ptr=20617226889728 size=128000B
[FWD-PRE] #1684 | Mixed_7c.branch1x1.bn                    | inp[0]=shape=(4, 320, 5, 5) ptr=20617226889728 size=128000B
[FWD-PRE] #1684 | Mixed_7c.branch1x1.bn                    | weight=shape=(320,) ptr=20616973346304 size=1280B
[FWD-PRE] #1684 | Mixed_7c.branch1x1.bn                    | bias=shape=(320,) ptr=20616973347840 size=1280B
[FWD-PRE] #1684 | Mixed_7c.branch1x1.bn                    | running_mean=shape=(320,) ptr=20616973349376 size=1280B
[FWD-PRE] #1684 | Mixed_7c.branch1x1.bn                    | running_var=shape=(320,) ptr=20616973350912 size=1280B
[FWD-PRE] #1685 | Mixed_7c.branch1x1.bn                    | inp[0]=shape=(4, 320, 5, 5) ptr=20617226889728 size=128000B
[FWD-PRE] #1685 | Mixed_7c.branch1x1.bn                    | weight=shape=(320,) ptr=20616973346304 size=1280B
[FWD-PRE] #1685 | Mixed_7c.branch1x1.bn                    | bias=shape=(320,) ptr=20616973347840 size=1280B
[FWD-PRE] #1685 | Mixed_7c.branch1x1.bn                    | running_mean=shape=(320,) ptr=20616973349376 size=1280B
[FWD-PRE] #1685 | Mixed_7c.branch1x1.bn                    | running_var=shape=(320,) ptr=20616973350912 size=1280B
[FWD-POST] #1686 | Mixed_7c.branch1x1.bn                    | out[0]=shape=(4, 320, 5, 5) ptr=20617227731968 size=128000B
[FWD-POST] #1687 | Mixed_7c.branch1x1.bn                    | out[0]=shape=(4, 320, 5, 5) ptr=20617227731968 size=128000B
[FWD-PRE] #1688 | relu_relu_85                             | inp[0]=shape=(4, 320, 5, 5) ptr=20617227731968 size=128000B
[FWD-PRE] #1689 | relu_relu_85                             | inp[0]=shape=(4, 320, 5, 5) ptr=20617227731968 size=128000B
[FWD-POST] #1690 | relu_relu_85                             | out[0]=shape=(4, 320, 5, 5) ptr=20617227860480 size=128000B
[FWD-POST] #1691 | relu_relu_85                             | out[0]=shape=(4, 320, 5, 5) ptr=20617227860480 size=128000B
[FWD-PRE] #1692 | Mixed_7c.branch3x3_1.conv                | inp[0]=shape=(4, 2048, 5, 5) ptr=20617454588928 size=819200B
[FWD-PRE] #1692 | Mixed_7c.branch3x3_1.conv                | weight=shape=(384, 2048, 1, 1) ptr=20617003172864 size=3145728B
[FWD-PRE] #1693 | Mixed_7c.branch3x3_1.conv                | inp[0]=shape=(4, 2048, 5, 5) ptr=20617454588928 size=819200B
[FWD-PRE] #1693 | Mixed_7c.branch3x3_1.conv                | weight=shape=(384, 2048, 1, 1) ptr=20617003172864 size=3145728B
[FWD-POST] #1694 | Mixed_7c.branch3x3_1.conv                | out[0]=shape=(4, 384, 5, 5) ptr=20617440724992 size=153600B
[FWD-POST] #1695 | Mixed_7c.branch3x3_1.conv                | out[0]=shape=(4, 384, 5, 5) ptr=20617440724992 size=153600B
[FWD-PRE] #1696 | Mixed_7c.branch3x3_1.bn                  | inp[0]=shape=(4, 384, 5, 5) ptr=20617440724992 size=153600B
[FWD-PRE] #1696 | Mixed_7c.branch3x3_1.bn                  | weight=shape=(384,) ptr=20616973352960 size=1536B
[FWD-PRE] #1696 | Mixed_7c.branch3x3_1.bn                  | bias=shape=(384,) ptr=20616973355008 size=1536B
[FWD-PRE] #1696 | Mixed_7c.branch3x3_1.bn                  | running_mean=shape=(384,) ptr=20616973357056 size=1536B
[FWD-PRE] #1696 | Mixed_7c.branch3x3_1.bn                  | running_var=shape=(384,) ptr=20616973359104 size=1536B
[FWD-PRE] #1697 | Mixed_7c.branch3x3_1.bn                  | inp[0]=shape=(4, 384, 5, 5) ptr=20617440724992 size=153600B
[FWD-PRE] #1697 | Mixed_7c.branch3x3_1.bn                  | weight=shape=(384,) ptr=20616973352960 size=1536B
[FWD-PRE] #1697 | Mixed_7c.branch3x3_1.bn                  | bias=shape=(384,) ptr=20616973355008 size=1536B
[FWD-PRE] #1697 | Mixed_7c.branch3x3_1.bn                  | running_mean=shape=(384,) ptr=20616973357056 size=1536B
[FWD-PRE] #1697 | Mixed_7c.branch3x3_1.bn                  | running_var=shape=(384,) ptr=20616973359104 size=1536B
[FWD-POST] #1698 | Mixed_7c.branch3x3_1.bn                  | out[0]=shape=(4, 384, 5, 5) ptr=20617455408640 size=153600B
[FWD-POST] #1699 | Mixed_7c.branch3x3_1.bn                  | out[0]=shape=(4, 384, 5, 5) ptr=20617455408640 size=153600B
[FWD-PRE] #1700 | relu_relu_86                             | inp[0]=shape=(4, 384, 5, 5) ptr=20617455408640 size=153600B
[FWD-PRE] #1701 | relu_relu_86                             | inp[0]=shape=(4, 384, 5, 5) ptr=20617455408640 size=153600B
[FWD-POST] #1702 | relu_relu_86                             | out[0]=shape=(4, 384, 5, 5) ptr=20617455562752 size=153600B
[FWD-POST] #1703 | relu_relu_86                             | out[0]=shape=(4, 384, 5, 5) ptr=20617455562752 size=153600B
[FWD-PRE] #1704 | Mixed_7c.branch3x3_2a.conv               | inp[0]=shape=(4, 384, 5, 5) ptr=20617455562752 size=153600B
[FWD-PRE] #1704 | Mixed_7c.branch3x3_2a.conv               | weight=shape=(384, 384, 1, 3) ptr=20617006319104 size=1769472B
[FWD-PRE] #1705 | Mixed_7c.branch3x3_2a.conv               | inp[0]=shape=(4, 384, 5, 5) ptr=20617455562752 size=153600B
[FWD-PRE] #1705 | Mixed_7c.branch3x3_2a.conv               | weight=shape=(384, 384, 1, 3) ptr=20617006319104 size=1769472B
[FWD-POST] #1706 | Mixed_7c.branch3x3_2a.conv               | out[0]=shape=(4, 384, 5, 5) ptr=20617455408640 size=153600B
[FWD-POST] #1707 | Mixed_7c.branch3x3_2a.conv               | out[0]=shape=(4, 384, 5, 5) ptr=20617455408640 size=153600B
[FWD-PRE] #1708 | Mixed_7c.branch3x3_2a.bn                 | inp[0]=shape=(4, 384, 5, 5) ptr=20617455408640 size=153600B
[FWD-PRE] #1708 | Mixed_7c.branch3x3_2a.bn                 | weight=shape=(384,) ptr=20616973361664 size=1536B
[FWD-PRE] #1708 | Mixed_7c.branch3x3_2a.bn                 | bias=shape=(384,) ptr=20616973363712 size=1536B
[FWD-PRE] #1708 | Mixed_7c.branch3x3_2a.bn                 | running_mean=shape=(384,) ptr=20616973365760 size=1536B
[FWD-PRE] #1708 | Mixed_7c.branch3x3_2a.bn                 | running_var=shape=(384,) ptr=20616973367808 size=1536B
[FWD-PRE] #1709 | Mixed_7c.branch3x3_2a.bn                 | inp[0]=shape=(4, 384, 5, 5) ptr=20617455408640 size=153600B
[FWD-PRE] #1709 | Mixed_7c.branch3x3_2a.bn                 | weight=shape=(384,) ptr=20616973361664 size=1536B
[FWD-PRE] #1709 | Mixed_7c.branch3x3_2a.bn                 | bias=shape=(384,) ptr=20616973363712 size=1536B
[FWD-PRE] #1709 | Mixed_7c.branch3x3_2a.bn                 | running_mean=shape=(384,) ptr=20616973365760 size=1536B
[FWD-PRE] #1709 | Mixed_7c.branch3x3_2a.bn                 | running_var=shape=(384,) ptr=20616973367808 size=1536B
[FWD-POST] #1710 | Mixed_7c.branch3x3_2a.bn                 | out[0]=shape=(4, 384, 5, 5) ptr=20617442822144 size=153600B
[FWD-POST] #1711 | Mixed_7c.branch3x3_2a.bn                 | out[0]=shape=(4, 384, 5, 5) ptr=20617442822144 size=153600B
[FWD-PRE] #1712 | relu_relu_87                             | inp[0]=shape=(4, 384, 5, 5) ptr=20617442822144 size=153600B
[FWD-PRE] #1713 | relu_relu_87                             | inp[0]=shape=(4, 384, 5, 5) ptr=20617442822144 size=153600B
[FWD-POST] #1714 | relu_relu_87                             | out[0]=shape=(4, 384, 5, 5) ptr=20617442976256 size=153600B
[FWD-POST] #1715 | relu_relu_87                             | out[0]=shape=(4, 384, 5, 5) ptr=20617442976256 size=153600B
[FWD-PRE] #1716 | Mixed_7c.branch3x3_2b.conv               | inp[0]=shape=(4, 384, 5, 5) ptr=20617455562752 size=153600B
[FWD-PRE] #1716 | Mixed_7c.branch3x3_2b.conv               | weight=shape=(384, 384, 3, 1) ptr=20617008089088 size=1769472B
[FWD-PRE] #1717 | Mixed_7c.branch3x3_2b.conv               | inp[0]=shape=(4, 384, 5, 5) ptr=20617455562752 size=153600B
[FWD-PRE] #1717 | Mixed_7c.branch3x3_2b.conv               | weight=shape=(384, 384, 3, 1) ptr=20617008089088 size=1769472B
[FWD-POST] #1718 | Mixed_7c.branch3x3_2b.conv               | out[0]=shape=(4, 384, 5, 5) ptr=20617442822144 size=153600B
[FWD-POST] #1719 | Mixed_7c.branch3x3_2b.conv               | out[0]=shape=(4, 384, 5, 5) ptr=20617442822144 size=153600B
[FWD-PRE] #1720 | Mixed_7c.branch3x3_2b.bn                 | inp[0]=shape=(4, 384, 5, 5) ptr=20617442822144 size=153600B
[FWD-PRE] #1720 | Mixed_7c.branch3x3_2b.bn                 | weight=shape=(384,) ptr=20616973370368 size=1536B
[FWD-PRE] #1720 | Mixed_7c.branch3x3_2b.bn                 | bias=shape=(384,) ptr=20616973372416 size=1536B
[FWD-PRE] #1720 | Mixed_7c.branch3x3_2b.bn                 | running_mean=shape=(384,) ptr=20616973374464 size=1536B
[FWD-PRE] #1720 | Mixed_7c.branch3x3_2b.bn                 | running_var=shape=(384,) ptr=20616973376512 size=1536B
[FWD-PRE] #1721 | Mixed_7c.branch3x3_2b.bn                 | inp[0]=shape=(4, 384, 5, 5) ptr=20617442822144 size=153600B
[FWD-PRE] #1721 | Mixed_7c.branch3x3_2b.bn                 | weight=shape=(384,) ptr=20616973370368 size=1536B
[FWD-PRE] #1721 | Mixed_7c.branch3x3_2b.bn                 | bias=shape=(384,) ptr=20616973372416 size=1536B
[FWD-PRE] #1721 | Mixed_7c.branch3x3_2b.bn                 | running_mean=shape=(384,) ptr=20616973374464 size=1536B
[FWD-PRE] #1721 | Mixed_7c.branch3x3_2b.bn                 | running_var=shape=(384,) ptr=20616973376512 size=1536B
[FWD-POST] #1722 | Mixed_7c.branch3x3_2b.bn                 | out[0]=shape=(4, 384, 5, 5) ptr=20617444919296 size=153600B
[FWD-POST] #1723 | Mixed_7c.branch3x3_2b.bn                 | out[0]=shape=(4, 384, 5, 5) ptr=20617444919296 size=153600B
[FWD-PRE] #1724 | relu_relu_88                             | inp[0]=shape=(4, 384, 5, 5) ptr=20617444919296 size=153600B
[FWD-PRE] #1725 | relu_relu_88                             | inp[0]=shape=(4, 384, 5, 5) ptr=20617444919296 size=153600B
[FWD-POST] #1726 | relu_relu_88                             | out[0]=shape=(4, 384, 5, 5) ptr=20617445073408 size=153600B
[FWD-POST] #1727 | relu_relu_88                             | out[0]=shape=(4, 384, 5, 5) ptr=20617445073408 size=153600B
[FWD-POST] #1730 | cat_cat_12                               | out[0]=shape=(4, 768, 5, 5) ptr=20617447016448 size=307200B
[FWD-POST] #1731 | cat_cat_12                               | out[0]=shape=(4, 768, 5, 5) ptr=20617447016448 size=307200B
[FWD-PRE] #1732 | Mixed_7c.branch3x3dbl_1.conv             | inp[0]=shape=(4, 2048, 5, 5) ptr=20617454588928 size=819200B
[FWD-PRE] #1732 | Mixed_7c.branch3x3dbl_1.conv             | weight=shape=(448, 2048, 1, 1) ptr=20617009859072 size=3670016B
[FWD-PRE] #1733 | Mixed_7c.branch3x3dbl_1.conv             | inp[0]=shape=(4, 2048, 5, 5) ptr=20617454588928 size=819200B
[FWD-PRE] #1733 | Mixed_7c.branch3x3dbl_1.conv             | weight=shape=(448, 2048, 1, 1) ptr=20617009859072 size=3670016B
[FWD-POST] #1734 | Mixed_7c.branch3x3dbl_1.conv             | out[0]=shape=(4, 448, 5, 5) ptr=20617449113600 size=179200B
[FWD-POST] #1735 | Mixed_7c.branch3x3dbl_1.conv             | out[0]=shape=(4, 448, 5, 5) ptr=20617449113600 size=179200B
[FWD-PRE] #1736 | Mixed_7c.branch3x3dbl_1.bn               | inp[0]=shape=(4, 448, 5, 5) ptr=20617449113600 size=179200B
[FWD-PRE] #1736 | Mixed_7c.branch3x3dbl_1.bn               | weight=shape=(448,) ptr=20616973379072 size=1792B
[FWD-PRE] #1736 | Mixed_7c.branch3x3dbl_1.bn               | bias=shape=(448,) ptr=20616973381120 size=1792B
[FWD-PRE] #1736 | Mixed_7c.branch3x3dbl_1.bn               | running_mean=shape=(448,) ptr=20616973383168 size=1792B
[FWD-PRE] #1736 | Mixed_7c.branch3x3dbl_1.bn               | running_var=shape=(448,) ptr=20616979604992 size=1792B
[FWD-PRE] #1737 | Mixed_7c.branch3x3dbl_1.bn               | inp[0]=shape=(4, 448, 5, 5) ptr=20617449113600 size=179200B
[FWD-PRE] #1737 | Mixed_7c.branch3x3dbl_1.bn               | weight=shape=(448,) ptr=20616973379072 size=1792B
[FWD-PRE] #1737 | Mixed_7c.branch3x3dbl_1.bn               | bias=shape=(448,) ptr=20616973381120 size=1792B
[FWD-PRE] #1737 | Mixed_7c.branch3x3dbl_1.bn               | running_mean=shape=(448,) ptr=20616973383168 size=1792B
[FWD-PRE] #1737 | Mixed_7c.branch3x3dbl_1.bn               | running_var=shape=(448,) ptr=20616979604992 size=1792B
[FWD-POST] #1738 | Mixed_7c.branch3x3dbl_1.bn               | out[0]=shape=(4, 448, 5, 5) ptr=20617451210752 size=179200B
[FWD-POST] #1739 | Mixed_7c.branch3x3dbl_1.bn               | out[0]=shape=(4, 448, 5, 5) ptr=20617451210752 size=179200B
[FWD-PRE] #1740 | relu_relu_89                             | inp[0]=shape=(4, 448, 5, 5) ptr=20617451210752 size=179200B
[FWD-PRE] #1741 | relu_relu_89                             | inp[0]=shape=(4, 448, 5, 5) ptr=20617451210752 size=179200B
[FWD-POST] #1742 | relu_relu_89                             | out[0]=shape=(4, 448, 5, 5) ptr=20617438554112 size=179200B
[FWD-POST] #1743 | relu_relu_89                             | out[0]=shape=(4, 448, 5, 5) ptr=20617438554112 size=179200B
[FWD-PRE] #1744 | Mixed_7c.branch3x3dbl_2.conv             | inp[0]=shape=(4, 448, 5, 5) ptr=20617438554112 size=179200B
[FWD-PRE] #1744 | Mixed_7c.branch3x3dbl_2.conv             | weight=shape=(384, 448, 3, 3) ptr=20617017425920 size=6193152B
[FWD-PRE] #1745 | Mixed_7c.branch3x3dbl_2.conv             | inp[0]=shape=(4, 448, 5, 5) ptr=20617438554112 size=179200B
[FWD-PRE] #1745 | Mixed_7c.branch3x3dbl_2.conv             | weight=shape=(384, 448, 3, 3) ptr=20617017425920 size=6193152B
[FWD-POST] #1746 | Mixed_7c.branch3x3dbl_2.conv             | out[0]=shape=(4, 384, 5, 5) ptr=20617444919296 size=153600B
[FWD-POST] #1747 | Mixed_7c.branch3x3dbl_2.conv             | out[0]=shape=(4, 384, 5, 5) ptr=20617444919296 size=153600B
[FWD-PRE] #1748 | Mixed_7c.branch3x3dbl_2.bn               | inp[0]=shape=(4, 384, 5, 5) ptr=20617444919296 size=153600B
[FWD-PRE] #1748 | Mixed_7c.branch3x3dbl_2.bn               | weight=shape=(384,) ptr=20616979607040 size=1536B
[FWD-PRE] #1748 | Mixed_7c.branch3x3dbl_2.bn               | bias=shape=(384,) ptr=20616979609088 size=1536B
[FWD-PRE] #1748 | Mixed_7c.branch3x3dbl_2.bn               | running_mean=shape=(384,) ptr=20616979611136 size=1536B
[FWD-PRE] #1748 | Mixed_7c.branch3x3dbl_2.bn               | running_var=shape=(384,) ptr=20616979613184 size=1536B
[FWD-PRE] #1749 | Mixed_7c.branch3x3dbl_2.bn               | inp[0]=shape=(4, 384, 5, 5) ptr=20617444919296 size=153600B
[FWD-PRE] #1749 | Mixed_7c.branch3x3dbl_2.bn               | weight=shape=(384,) ptr=20616979607040 size=1536B
[FWD-PRE] #1749 | Mixed_7c.branch3x3dbl_2.bn               | bias=shape=(384,) ptr=20616979609088 size=1536B
[FWD-PRE] #1749 | Mixed_7c.branch3x3dbl_2.bn               | running_mean=shape=(384,) ptr=20616979611136 size=1536B
[FWD-PRE] #1749 | Mixed_7c.branch3x3dbl_2.bn               | running_var=shape=(384,) ptr=20616979613184 size=1536B
[FWD-POST] #1750 | Mixed_7c.branch3x3dbl_2.bn               | out[0]=shape=(4, 384, 5, 5) ptr=20617438733824 size=153600B
[FWD-POST] #1751 | Mixed_7c.branch3x3dbl_2.bn               | out[0]=shape=(4, 384, 5, 5) ptr=20617438733824 size=153600B
[FWD-PRE] #1752 | relu_relu_90                             | inp[0]=shape=(4, 384, 5, 5) ptr=20617438733824 size=153600B
[FWD-PRE] #1753 | relu_relu_90                             | inp[0]=shape=(4, 384, 5, 5) ptr=20617438733824 size=153600B
[FWD-POST] #1754 | relu_relu_90                             | out[0]=shape=(4, 384, 5, 5) ptr=20617451210752 size=153600B
[FWD-POST] #1755 | relu_relu_90                             | out[0]=shape=(4, 384, 5, 5) ptr=20617451210752 size=153600B
[FWD-PRE] #1756 | Mixed_7c.branch3x3dbl_3a.conv            | inp[0]=shape=(4, 384, 5, 5) ptr=20617451210752 size=153600B
[FWD-PRE] #1756 | Mixed_7c.branch3x3dbl_3a.conv            | weight=shape=(384, 384, 1, 3) ptr=20617013529600 size=1769472B
[FWD-PRE] #1757 | Mixed_7c.branch3x3dbl_3a.conv            | inp[0]=shape=(4, 384, 5, 5) ptr=20617451210752 size=153600B
[FWD-PRE] #1757 | Mixed_7c.branch3x3dbl_3a.conv            | weight=shape=(384, 384, 1, 3) ptr=20617013529600 size=1769472B
[FWD-POST] #1758 | Mixed_7c.branch3x3dbl_3a.conv            | out[0]=shape=(4, 384, 5, 5) ptr=20617451364864 size=153600B
[FWD-POST] #1759 | Mixed_7c.branch3x3dbl_3a.conv            | out[0]=shape=(4, 384, 5, 5) ptr=20617451364864 size=153600B
[FWD-PRE] #1760 | Mixed_7c.branch3x3dbl_3a.bn              | inp[0]=shape=(4, 384, 5, 5) ptr=20617451364864 size=153600B
[FWD-PRE] #1760 | Mixed_7c.branch3x3dbl_3a.bn              | weight=shape=(384,) ptr=20616979615744 size=1536B
[FWD-PRE] #1760 | Mixed_7c.branch3x3dbl_3a.bn              | bias=shape=(384,) ptr=20616979617792 size=1536B
[FWD-PRE] #1760 | Mixed_7c.branch3x3dbl_3a.bn              | running_mean=shape=(384,) ptr=20616979619840 size=1536B
[FWD-PRE] #1760 | Mixed_7c.branch3x3dbl_3a.bn              | running_var=shape=(384,) ptr=20616979621888 size=1536B
[FWD-PRE] #1761 | Mixed_7c.branch3x3dbl_3a.bn              | inp[0]=shape=(4, 384, 5, 5) ptr=20617451364864 size=153600B
[FWD-PRE] #1761 | Mixed_7c.branch3x3dbl_3a.bn              | weight=shape=(384,) ptr=20616979615744 size=1536B
[FWD-PRE] #1761 | Mixed_7c.branch3x3dbl_3a.bn              | bias=shape=(384,) ptr=20616979617792 size=1536B
[FWD-PRE] #1761 | Mixed_7c.branch3x3dbl_3a.bn              | running_mean=shape=(384,) ptr=20616979619840 size=1536B
[FWD-PRE] #1761 | Mixed_7c.branch3x3dbl_3a.bn              | running_var=shape=(384,) ptr=20616979621888 size=1536B
[FWD-POST] #1762 | Mixed_7c.branch3x3dbl_3a.bn              | out[0]=shape=(4, 384, 5, 5) ptr=20617438733824 size=153600B
[FWD-POST] #1763 | Mixed_7c.branch3x3dbl_3a.bn              | out[0]=shape=(4, 384, 5, 5) ptr=20617438733824 size=153600B
[FWD-PRE] #1764 | relu_relu_91                             | inp[0]=shape=(4, 384, 5, 5) ptr=20617438733824 size=153600B
[FWD-PRE] #1765 | relu_relu_91                             | inp[0]=shape=(4, 384, 5, 5) ptr=20617438733824 size=153600B
[FWD-POST] #1766 | relu_relu_91                             | out[0]=shape=(4, 384, 5, 5) ptr=20617455730688 size=153600B
[FWD-POST] #1767 | relu_relu_91                             | out[0]=shape=(4, 384, 5, 5) ptr=20617455730688 size=153600B
[FWD-PRE] #1768 | Mixed_7c.branch3x3dbl_3b.conv            | inp[0]=shape=(4, 384, 5, 5) ptr=20617451210752 size=153600B
[FWD-PRE] #1768 | Mixed_7c.branch3x3dbl_3b.conv            | weight=shape=(384, 384, 3, 1) ptr=20617023619584 size=1769472B
[FWD-PRE] #1769 | Mixed_7c.branch3x3dbl_3b.conv            | inp[0]=shape=(4, 384, 5, 5) ptr=20617451210752 size=153600B
[FWD-PRE] #1769 | Mixed_7c.branch3x3dbl_3b.conv            | weight=shape=(384, 384, 3, 1) ptr=20617023619584 size=1769472B
[FWD-POST] #1770 | Mixed_7c.branch3x3dbl_3b.conv            | out[0]=shape=(4, 384, 5, 5) ptr=20617438733824 size=153600B
[FWD-POST] #1771 | Mixed_7c.branch3x3dbl_3b.conv            | out[0]=shape=(4, 384, 5, 5) ptr=20617438733824 size=153600B
[FWD-PRE] #1772 | Mixed_7c.branch3x3dbl_3b.bn              | inp[0]=shape=(4, 384, 5, 5) ptr=20617438733824 size=153600B
[FWD-PRE] #1772 | Mixed_7c.branch3x3dbl_3b.bn              | weight=shape=(384,) ptr=20616979624448 size=1536B
[FWD-PRE] #1772 | Mixed_7c.branch3x3dbl_3b.bn              | bias=shape=(384,) ptr=20616979626496 size=1536B
[FWD-PRE] #1772 | Mixed_7c.branch3x3dbl_3b.bn              | running_mean=shape=(384,) ptr=20616979628544 size=1536B
[FWD-PRE] #1772 | Mixed_7c.branch3x3dbl_3b.bn              | running_var=shape=(384,) ptr=20616979630592 size=1536B
[FWD-PRE] #1773 | Mixed_7c.branch3x3dbl_3b.bn              | inp[0]=shape=(4, 384, 5, 5) ptr=20617438733824 size=153600B
[FWD-PRE] #1773 | Mixed_7c.branch3x3dbl_3b.bn              | weight=shape=(384,) ptr=20616979624448 size=1536B
[FWD-PRE] #1773 | Mixed_7c.branch3x3dbl_3b.bn              | bias=shape=(384,) ptr=20616979626496 size=1536B
[FWD-PRE] #1773 | Mixed_7c.branch3x3dbl_3b.bn              | running_mean=shape=(384,) ptr=20616979628544 size=1536B
[FWD-PRE] #1773 | Mixed_7c.branch3x3dbl_3b.bn              | running_var=shape=(384,) ptr=20616979630592 size=1536B
[FWD-POST] #1774 | Mixed_7c.branch3x3dbl_3b.bn              | out[0]=shape=(4, 384, 5, 5) ptr=20617455884800 size=153600B
[FWD-POST] #1775 | Mixed_7c.branch3x3dbl_3b.bn              | out[0]=shape=(4, 384, 5, 5) ptr=20617455884800 size=153600B
[FWD-PRE] #1776 | relu_relu_92                             | inp[0]=shape=(4, 384, 5, 5) ptr=20617455884800 size=153600B
[FWD-PRE] #1777 | relu_relu_92                             | inp[0]=shape=(4, 384, 5, 5) ptr=20617455884800 size=153600B
[FWD-POST] #1778 | relu_relu_92                             | out[0]=shape=(4, 384, 5, 5) ptr=20617456038912 size=153600B
[FWD-POST] #1779 | relu_relu_92                             | out[0]=shape=(4, 384, 5, 5) ptr=20617456038912 size=153600B
[FWD-POST] #1782 | cat_cat_13                               | out[0]=shape=(4, 768, 5, 5) ptr=20617456193024 size=307200B
[FWD-POST] #1783 | cat_cat_13                               | out[0]=shape=(4, 768, 5, 5) ptr=20617456193024 size=307200B
[FWD-PRE] #1784 | Mixed_7c.branch_pool.conv                | inp[0]=shape=(4, 2048, 5, 5) ptr=20617456500736 size=819200B
[FWD-PRE] #1784 | Mixed_7c.branch_pool.conv                | weight=shape=(192, 2048, 1, 1) ptr=20617025389568 size=1572864B
[FWD-PRE] #1785 | Mixed_7c.branch_pool.conv                | inp[0]=shape=(4, 2048, 5, 5) ptr=20617456500736 size=819200B
[FWD-PRE] #1785 | Mixed_7c.branch_pool.conv                | weight=shape=(192, 2048, 1, 1) ptr=20617025389568 size=1572864B
[FWD-POST] #1786 | Mixed_7c.branch_pool.conv                | out[0]=shape=(4, 192, 5, 5) ptr=20617234281472 size=76800B
[FWD-POST] #1787 | Mixed_7c.branch_pool.conv                | out[0]=shape=(4, 192, 5, 5) ptr=20617234281472 size=76800B
[FWD-PRE] #1788 | Mixed_7c.branch_pool.bn                  | inp[0]=shape=(4, 192, 5, 5) ptr=20617234281472 size=76800B
[FWD-PRE] #1788 | Mixed_7c.branch_pool.bn                  | weight=shape=(192,) ptr=20616979633152 size=768B
[FWD-PRE] #1788 | Mixed_7c.branch_pool.bn                  | bias=shape=(192,) ptr=20616979634176 size=768B
[FWD-PRE] #1788 | Mixed_7c.branch_pool.bn                  | running_mean=shape=(192,) ptr=20616979635200 size=768B
[FWD-PRE] #1788 | Mixed_7c.branch_pool.bn                  | running_var=shape=(192,) ptr=20616979636224 size=768B
[FWD-PRE] #1789 | Mixed_7c.branch_pool.bn                  | inp[0]=shape=(4, 192, 5, 5) ptr=20617234281472 size=76800B
[FWD-PRE] #1789 | Mixed_7c.branch_pool.bn                  | weight=shape=(192,) ptr=20616979633152 size=768B
[FWD-PRE] #1789 | Mixed_7c.branch_pool.bn                  | bias=shape=(192,) ptr=20616979634176 size=768B
[FWD-PRE] #1789 | Mixed_7c.branch_pool.bn                  | running_mean=shape=(192,) ptr=20616979635200 size=768B
[FWD-PRE] #1789 | Mixed_7c.branch_pool.bn                  | running_var=shape=(192,) ptr=20616979636224 size=768B
[FWD-POST] #1790 | Mixed_7c.branch_pool.bn                  | out[0]=shape=(4, 192, 5, 5) ptr=20617256821760 size=76800B
[FWD-POST] #1791 | Mixed_7c.branch_pool.bn                  | out[0]=shape=(4, 192, 5, 5) ptr=20617256821760 size=76800B
[FWD-PRE] #1792 | relu_relu_93                             | inp[0]=shape=(4, 192, 5, 5) ptr=20617256821760 size=76800B
[FWD-PRE] #1793 | relu_relu_93                             | inp[0]=shape=(4, 192, 5, 5) ptr=20617256821760 size=76800B
[FWD-POST] #1794 | relu_relu_93                             | out[0]=shape=(4, 192, 5, 5) ptr=20617017272832 size=76800B
[FWD-POST] #1795 | relu_relu_93                             | out[0]=shape=(4, 192, 5, 5) ptr=20617017272832 size=76800B
[FWD-POST] #1798 | cat_cat_14                               | out[0]=shape=(4, 2048, 5, 5) ptr=20617457827840 size=819200B
[FWD-POST] #1799 | cat_cat_14                               | out[0]=shape=(4, 2048, 5, 5) ptr=20617457827840 size=819200B
[FWD-PRE] #1800 | avgpool                                  | inp[0]=shape=(4, 2048, 5, 5) ptr=20617457827840 size=819200B
[FWD-PRE] #1801 | avgpool                                  | inp[0]=shape=(4, 2048, 5, 5) ptr=20617457827840 size=819200B
[FWD-POST] #1802 | avgpool                                  | out[0]=shape=(4, 2048, 1, 1) ptr=20616981735424 size=32768B
[FWD-POST] #1803 | avgpool                                  | out[0]=shape=(4, 2048, 1, 1) ptr=20616981735424 size=32768B
[FWD-PRE] #1804 | dropout                                  | inp[0]=shape=(4, 2048, 1, 1) ptr=20616981735424 size=32768B
[FWD-PRE] #1805 | dropout                                  | inp[0]=shape=(4, 2048, 1, 1) ptr=20616981735424 size=32768B
[FWD-POST] #1806 | dropout                                  | out[0]=shape=(4, 2048, 1, 1) ptr=20617234358784 size=32768B
[FWD-POST] #1807 | dropout                                  | out[0]=shape=(4, 2048, 1, 1) ptr=20617234358784 size=32768B
[FWD-PRE] #1808 | fc                                       | inp[0]=shape=(4, 2048) ptr=20617234358784 size=32768B
[FWD-PRE] #1808 | fc                                       | weight=shape=(1000, 2048) ptr=20617026962944 size=8192000B
[FWD-PRE] #1808 | fc                                       | bias=shape=(1000,) ptr=20616979637760 size=4000B
[FWD-PRE] #1809 | fc                                       | inp[0]=shape=(4, 2048) ptr=20617234358784 size=32768B
[FWD-PRE] #1809 | fc                                       | weight=shape=(1000, 2048) ptr=20617026962944 size=8192000B
[FWD-PRE] #1809 | fc                                       | bias=shape=(1000,) ptr=20616979637760 size=4000B
[FWD-POST] #1810 | fc                                       | out[0]=shape=(4, 1000) ptr=20617443130368 size=16000B
[FWD-POST] #1811 | fc                                       | out[0]=shape=(4, 1000) ptr=20617443130368 size=16000B
[BWD] #1810 | fc                                       | out[0]_grad_shape=(4, 1000) grad_mean=0.000000
[BWD] #1811 | fc                                       | out[0]_grad_shape=(4, 1000) grad_mean=0.000000
[BWD] #1806 | dropout                                  | out[0]_grad_shape=(4, 2048, 1, 1) grad_mean=0.002208
[BWD] #1807 | dropout                                  | out[0]_grad_shape=(4, 2048, 1, 1) grad_mean=0.002208
[BWD] #1802 | avgpool                                  | out[0]_grad_shape=(4, 2048, 1, 1) grad_mean=0.002719
[BWD] #1803 | avgpool                                  | out[0]_grad_shape=(4, 2048, 1, 1) grad_mean=0.002719
[BWD] #1798 | cat_cat_14                               | out[0]_grad_shape=(4, 2048, 5, 5) grad_mean=0.000109
[BWD] #1799 | cat_cat_14                               | out[0]_grad_shape=(4, 2048, 5, 5) grad_mean=0.000109
[BWD] #1794 | relu_relu_93                             | out[0]_grad_shape=(4, 192, 5, 5) grad_mean=0.000045
[BWD] #1795 | relu_relu_93                             | out[0]_grad_shape=(4, 192, 5, 5) grad_mean=0.000045
[BWD] #1790 | Mixed_7c.branch_pool.bn                  | out[0]_grad_shape=(4, 192, 5, 5) grad_mean=0.000020
[BWD] #1791 | Mixed_7c.branch_pool.bn                  | out[0]_grad_shape=(4, 192, 5, 5) grad_mean=0.000020
[BWD] #1786 | Mixed_7c.branch_pool.conv                | out[0]_grad_shape=(4, 192, 5, 5) grad_mean=-0.000000
[BWD] #1787 | Mixed_7c.branch_pool.conv                | out[0]_grad_shape=(4, 192, 5, 5) grad_mean=-0.000000
[BWD] #1782 | cat_cat_13                               | out[0]_grad_shape=(4, 768, 5, 5) grad_mean=0.000072
[BWD] #1783 | cat_cat_13                               | out[0]_grad_shape=(4, 768, 5, 5) grad_mean=0.000072
[BWD] #1778 | relu_relu_92                             | out[0]_grad_shape=(4, 384, 5, 5) grad_mean=0.000050
[BWD] #1779 | relu_relu_92                             | out[0]_grad_shape=(4, 384, 5, 5) grad_mean=0.000050
[BWD] #1774 | Mixed_7c.branch3x3dbl_3b.bn              | out[0]_grad_shape=(4, 384, 5, 5) grad_mean=0.000026
[BWD] #1775 | Mixed_7c.branch3x3dbl_3b.bn              | out[0]_grad_shape=(4, 384, 5, 5) grad_mean=0.000026
[BWD] #1770 | Mixed_7c.branch3x3dbl_3b.conv            | out[0]_grad_shape=(4, 384, 5, 5) grad_mean=0.000000
[BWD] #1771 | Mixed_7c.branch3x3dbl_3b.conv            | out[0]_grad_shape=(4, 384, 5, 5) grad_mean=0.000000
[BWD] #1766 | relu_relu_91                             | out[0]_grad_shape=(4, 384, 5, 5) grad_mean=0.000094
[BWD] #1767 | relu_relu_91                             | out[0]_grad_shape=(4, 384, 5, 5) grad_mean=0.000094
[BWD] #1762 | Mixed_7c.branch3x3dbl_3a.bn              | out[0]_grad_shape=(4, 384, 5, 5) grad_mean=0.000044
[BWD] #1763 | Mixed_7c.branch3x3dbl_3a.bn              | out[0]_grad_shape=(4, 384, 5, 5) grad_mean=0.000044
[BWD] #1758 | Mixed_7c.branch3x3dbl_3a.conv            | out[0]_grad_shape=(4, 384, 5, 5) grad_mean=0.000000
[BWD] #1759 | Mixed_7c.branch3x3dbl_3a.conv            | out[0]_grad_shape=(4, 384, 5, 5) grad_mean=0.000000
[BWD] #1754 | relu_relu_90                             | out[0]_grad_shape=(4, 384, 5, 5) grad_mean=0.000003
[BWD] #1755 | relu_relu_90                             | out[0]_grad_shape=(4, 384, 5, 5) grad_mean=0.000003
[BWD] #1750 | Mixed_7c.branch3x3dbl_2.bn               | out[0]_grad_shape=(4, 384, 5, 5) grad_mean=-0.000007
[BWD] #1751 | Mixed_7c.branch3x3dbl_2.bn               | out[0]_grad_shape=(4, 384, 5, 5) grad_mean=-0.000007
[BWD] #1746 | Mixed_7c.branch3x3dbl_2.conv             | out[0]_grad_shape=(4, 384, 5, 5) grad_mean=-0.000000
[BWD] #1747 | Mixed_7c.branch3x3dbl_2.conv             | out[0]_grad_shape=(4, 384, 5, 5) grad_mean=-0.000000
[BWD] #1742 | relu_relu_89                             | out[0]_grad_shape=(4, 448, 5, 5) grad_mean=-0.000001
[BWD] #1743 | relu_relu_89                             | out[0]_grad_shape=(4, 448, 5, 5) grad_mean=-0.000001
[BWD] #1738 | Mixed_7c.branch3x3dbl_1.bn               | out[0]_grad_shape=(4, 448, 5, 5) grad_mean=-0.000001
[BWD] #1739 | Mixed_7c.branch3x3dbl_1.bn               | out[0]_grad_shape=(4, 448, 5, 5) grad_mean=-0.000001
[BWD] #1734 | Mixed_7c.branch3x3dbl_1.conv             | out[0]_grad_shape=(4, 448, 5, 5) grad_mean=-0.000000
[BWD] #1735 | Mixed_7c.branch3x3dbl_1.conv             | out[0]_grad_shape=(4, 448, 5, 5) grad_mean=-0.000000
[BWD] #1730 | cat_cat_12                               | out[0]_grad_shape=(4, 768, 5, 5) grad_mean=0.000150
[BWD] #1731 | cat_cat_12                               | out[0]_grad_shape=(4, 768, 5, 5) grad_mean=0.000150
[BWD] #1726 | relu_relu_88                             | out[0]_grad_shape=(4, 384, 5, 5) grad_mean=0.000113
[BWD] #1727 | relu_relu_88                             | out[0]_grad_shape=(4, 384, 5, 5) grad_mean=0.000113
[BWD] #1722 | Mixed_7c.branch3x3_2b.bn                 | out[0]_grad_shape=(4, 384, 5, 5) grad_mean=0.000060
[BWD] #1723 | Mixed_7c.branch3x3_2b.bn                 | out[0]_grad_shape=(4, 384, 5, 5) grad_mean=0.000060
[BWD] #1718 | Mixed_7c.branch3x3_2b.conv               | out[0]_grad_shape=(4, 384, 5, 5) grad_mean=-0.000000
[BWD] #1719 | Mixed_7c.branch3x3_2b.conv               | out[0]_grad_shape=(4, 384, 5, 5) grad_mean=-0.000000
[BWD] #1714 | relu_relu_87                             | out[0]_grad_shape=(4, 384, 5, 5) grad_mean=0.000187
[BWD] #1715 | relu_relu_87                             | out[0]_grad_shape=(4, 384, 5, 5) grad_mean=0.000187
[BWD] #1710 | Mixed_7c.branch3x3_2a.bn                 | out[0]_grad_shape=(4, 384, 5, 5) grad_mean=0.000092
[BWD] #1711 | Mixed_7c.branch3x3_2a.bn                 | out[0]_grad_shape=(4, 384, 5, 5) grad_mean=0.000092
[BWD] #1706 | Mixed_7c.branch3x3_2a.conv               | out[0]_grad_shape=(4, 384, 5, 5) grad_mean=-0.000000
[BWD] #1707 | Mixed_7c.branch3x3_2a.conv               | out[0]_grad_shape=(4, 384, 5, 5) grad_mean=-0.000000
[BWD] #1702 | relu_relu_86                             | out[0]_grad_shape=(4, 384, 5, 5) grad_mean=-0.000002
[BWD] #1703 | relu_relu_86                             | out[0]_grad_shape=(4, 384, 5, 5) grad_mean=-0.000002
[BWD] #1698 | Mixed_7c.branch3x3_1.bn                  | out[0]_grad_shape=(4, 384, 5, 5) grad_mean=-0.000006
[BWD] #1699 | Mixed_7c.branch3x3_1.bn                  | out[0]_grad_shape=(4, 384, 5, 5) grad_mean=-0.000006
[BWD] #1694 | Mixed_7c.branch3x3_1.conv                | out[0]_grad_shape=(4, 384, 5, 5) grad_mean=-0.000000
[BWD] #1695 | Mixed_7c.branch3x3_1.conv                | out[0]_grad_shape=(4, 384, 5, 5) grad_mean=-0.000000
[BWD] #1690 | relu_relu_85                             | out[0]_grad_shape=(4, 320, 5, 5) grad_mean=0.000136
[BWD] #1691 | relu_relu_85                             | out[0]_grad_shape=(4, 320, 5, 5) grad_mean=0.000136
[BWD] #1686 | Mixed_7c.branch1x1.bn                    | out[0]_grad_shape=(4, 320, 5, 5) grad_mean=0.000072
[BWD] #1687 | Mixed_7c.branch1x1.bn                    | out[0]_grad_shape=(4, 320, 5, 5) grad_mean=0.000072
[BWD] #1682 | Mixed_7c.branch1x1.conv                  | out[0]_grad_shape=(4, 320, 5, 5) grad_mean=0.000000
[BWD] #1683 | Mixed_7c.branch1x1.conv                  | out[0]_grad_shape=(4, 320, 5, 5) grad_mean=0.000000
[BWD] #1678 | cat_cat_11                               | out[0]_grad_shape=(4, 2048, 5, 5) grad_mean=0.000000
[BWD] #1679 | cat_cat_11                               | out[0]_grad_shape=(4, 2048, 5, 5) grad_mean=0.000000
[BWD] #1674 | relu_relu_84                             | out[0]_grad_shape=(4, 192, 5, 5) grad_mean=0.000002
[BWD] #1675 | relu_relu_84                             | out[0]_grad_shape=(4, 192, 5, 5) grad_mean=0.000002
[BWD] #1670 | Mixed_7b.branch_pool.bn                  | out[0]_grad_shape=(4, 192, 5, 5) grad_mean=0.000001
[BWD] #1671 | Mixed_7b.branch_pool.bn                  | out[0]_grad_shape=(4, 192, 5, 5) grad_mean=0.000001
[BWD] #1666 | Mixed_7b.branch_pool.conv                | out[0]_grad_shape=(4, 192, 5, 5) grad_mean=0.000000
[BWD] #1667 | Mixed_7b.branch_pool.conv                | out[0]_grad_shape=(4, 192, 5, 5) grad_mean=0.000000
[BWD] #1662 | cat_cat_10                               | out[0]_grad_shape=(4, 768, 5, 5) grad_mean=0.000002
[BWD] #1663 | cat_cat_10                               | out[0]_grad_shape=(4, 768, 5, 5) grad_mean=0.000002
[BWD] #1658 | relu_relu_83                             | out[0]_grad_shape=(4, 384, 5, 5) grad_mean=0.000001
[BWD] #1659 | relu_relu_83                             | out[0]_grad_shape=(4, 384, 5, 5) grad_mean=0.000001
[BWD] #1654 | Mixed_7b.branch3x3dbl_3b.bn              | out[0]_grad_shape=(4, 384, 5, 5) grad_mean=-0.000003
[BWD] #1655 | Mixed_7b.branch3x3dbl_3b.bn              | out[0]_grad_shape=(4, 384, 5, 5) grad_mean=-0.000003
[BWD] #1650 | Mixed_7b.branch3x3dbl_3b.conv            | out[0]_grad_shape=(4, 384, 5, 5) grad_mean=0.000000
[BWD] #1651 | Mixed_7b.branch3x3dbl_3b.conv            | out[0]_grad_shape=(4, 384, 5, 5) grad_mean=0.000000
[BWD] #1646 | relu_relu_82                             | out[0]_grad_shape=(4, 384, 5, 5) grad_mean=0.000002
[BWD] #1647 | relu_relu_82                             | out[0]_grad_shape=(4, 384, 5, 5) grad_mean=0.000002
[BWD] #1642 | Mixed_7b.branch3x3dbl_3a.bn              | out[0]_grad_shape=(4, 384, 5, 5) grad_mean=0.000002
[BWD] #1643 | Mixed_7b.branch3x3dbl_3a.bn              | out[0]_grad_shape=(4, 384, 5, 5) grad_mean=0.000002
[BWD] #1638 | Mixed_7b.branch3x3dbl_3a.conv            | out[0]_grad_shape=(4, 384, 5, 5) grad_mean=-0.000000
[BWD] #1639 | Mixed_7b.branch3x3dbl_3a.conv            | out[0]_grad_shape=(4, 384, 5, 5) grad_mean=-0.000000
[BWD] #1634 | relu_relu_81                             | out[0]_grad_shape=(4, 384, 5, 5) grad_mean=0.000002
[BWD] #1635 | relu_relu_81                             | out[0]_grad_shape=(4, 384, 5, 5) grad_mean=0.000002
[BWD] #1630 | Mixed_7b.branch3x3dbl_2.bn               | out[0]_grad_shape=(4, 384, 5, 5) grad_mean=0.000011
[BWD] #1631 | Mixed_7b.branch3x3dbl_2.bn               | out[0]_grad_shape=(4, 384, 5, 5) grad_mean=0.000011
[BWD] #1626 | Mixed_7b.branch3x3dbl_2.conv             | out[0]_grad_shape=(4, 384, 5, 5) grad_mean=-0.000000
[BWD] #1627 | Mixed_7b.branch3x3dbl_2.conv             | out[0]_grad_shape=(4, 384, 5, 5) grad_mean=-0.000000
[BWD] #1622 | relu_relu_80                             | out[0]_grad_shape=(4, 448, 5, 5) grad_mean=0.000021
[BWD] #1623 | relu_relu_80                             | out[0]_grad_shape=(4, 448, 5, 5) grad_mean=0.000021
[BWD] #1618 | Mixed_7b.branch3x3dbl_1.bn               | out[0]_grad_shape=(4, 448, 5, 5) grad_mean=-0.000003
[BWD] #1619 | Mixed_7b.branch3x3dbl_1.bn               | out[0]_grad_shape=(4, 448, 5, 5) grad_mean=-0.000003
[BWD] #1614 | Mixed_7b.branch3x3dbl_1.conv             | out[0]_grad_shape=(4, 448, 5, 5) grad_mean=0.000000
[BWD] #1615 | Mixed_7b.branch3x3dbl_1.conv             | out[0]_grad_shape=(4, 448, 5, 5) grad_mean=0.000000
[BWD] #1610 | cat_cat_9                                | out[0]_grad_shape=(4, 768, 5, 5) grad_mean=-0.000001
[BWD] #1611 | cat_cat_9                                | out[0]_grad_shape=(4, 768, 5, 5) grad_mean=-0.000001
[BWD] #1606 | relu_relu_79                             | out[0]_grad_shape=(4, 384, 5, 5) grad_mean=-0.000001
[BWD] #1607 | relu_relu_79                             | out[0]_grad_shape=(4, 384, 5, 5) grad_mean=-0.000001
[BWD] #1602 | Mixed_7b.branch3x3_2b.bn                 | out[0]_grad_shape=(4, 384, 5, 5) grad_mean=0.000004
[BWD] #1603 | Mixed_7b.branch3x3_2b.bn                 | out[0]_grad_shape=(4, 384, 5, 5) grad_mean=0.000004
[BWD] #1598 | Mixed_7b.branch3x3_2b.conv               | out[0]_grad_shape=(4, 384, 5, 5) grad_mean=-0.000000
[BWD] #1599 | Mixed_7b.branch3x3_2b.conv               | out[0]_grad_shape=(4, 384, 5, 5) grad_mean=-0.000000
[BWD] #1594 | relu_relu_78                             | out[0]_grad_shape=(4, 384, 5, 5) grad_mean=-0.000000
[BWD] #1595 | relu_relu_78                             | out[0]_grad_shape=(4, 384, 5, 5) grad_mean=-0.000000
[BWD] #1590 | Mixed_7b.branch3x3_2a.bn                 | out[0]_grad_shape=(4, 384, 5, 5) grad_mean=0.000007
[BWD] #1591 | Mixed_7b.branch3x3_2a.bn                 | out[0]_grad_shape=(4, 384, 5, 5) grad_mean=0.000007
[BWD] #1586 | Mixed_7b.branch3x3_2a.conv               | out[0]_grad_shape=(4, 384, 5, 5) grad_mean=0.000000
[BWD] #1587 | Mixed_7b.branch3x3_2a.conv               | out[0]_grad_shape=(4, 384, 5, 5) grad_mean=0.000000
[BWD] #1582 | relu_relu_77                             | out[0]_grad_shape=(4, 384, 5, 5) grad_mean=-0.000010
[BWD] #1583 | relu_relu_77                             | out[0]_grad_shape=(4, 384, 5, 5) grad_mean=-0.000010
[BWD] #1578 | Mixed_7b.branch3x3_1.bn                  | out[0]_grad_shape=(4, 384, 5, 5) grad_mean=-0.000005
[BWD] #1579 | Mixed_7b.branch3x3_1.bn                  | out[0]_grad_shape=(4, 384, 5, 5) grad_mean=-0.000005
[BWD] #1574 | Mixed_7b.branch3x3_1.conv                | out[0]_grad_shape=(4, 384, 5, 5) grad_mean=0.000000
[BWD] #1575 | Mixed_7b.branch3x3_1.conv                | out[0]_grad_shape=(4, 384, 5, 5) grad_mean=0.000000
[BWD] #1570 | relu_relu_76                             | out[0]_grad_shape=(4, 320, 5, 5) grad_mean=-0.000003
[BWD] #1571 | relu_relu_76                             | out[0]_grad_shape=(4, 320, 5, 5) grad_mean=-0.000003
[BWD] #1566 | Mixed_7b.branch1x1.bn                    | out[0]_grad_shape=(4, 320, 5, 5) grad_mean=0.000006
[BWD] #1567 | Mixed_7b.branch1x1.bn                    | out[0]_grad_shape=(4, 320, 5, 5) grad_mean=0.000006
[BWD] #1562 | Mixed_7b.branch1x1.conv                  | out[0]_grad_shape=(4, 320, 5, 5) grad_mean=-0.000000
[BWD] #1563 | Mixed_7b.branch1x1.conv                  | out[0]_grad_shape=(4, 320, 5, 5) grad_mean=-0.000000
[BWD] #1558 | cat_cat_8                                | out[0]_grad_shape=(4, 1280, 5, 5) grad_mean=-0.000001
[BWD] #1559 | cat_cat_8                                | out[0]_grad_shape=(4, 1280, 5, 5) grad_mean=-0.000001
[BWD] #1554 | relu_relu_75                             | out[0]_grad_shape=(4, 192, 5, 5) grad_mean=0.000001
[BWD] #1555 | relu_relu_75                             | out[0]_grad_shape=(4, 192, 5, 5) grad_mean=0.000001
[BWD] #1550 | Mixed_7a.branch7x7x3_4.bn                | out[0]_grad_shape=(4, 192, 5, 5) grad_mean=-0.000007
[BWD] #1551 | Mixed_7a.branch7x7x3_4.bn                | out[0]_grad_shape=(4, 192, 5, 5) grad_mean=-0.000007
[BWD] #1546 | Mixed_7a.branch7x7x3_4.conv              | out[0]_grad_shape=(4, 192, 5, 5) grad_mean=-0.000000
[BWD] #1547 | Mixed_7a.branch7x7x3_4.conv              | out[0]_grad_shape=(4, 192, 5, 5) grad_mean=-0.000000
[BWD] #1542 | relu_relu_74                             | out[0]_grad_shape=(4, 192, 12, 12) grad_mean=0.000000
[BWD] #1543 | relu_relu_74                             | out[0]_grad_shape=(4, 192, 12, 12) grad_mean=0.000000
[BWD] #1538 | Mixed_7a.branch7x7x3_3.bn                | out[0]_grad_shape=(4, 192, 12, 12) grad_mean=0.000001
[BWD] #1539 | Mixed_7a.branch7x7x3_3.bn                | out[0]_grad_shape=(4, 192, 12, 12) grad_mean=0.000001
[BWD] #1534 | Mixed_7a.branch7x7x3_3.conv              | out[0]_grad_shape=(4, 192, 12, 12) grad_mean=0.000000
[BWD] #1535 | Mixed_7a.branch7x7x3_3.conv              | out[0]_grad_shape=(4, 192, 12, 12) grad_mean=0.000000
[BWD] #1530 | relu_relu_73                             | out[0]_grad_shape=(4, 192, 12, 12) grad_mean=0.000001
[BWD] #1531 | relu_relu_73                             | out[0]_grad_shape=(4, 192, 12, 12) grad_mean=0.000001
[BWD] #1526 | Mixed_7a.branch7x7x3_2.bn                | out[0]_grad_shape=(4, 192, 12, 12) grad_mean=-0.000000
[BWD] #1527 | Mixed_7a.branch7x7x3_2.bn                | out[0]_grad_shape=(4, 192, 12, 12) grad_mean=-0.000000
[BWD] #1522 | Mixed_7a.branch7x7x3_2.conv              | out[0]_grad_shape=(4, 192, 12, 12) grad_mean=-0.000000
[BWD] #1523 | Mixed_7a.branch7x7x3_2.conv              | out[0]_grad_shape=(4, 192, 12, 12) grad_mean=-0.000000
[BWD] #1518 | relu_relu_72                             | out[0]_grad_shape=(4, 192, 12, 12) grad_mean=-0.000000
[BWD] #1519 | relu_relu_72                             | out[0]_grad_shape=(4, 192, 12, 12) grad_mean=-0.000000
[BWD] #1514 | Mixed_7a.branch7x7x3_1.bn                | out[0]_grad_shape=(4, 192, 12, 12) grad_mean=-0.000004
[BWD] #1515 | Mixed_7a.branch7x7x3_1.bn                | out[0]_grad_shape=(4, 192, 12, 12) grad_mean=-0.000004
[BWD] #1510 | Mixed_7a.branch7x7x3_1.conv              | out[0]_grad_shape=(4, 192, 12, 12) grad_mean=0.000000
[BWD] #1511 | Mixed_7a.branch7x7x3_1.conv              | out[0]_grad_shape=(4, 192, 12, 12) grad_mean=0.000000
[BWD] #1506 | relu_relu_71                             | out[0]_grad_shape=(4, 320, 5, 5) grad_mean=0.000003
[BWD] #1507 | relu_relu_71                             | out[0]_grad_shape=(4, 320, 5, 5) grad_mean=0.000003
[BWD] #1502 | Mixed_7a.branch3x3_2.bn                  | out[0]_grad_shape=(4, 320, 5, 5) grad_mean=-0.000007
[BWD] #1503 | Mixed_7a.branch3x3_2.bn                  | out[0]_grad_shape=(4, 320, 5, 5) grad_mean=-0.000007
[BWD] #1498 | Mixed_7a.branch3x3_2.conv                | out[0]_grad_shape=(4, 320, 5, 5) grad_mean=0.000000
[BWD] #1499 | Mixed_7a.branch3x3_2.conv                | out[0]_grad_shape=(4, 320, 5, 5) grad_mean=0.000000
[BWD] #1494 | relu_relu_70                             | out[0]_grad_shape=(4, 192, 12, 12) grad_mean=0.000000
[BWD] #1495 | relu_relu_70                             | out[0]_grad_shape=(4, 192, 12, 12) grad_mean=0.000000
[BWD] #1490 | Mixed_7a.branch3x3_1.bn                  | out[0]_grad_shape=(4, 192, 12, 12) grad_mean=0.000004
[BWD] #1491 | Mixed_7a.branch3x3_1.bn                  | out[0]_grad_shape=(4, 192, 12, 12) grad_mean=0.000004
[BWD] #1486 | Mixed_7a.branch3x3_1.conv                | out[0]_grad_shape=(4, 192, 12, 12) grad_mean=0.000000
[BWD] #1487 | Mixed_7a.branch3x3_1.conv                | out[0]_grad_shape=(4, 192, 12, 12) grad_mean=0.000000
[BWD] #1482 | cat_cat_7                                | out[0]_grad_shape=(4, 768, 12, 12) grad_mean=-0.000000
[BWD] #1483 | cat_cat_7                                | out[0]_grad_shape=(4, 768, 12, 12) grad_mean=-0.000000
[BWD] #1478 | relu_relu_69                             | out[0]_grad_shape=(4, 192, 12, 12) grad_mean=-0.000001
[BWD] #1479 | relu_relu_69                             | out[0]_grad_shape=(4, 192, 12, 12) grad_mean=-0.000001
[BWD] #1474 | Mixed_6e.branch_pool.bn                  | out[0]_grad_shape=(4, 192, 12, 12) grad_mean=-0.000001
[BWD] #1475 | Mixed_6e.branch_pool.bn                  | out[0]_grad_shape=(4, 192, 12, 12) grad_mean=-0.000001
[BWD] #1470 | Mixed_6e.branch_pool.conv                | out[0]_grad_shape=(4, 192, 12, 12) grad_mean=0.000000
[BWD] #1471 | Mixed_6e.branch_pool.conv                | out[0]_grad_shape=(4, 192, 12, 12) grad_mean=0.000000
[BWD] #1466 | relu_relu_68                             | out[0]_grad_shape=(4, 192, 12, 12) grad_mean=-0.000000
[BWD] #1467 | relu_relu_68                             | out[0]_grad_shape=(4, 192, 12, 12) grad_mean=-0.000000
[BWD] #1462 | Mixed_6e.branch7x7dbl_5.bn               | out[0]_grad_shape=(4, 192, 12, 12) grad_mean=0.000000
[BWD] #1463 | Mixed_6e.branch7x7dbl_5.bn               | out[0]_grad_shape=(4, 192, 12, 12) grad_mean=0.000000
[BWD] #1458 | Mixed_6e.branch7x7dbl_5.conv             | out[0]_grad_shape=(4, 192, 12, 12) grad_mean=-0.000000
[BWD] #1459 | Mixed_6e.branch7x7dbl_5.conv             | out[0]_grad_shape=(4, 192, 12, 12) grad_mean=-0.000000
[BWD] #1454 | relu_relu_67                             | out[0]_grad_shape=(4, 192, 12, 12) grad_mean=0.000002
[BWD] #1455 | relu_relu_67                             | out[0]_grad_shape=(4, 192, 12, 12) grad_mean=0.000002
[BWD] #1450 | Mixed_6e.branch7x7dbl_4.bn               | out[0]_grad_shape=(4, 192, 12, 12) grad_mean=0.000002
[BWD] #1451 | Mixed_6e.branch7x7dbl_4.bn               | out[0]_grad_shape=(4, 192, 12, 12) grad_mean=0.000002
[BWD] #1446 | Mixed_6e.branch7x7dbl_4.conv             | out[0]_grad_shape=(4, 192, 12, 12) grad_mean=-0.000000
[BWD] #1447 | Mixed_6e.branch7x7dbl_4.conv             | out[0]_grad_shape=(4, 192, 12, 12) grad_mean=-0.000000
[BWD] #1442 | relu_relu_66                             | out[0]_grad_shape=(4, 192, 12, 12) grad_mean=-0.000002
[BWD] #1443 | relu_relu_66                             | out[0]_grad_shape=(4, 192, 12, 12) grad_mean=-0.000002
[BWD] #1438 | Mixed_6e.branch7x7dbl_3.bn               | out[0]_grad_shape=(4, 192, 12, 12) grad_mean=-0.000004
[BWD] #1439 | Mixed_6e.branch7x7dbl_3.bn               | out[0]_grad_shape=(4, 192, 12, 12) grad_mean=-0.000004
[BWD] #1434 | Mixed_6e.branch7x7dbl_3.conv             | out[0]_grad_shape=(4, 192, 12, 12) grad_mean=0.000000
[BWD] #1435 | Mixed_6e.branch7x7dbl_3.conv             | out[0]_grad_shape=(4, 192, 12, 12) grad_mean=0.000000
[BWD] #1430 | relu_relu_65                             | out[0]_grad_shape=(4, 192, 12, 12) grad_mean=0.000009
[BWD] #1431 | relu_relu_65                             | out[0]_grad_shape=(4, 192, 12, 12) grad_mean=0.000009
[BWD] #1426 | Mixed_6e.branch7x7dbl_2.bn               | out[0]_grad_shape=(4, 192, 12, 12) grad_mean=-0.000006
[BWD] #1427 | Mixed_6e.branch7x7dbl_2.bn               | out[0]_grad_shape=(4, 192, 12, 12) grad_mean=-0.000006
[BWD] #1422 | Mixed_6e.branch7x7dbl_2.conv             | out[0]_grad_shape=(4, 192, 12, 12) grad_mean=-0.000000
[BWD] #1423 | Mixed_6e.branch7x7dbl_2.conv             | out[0]_grad_shape=(4, 192, 12, 12) grad_mean=-0.000000
[BWD] #1418 | relu_relu_64                             | out[0]_grad_shape=(4, 192, 12, 12) grad_mean=-0.000008
[BWD] #1419 | relu_relu_64                             | out[0]_grad_shape=(4, 192, 12, 12) grad_mean=-0.000008
[BWD] #1414 | Mixed_6e.branch7x7dbl_1.bn               | out[0]_grad_shape=(4, 192, 12, 12) grad_mean=-0.000009
[BWD] #1415 | Mixed_6e.branch7x7dbl_1.bn               | out[0]_grad_shape=(4, 192, 12, 12) grad_mean=-0.000009
[BWD] #1410 | Mixed_6e.branch7x7dbl_1.conv             | out[0]_grad_shape=(4, 192, 12, 12) grad_mean=-0.000000
[BWD] #1411 | Mixed_6e.branch7x7dbl_1.conv             | out[0]_grad_shape=(4, 192, 12, 12) grad_mean=-0.000000
[BWD] #1406 | relu_relu_63                             | out[0]_grad_shape=(4, 192, 12, 12) grad_mean=-0.000000
[BWD] #1407 | relu_relu_63                             | out[0]_grad_shape=(4, 192, 12, 12) grad_mean=-0.000000
[BWD] #1402 | Mixed_6e.branch7x7_3.bn                  | out[0]_grad_shape=(4, 192, 12, 12) grad_mean=-0.000003
[BWD] #1403 | Mixed_6e.branch7x7_3.bn                  | out[0]_grad_shape=(4, 192, 12, 12) grad_mean=-0.000003
[BWD] #1398 | Mixed_6e.branch7x7_3.conv                | out[0]_grad_shape=(4, 192, 12, 12) grad_mean=0.000000
[BWD] #1399 | Mixed_6e.branch7x7_3.conv                | out[0]_grad_shape=(4, 192, 12, 12) grad_mean=0.000000
[BWD] #1394 | relu_relu_62                             | out[0]_grad_shape=(4, 192, 12, 12) grad_mean=0.000001
[BWD] #1395 | relu_relu_62                             | out[0]_grad_shape=(4, 192, 12, 12) grad_mean=0.000001
[BWD] #1390 | Mixed_6e.branch7x7_2.bn                  | out[0]_grad_shape=(4, 192, 12, 12) grad_mean=-0.000002
[BWD] #1391 | Mixed_6e.branch7x7_2.bn                  | out[0]_grad_shape=(4, 192, 12, 12) grad_mean=-0.000002
[BWD] #1386 | Mixed_6e.branch7x7_2.conv                | out[0]_grad_shape=(4, 192, 12, 12) grad_mean=-0.000000
[BWD] #1387 | Mixed_6e.branch7x7_2.conv                | out[0]_grad_shape=(4, 192, 12, 12) grad_mean=-0.000000
[BWD] #1382 | relu_relu_61                             | out[0]_grad_shape=(4, 192, 12, 12) grad_mean=-0.000003
[BWD] #1383 | relu_relu_61                             | out[0]_grad_shape=(4, 192, 12, 12) grad_mean=-0.000003
[BWD] #1378 | Mixed_6e.branch7x7_1.bn                  | out[0]_grad_shape=(4, 192, 12, 12) grad_mean=0.000008
[BWD] #1379 | Mixed_6e.branch7x7_1.bn                  | out[0]_grad_shape=(4, 192, 12, 12) grad_mean=0.000008
[BWD] #1374 | Mixed_6e.branch7x7_1.conv                | out[0]_grad_shape=(4, 192, 12, 12) grad_mean=-0.000000
[BWD] #1375 | Mixed_6e.branch7x7_1.conv                | out[0]_grad_shape=(4, 192, 12, 12) grad_mean=-0.000000
[BWD] #1370 | relu_relu_60                             | out[0]_grad_shape=(4, 192, 12, 12) grad_mean=-0.000001
[BWD] #1371 | relu_relu_60                             | out[0]_grad_shape=(4, 192, 12, 12) grad_mean=-0.000001
[BWD] #1366 | Mixed_6e.branch1x1.bn                    | out[0]_grad_shape=(4, 192, 12, 12) grad_mean=-0.000000
[BWD] #1367 | Mixed_6e.branch1x1.bn                    | out[0]_grad_shape=(4, 192, 12, 12) grad_mean=-0.000000
[BWD] #1362 | Mixed_6e.branch1x1.conv                  | out[0]_grad_shape=(4, 192, 12, 12) grad_mean=-0.000000
[BWD] #1363 | Mixed_6e.branch1x1.conv                  | out[0]_grad_shape=(4, 192, 12, 12) grad_mean=-0.000000
[BWD] #1358 | cat_cat_6                                | out[0]_grad_shape=(4, 768, 12, 12) grad_mean=0.000000
[BWD] #1359 | cat_cat_6                                | out[0]_grad_shape=(4, 768, 12, 12) grad_mean=0.000000
[BWD] #1354 | relu_relu_59                             | out[0]_grad_shape=(4, 192, 12, 12) grad_mean=0.000001
[BWD] #1355 | relu_relu_59                             | out[0]_grad_shape=(4, 192, 12, 12) grad_mean=0.000001
[BWD] #1350 | Mixed_6d.branch_pool.bn                  | out[0]_grad_shape=(4, 192, 12, 12) grad_mean=0.000005
[BWD] #1351 | Mixed_6d.branch_pool.bn                  | out[0]_grad_shape=(4, 192, 12, 12) grad_mean=0.000005
[BWD] #1346 | Mixed_6d.branch_pool.conv                | out[0]_grad_shape=(4, 192, 12, 12) grad_mean=-0.000000
[BWD] #1347 | Mixed_6d.branch_pool.conv                | out[0]_grad_shape=(4, 192, 12, 12) grad_mean=-0.000000
[BWD] #1342 | relu_relu_58                             | out[0]_grad_shape=(4, 192, 12, 12) grad_mean=-0.000002
[BWD] #1343 | relu_relu_58                             | out[0]_grad_shape=(4, 192, 12, 12) grad_mean=-0.000002
[BWD] #1338 | Mixed_6d.branch7x7dbl_5.bn               | out[0]_grad_shape=(4, 192, 12, 12) grad_mean=0.000001
[BWD] #1339 | Mixed_6d.branch7x7dbl_5.bn               | out[0]_grad_shape=(4, 192, 12, 12) grad_mean=0.000001
[BWD] #1334 | Mixed_6d.branch7x7dbl_5.conv             | out[0]_grad_shape=(4, 192, 12, 12) grad_mean=-0.000000
[BWD] #1335 | Mixed_6d.branch7x7dbl_5.conv             | out[0]_grad_shape=(4, 192, 12, 12) grad_mean=-0.000000
[BWD] #1330 | relu_relu_57                             | out[0]_grad_shape=(4, 160, 12, 12) grad_mean=0.000001
[BWD] #1331 | relu_relu_57                             | out[0]_grad_shape=(4, 160, 12, 12) grad_mean=0.000001
[BWD] #1326 | Mixed_6d.branch7x7dbl_4.bn               | out[0]_grad_shape=(4, 160, 12, 12) grad_mean=-0.000005
[BWD] #1327 | Mixed_6d.branch7x7dbl_4.bn               | out[0]_grad_shape=(4, 160, 12, 12) grad_mean=-0.000005
[BWD] #1322 | Mixed_6d.branch7x7dbl_4.conv             | out[0]_grad_shape=(4, 160, 12, 12) grad_mean=0.000000
[BWD] #1323 | Mixed_6d.branch7x7dbl_4.conv             | out[0]_grad_shape=(4, 160, 12, 12) grad_mean=0.000000
[BWD] #1318 | relu_relu_56                             | out[0]_grad_shape=(4, 160, 12, 12) grad_mean=-0.000003
[BWD] #1319 | relu_relu_56                             | out[0]_grad_shape=(4, 160, 12, 12) grad_mean=-0.000003
[BWD] #1314 | Mixed_6d.branch7x7dbl_3.bn               | out[0]_grad_shape=(4, 160, 12, 12) grad_mean=0.000011
[BWD] #1315 | Mixed_6d.branch7x7dbl_3.bn               | out[0]_grad_shape=(4, 160, 12, 12) grad_mean=0.000011
[BWD] #1310 | Mixed_6d.branch7x7dbl_3.conv             | out[0]_grad_shape=(4, 160, 12, 12) grad_mean=0.000000
[BWD] #1311 | Mixed_6d.branch7x7dbl_3.conv             | out[0]_grad_shape=(4, 160, 12, 12) grad_mean=0.000000
[BWD] #1306 | relu_relu_55                             | out[0]_grad_shape=(4, 160, 12, 12) grad_mean=0.000011
[BWD] #1307 | relu_relu_55                             | out[0]_grad_shape=(4, 160, 12, 12) grad_mean=0.000011
[BWD] #1302 | Mixed_6d.branch7x7dbl_2.bn               | out[0]_grad_shape=(4, 160, 12, 12) grad_mean=0.000035
[BWD] #1303 | Mixed_6d.branch7x7dbl_2.bn               | out[0]_grad_shape=(4, 160, 12, 12) grad_mean=0.000035
[BWD] #1298 | Mixed_6d.branch7x7dbl_2.conv             | out[0]_grad_shape=(4, 160, 12, 12) grad_mean=0.000000
[BWD] #1299 | Mixed_6d.branch7x7dbl_2.conv             | out[0]_grad_shape=(4, 160, 12, 12) grad_mean=0.000000
[BWD] #1294 | relu_relu_54                             | out[0]_grad_shape=(4, 160, 12, 12) grad_mean=-0.000008
[BWD] #1295 | relu_relu_54                             | out[0]_grad_shape=(4, 160, 12, 12) grad_mean=-0.000008
[BWD] #1290 | Mixed_6d.branch7x7dbl_1.bn               | out[0]_grad_shape=(4, 160, 12, 12) grad_mean=0.000005
[BWD] #1291 | Mixed_6d.branch7x7dbl_1.bn               | out[0]_grad_shape=(4, 160, 12, 12) grad_mean=0.000005
[BWD] #1286 | Mixed_6d.branch7x7dbl_1.conv             | out[0]_grad_shape=(4, 160, 12, 12) grad_mean=0.000000
[BWD] #1287 | Mixed_6d.branch7x7dbl_1.conv             | out[0]_grad_shape=(4, 160, 12, 12) grad_mean=0.000000
[BWD] #1282 | relu_relu_53                             | out[0]_grad_shape=(4, 192, 12, 12) grad_mean=0.000002
[BWD] #1283 | relu_relu_53                             | out[0]_grad_shape=(4, 192, 12, 12) grad_mean=0.000002
[BWD] #1278 | Mixed_6d.branch7x7_3.bn                  | out[0]_grad_shape=(4, 192, 12, 12) grad_mean=-0.000000
[BWD] #1279 | Mixed_6d.branch7x7_3.bn                  | out[0]_grad_shape=(4, 192, 12, 12) grad_mean=-0.000000
[BWD] #1274 | Mixed_6d.branch7x7_3.conv                | out[0]_grad_shape=(4, 192, 12, 12) grad_mean=-0.000000
[BWD] #1275 | Mixed_6d.branch7x7_3.conv                | out[0]_grad_shape=(4, 192, 12, 12) grad_mean=-0.000000
[BWD] #1270 | relu_relu_52                             | out[0]_grad_shape=(4, 160, 12, 12) grad_mean=-0.000002
[BWD] #1271 | relu_relu_52                             | out[0]_grad_shape=(4, 160, 12, 12) grad_mean=-0.000002
[BWD] #1266 | Mixed_6d.branch7x7_2.bn                  | out[0]_grad_shape=(4, 160, 12, 12) grad_mean=-0.000009
[BWD] #1267 | Mixed_6d.branch7x7_2.bn                  | out[0]_grad_shape=(4, 160, 12, 12) grad_mean=-0.000009
[BWD] #1262 | Mixed_6d.branch7x7_2.conv                | out[0]_grad_shape=(4, 160, 12, 12) grad_mean=-0.000000
[BWD] #1263 | Mixed_6d.branch7x7_2.conv                | out[0]_grad_shape=(4, 160, 12, 12) grad_mean=-0.000000
[BWD] #1258 | relu_relu_51                             | out[0]_grad_shape=(4, 160, 12, 12) grad_mean=0.000008
[BWD] #1259 | relu_relu_51                             | out[0]_grad_shape=(4, 160, 12, 12) grad_mean=0.000008
[BWD] #1254 | Mixed_6d.branch7x7_1.bn                  | out[0]_grad_shape=(4, 160, 12, 12) grad_mean=-0.000018
[BWD] #1255 | Mixed_6d.branch7x7_1.bn                  | out[0]_grad_shape=(4, 160, 12, 12) grad_mean=-0.000018
[BWD] #1250 | Mixed_6d.branch7x7_1.conv                | out[0]_grad_shape=(4, 160, 12, 12) grad_mean=0.000000
[BWD] #1251 | Mixed_6d.branch7x7_1.conv                | out[0]_grad_shape=(4, 160, 12, 12) grad_mean=0.000000
[BWD] #1246 | relu_relu_50                             | out[0]_grad_shape=(4, 192, 12, 12) grad_mean=-0.000001
[BWD] #1247 | relu_relu_50                             | out[0]_grad_shape=(4, 192, 12, 12) grad_mean=-0.000001
[BWD] #1242 | Mixed_6d.branch1x1.bn                    | out[0]_grad_shape=(4, 192, 12, 12) grad_mean=-0.000007
[BWD] #1243 | Mixed_6d.branch1x1.bn                    | out[0]_grad_shape=(4, 192, 12, 12) grad_mean=-0.000007
[BWD] #1238 | Mixed_6d.branch1x1.conv                  | out[0]_grad_shape=(4, 192, 12, 12) grad_mean=0.000000
[BWD] #1239 | Mixed_6d.branch1x1.conv                  | out[0]_grad_shape=(4, 192, 12, 12) grad_mean=0.000000
[BWD] #1234 | cat_cat_5                                | out[0]_grad_shape=(4, 768, 12, 12) grad_mean=-0.000001
[BWD] #1235 | cat_cat_5                                | out[0]_grad_shape=(4, 768, 12, 12) grad_mean=-0.000001
[BWD] #1230 | relu_relu_49                             | out[0]_grad_shape=(4, 192, 12, 12) grad_mean=0.000003
[BWD] #1231 | relu_relu_49                             | out[0]_grad_shape=(4, 192, 12, 12) grad_mean=0.000003
[BWD] #1226 | Mixed_6c.branch_pool.bn                  | out[0]_grad_shape=(4, 192, 12, 12) grad_mean=0.000014
[BWD] #1227 | Mixed_6c.branch_pool.bn                  | out[0]_grad_shape=(4, 192, 12, 12) grad_mean=0.000014
[BWD] #1222 | Mixed_6c.branch_pool.conv                | out[0]_grad_shape=(4, 192, 12, 12) grad_mean=0.000000
[BWD] #1223 | Mixed_6c.branch_pool.conv                | out[0]_grad_shape=(4, 192, 12, 12) grad_mean=0.000000
[BWD] #1218 | relu_relu_48                             | out[0]_grad_shape=(4, 192, 12, 12) grad_mean=-0.000005
[BWD] #1219 | relu_relu_48                             | out[0]_grad_shape=(4, 192, 12, 12) grad_mean=-0.000005
[BWD] #1214 | Mixed_6c.branch7x7dbl_5.bn               | out[0]_grad_shape=(4, 192, 12, 12) grad_mean=0.000005
[BWD] #1215 | Mixed_6c.branch7x7dbl_5.bn               | out[0]_grad_shape=(4, 192, 12, 12) grad_mean=0.000005
[BWD] #1210 | Mixed_6c.branch7x7dbl_5.conv             | out[0]_grad_shape=(4, 192, 12, 12) grad_mean=0.000000
[BWD] #1211 | Mixed_6c.branch7x7dbl_5.conv             | out[0]_grad_shape=(4, 192, 12, 12) grad_mean=0.000000
[BWD] #1206 | relu_relu_47                             | out[0]_grad_shape=(4, 160, 12, 12) grad_mean=0.000003
[BWD] #1207 | relu_relu_47                             | out[0]_grad_shape=(4, 160, 12, 12) grad_mean=0.000003
[BWD] #1202 | Mixed_6c.branch7x7dbl_4.bn               | out[0]_grad_shape=(4, 160, 12, 12) grad_mean=0.000001
[BWD] #1203 | Mixed_6c.branch7x7dbl_4.bn               | out[0]_grad_shape=(4, 160, 12, 12) grad_mean=0.000001
[BWD] #1198 | Mixed_6c.branch7x7dbl_4.conv             | out[0]_grad_shape=(4, 160, 12, 12) grad_mean=-0.000000
[BWD] #1199 | Mixed_6c.branch7x7dbl_4.conv             | out[0]_grad_shape=(4, 160, 12, 12) grad_mean=-0.000000
[BWD] #1194 | relu_relu_46                             | out[0]_grad_shape=(4, 160, 12, 12) grad_mean=0.000014
[BWD] #1195 | relu_relu_46                             | out[0]_grad_shape=(4, 160, 12, 12) grad_mean=0.000014
[BWD] #1190 | Mixed_6c.branch7x7dbl_3.bn               | out[0]_grad_shape=(4, 160, 12, 12) grad_mean=-0.000009
[BWD] #1191 | Mixed_6c.branch7x7dbl_3.bn               | out[0]_grad_shape=(4, 160, 12, 12) grad_mean=-0.000009
[BWD] #1186 | Mixed_6c.branch7x7dbl_3.conv             | out[0]_grad_shape=(4, 160, 12, 12) grad_mean=0.000000
[BWD] #1187 | Mixed_6c.branch7x7dbl_3.conv             | out[0]_grad_shape=(4, 160, 12, 12) grad_mean=0.000000
[BWD] #1182 | relu_relu_45                             | out[0]_grad_shape=(4, 160, 12, 12) grad_mean=-0.000020
[BWD] #1183 | relu_relu_45                             | out[0]_grad_shape=(4, 160, 12, 12) grad_mean=-0.000020
[BWD] #1178 | Mixed_6c.branch7x7dbl_2.bn               | out[0]_grad_shape=(4, 160, 12, 12) grad_mean=-0.000020
[BWD] #1179 | Mixed_6c.branch7x7dbl_2.bn               | out[0]_grad_shape=(4, 160, 12, 12) grad_mean=-0.000020
[BWD] #1174 | Mixed_6c.branch7x7dbl_2.conv             | out[0]_grad_shape=(4, 160, 12, 12) grad_mean=-0.000000
[BWD] #1175 | Mixed_6c.branch7x7dbl_2.conv             | out[0]_grad_shape=(4, 160, 12, 12) grad_mean=-0.000000
[BWD] #1170 | relu_relu_44                             | out[0]_grad_shape=(4, 160, 12, 12) grad_mean=0.000003
[BWD] #1171 | relu_relu_44                             | out[0]_grad_shape=(4, 160, 12, 12) grad_mean=0.000003
[BWD] #1166 | Mixed_6c.branch7x7dbl_1.bn               | out[0]_grad_shape=(4, 160, 12, 12) grad_mean=-0.000029
[BWD] #1167 | Mixed_6c.branch7x7dbl_1.bn               | out[0]_grad_shape=(4, 160, 12, 12) grad_mean=-0.000029
[BWD] #1162 | Mixed_6c.branch7x7dbl_1.conv             | out[0]_grad_shape=(4, 160, 12, 12) grad_mean=-0.000000
[BWD] #1163 | Mixed_6c.branch7x7dbl_1.conv             | out[0]_grad_shape=(4, 160, 12, 12) grad_mean=-0.000000
[BWD] #1158 | relu_relu_43                             | out[0]_grad_shape=(4, 192, 12, 12) grad_mean=-0.000002
[BWD] #1159 | relu_relu_43                             | out[0]_grad_shape=(4, 192, 12, 12) grad_mean=-0.000002
[BWD] #1154 | Mixed_6c.branch7x7_3.bn                  | out[0]_grad_shape=(4, 192, 12, 12) grad_mean=0.000004
[BWD] #1155 | Mixed_6c.branch7x7_3.bn                  | out[0]_grad_shape=(4, 192, 12, 12) grad_mean=0.000004
[BWD] #1150 | Mixed_6c.branch7x7_3.conv                | out[0]_grad_shape=(4, 192, 12, 12) grad_mean=0.000000
[BWD] #1151 | Mixed_6c.branch7x7_3.conv                | out[0]_grad_shape=(4, 192, 12, 12) grad_mean=0.000000
[BWD] #1146 | relu_relu_42                             | out[0]_grad_shape=(4, 160, 12, 12) grad_mean=0.000006
[BWD] #1147 | relu_relu_42                             | out[0]_grad_shape=(4, 160, 12, 12) grad_mean=0.000006
[BWD] #1142 | Mixed_6c.branch7x7_2.bn                  | out[0]_grad_shape=(4, 160, 12, 12) grad_mean=-0.000009
[BWD] #1143 | Mixed_6c.branch7x7_2.bn                  | out[0]_grad_shape=(4, 160, 12, 12) grad_mean=-0.000009
[BWD] #1138 | Mixed_6c.branch7x7_2.conv                | out[0]_grad_shape=(4, 160, 12, 12) grad_mean=-0.000000
[BWD] #1139 | Mixed_6c.branch7x7_2.conv                | out[0]_grad_shape=(4, 160, 12, 12) grad_mean=-0.000000
[BWD] #1134 | relu_relu_41                             | out[0]_grad_shape=(4, 160, 12, 12) grad_mean=-0.000003
[BWD] #1135 | relu_relu_41                             | out[0]_grad_shape=(4, 160, 12, 12) grad_mean=-0.000003
[BWD] #1130 | Mixed_6c.branch7x7_1.bn                  | out[0]_grad_shape=(4, 160, 12, 12) grad_mean=0.000003
[BWD] #1131 | Mixed_6c.branch7x7_1.bn                  | out[0]_grad_shape=(4, 160, 12, 12) grad_mean=0.000003
[BWD] #1126 | Mixed_6c.branch7x7_1.conv                | out[0]_grad_shape=(4, 160, 12, 12) grad_mean=-0.000000
[BWD] #1127 | Mixed_6c.branch7x7_1.conv                | out[0]_grad_shape=(4, 160, 12, 12) grad_mean=-0.000000
[BWD] #1122 | relu_relu_40                             | out[0]_grad_shape=(4, 192, 12, 12) grad_mean=-0.000002
[BWD] #1123 | relu_relu_40                             | out[0]_grad_shape=(4, 192, 12, 12) grad_mean=-0.000002
[BWD] #1118 | Mixed_6c.branch1x1.bn                    | out[0]_grad_shape=(4, 192, 12, 12) grad_mean=-0.000004
[BWD] #1119 | Mixed_6c.branch1x1.bn                    | out[0]_grad_shape=(4, 192, 12, 12) grad_mean=-0.000004
[BWD] #1114 | Mixed_6c.branch1x1.conv                  | out[0]_grad_shape=(4, 192, 12, 12) grad_mean=0.000000
[BWD] #1115 | Mixed_6c.branch1x1.conv                  | out[0]_grad_shape=(4, 192, 12, 12) grad_mean=0.000000
[BWD] #1110 | cat_cat_4                                | out[0]_grad_shape=(4, 768, 12, 12) grad_mean=-0.000003
[BWD] #1111 | cat_cat_4                                | out[0]_grad_shape=(4, 768, 12, 12) grad_mean=-0.000003
[BWD] #1106 | relu_relu_39                             | out[0]_grad_shape=(4, 192, 12, 12) grad_mean=-0.000005
[BWD] #1107 | relu_relu_39                             | out[0]_grad_shape=(4, 192, 12, 12) grad_mean=-0.000005
[BWD] #1102 | Mixed_6b.branch_pool.bn                  | out[0]_grad_shape=(4, 192, 12, 12) grad_mean=0.000008
[BWD] #1103 | Mixed_6b.branch_pool.bn                  | out[0]_grad_shape=(4, 192, 12, 12) grad_mean=0.000008
[BWD] #1098 | Mixed_6b.branch_pool.conv                | out[0]_grad_shape=(4, 192, 12, 12) grad_mean=0.000000
[BWD] #1099 | Mixed_6b.branch_pool.conv                | out[0]_grad_shape=(4, 192, 12, 12) grad_mean=0.000000
[BWD] #1094 | relu_relu_38                             | out[0]_grad_shape=(4, 192, 12, 12) grad_mean=-0.000001
[BWD] #1095 | relu_relu_38                             | out[0]_grad_shape=(4, 192, 12, 12) grad_mean=-0.000001
[BWD] #1090 | Mixed_6b.branch7x7dbl_5.bn               | out[0]_grad_shape=(4, 192, 12, 12) grad_mean=-0.000067
[BWD] #1091 | Mixed_6b.branch7x7dbl_5.bn               | out[0]_grad_shape=(4, 192, 12, 12) grad_mean=-0.000067
[BWD] #1086 | Mixed_6b.branch7x7dbl_5.conv             | out[0]_grad_shape=(4, 192, 12, 12) grad_mean=-0.000000
[BWD] #1087 | Mixed_6b.branch7x7dbl_5.conv             | out[0]_grad_shape=(4, 192, 12, 12) grad_mean=-0.000000
[BWD] #1082 | relu_relu_37                             | out[0]_grad_shape=(4, 128, 12, 12) grad_mean=0.000010
[BWD] #1083 | relu_relu_37                             | out[0]_grad_shape=(4, 128, 12, 12) grad_mean=0.000010
[BWD] #1078 | Mixed_6b.branch7x7dbl_4.bn               | out[0]_grad_shape=(4, 128, 12, 12) grad_mean=-0.000028
[BWD] #1079 | Mixed_6b.branch7x7dbl_4.bn               | out[0]_grad_shape=(4, 128, 12, 12) grad_mean=-0.000028
[BWD] #1074 | Mixed_6b.branch7x7dbl_4.conv             | out[0]_grad_shape=(4, 128, 12, 12) grad_mean=-0.000000
[BWD] #1075 | Mixed_6b.branch7x7dbl_4.conv             | out[0]_grad_shape=(4, 128, 12, 12) grad_mean=-0.000000
[BWD] #1070 | relu_relu_36                             | out[0]_grad_shape=(4, 128, 12, 12) grad_mean=0.000065
[BWD] #1071 | relu_relu_36                             | out[0]_grad_shape=(4, 128, 12, 12) grad_mean=0.000065
[BWD] #1066 | Mixed_6b.branch7x7dbl_3.bn               | out[0]_grad_shape=(4, 128, 12, 12) grad_mean=0.000020
[BWD] #1067 | Mixed_6b.branch7x7dbl_3.bn               | out[0]_grad_shape=(4, 128, 12, 12) grad_mean=0.000020
[BWD] #1062 | Mixed_6b.branch7x7dbl_3.conv             | out[0]_grad_shape=(4, 128, 12, 12) grad_mean=0.000000
[BWD] #1063 | Mixed_6b.branch7x7dbl_3.conv             | out[0]_grad_shape=(4, 128, 12, 12) grad_mean=0.000000
[BWD] #1058 | relu_relu_35                             | out[0]_grad_shape=(4, 128, 12, 12) grad_mean=-0.000055
[BWD] #1059 | relu_relu_35                             | out[0]_grad_shape=(4, 128, 12, 12) grad_mean=-0.000055
[BWD] #1054 | Mixed_6b.branch7x7dbl_2.bn               | out[0]_grad_shape=(4, 128, 12, 12) grad_mean=0.000016
[BWD] #1055 | Mixed_6b.branch7x7dbl_2.bn               | out[0]_grad_shape=(4, 128, 12, 12) grad_mean=0.000016
[BWD] #1050 | Mixed_6b.branch7x7dbl_2.conv             | out[0]_grad_shape=(4, 128, 12, 12) grad_mean=-0.000000
[BWD] #1051 | Mixed_6b.branch7x7dbl_2.conv             | out[0]_grad_shape=(4, 128, 12, 12) grad_mean=-0.000000
[BWD] #1046 | relu_relu_34                             | out[0]_grad_shape=(4, 128, 12, 12) grad_mean=0.000057
[BWD] #1047 | relu_relu_34                             | out[0]_grad_shape=(4, 128, 12, 12) grad_mean=0.000057
[BWD] #1042 | Mixed_6b.branch7x7dbl_1.bn               | out[0]_grad_shape=(4, 128, 12, 12) grad_mean=0.000002
[BWD] #1043 | Mixed_6b.branch7x7dbl_1.bn               | out[0]_grad_shape=(4, 128, 12, 12) grad_mean=0.000002
[BWD] #1038 | Mixed_6b.branch7x7dbl_1.conv             | out[0]_grad_shape=(4, 128, 12, 12) grad_mean=-0.000000
[BWD] #1039 | Mixed_6b.branch7x7dbl_1.conv             | out[0]_grad_shape=(4, 128, 12, 12) grad_mean=-0.000000
[BWD] #1034 | relu_relu_33                             | out[0]_grad_shape=(4, 192, 12, 12) grad_mean=-0.000004
[BWD] #1035 | relu_relu_33                             | out[0]_grad_shape=(4, 192, 12, 12) grad_mean=-0.000004
[BWD] #1030 | Mixed_6b.branch7x7_3.bn                  | out[0]_grad_shape=(4, 192, 12, 12) grad_mean=0.000018
[BWD] #1031 | Mixed_6b.branch7x7_3.bn                  | out[0]_grad_shape=(4, 192, 12, 12) grad_mean=0.000018
[BWD] #1026 | Mixed_6b.branch7x7_3.conv                | out[0]_grad_shape=(4, 192, 12, 12) grad_mean=0.000000
[BWD] #1027 | Mixed_6b.branch7x7_3.conv                | out[0]_grad_shape=(4, 192, 12, 12) grad_mean=0.000000
[BWD] #1022 | relu_relu_32                             | out[0]_grad_shape=(4, 128, 12, 12) grad_mean=0.000003
[BWD] #1023 | relu_relu_32                             | out[0]_grad_shape=(4, 128, 12, 12) grad_mean=0.000003
[BWD] #1018 | Mixed_6b.branch7x7_2.bn                  | out[0]_grad_shape=(4, 128, 12, 12) grad_mean=0.000004
[BWD] #1019 | Mixed_6b.branch7x7_2.bn                  | out[0]_grad_shape=(4, 128, 12, 12) grad_mean=0.000004
[BWD] #1014 | Mixed_6b.branch7x7_2.conv                | out[0]_grad_shape=(4, 128, 12, 12) grad_mean=-0.000000
[BWD] #1015 | Mixed_6b.branch7x7_2.conv                | out[0]_grad_shape=(4, 128, 12, 12) grad_mean=-0.000000
[BWD] #1010 | relu_relu_31                             | out[0]_grad_shape=(4, 128, 12, 12) grad_mean=-0.000050
[BWD] #1011 | relu_relu_31                             | out[0]_grad_shape=(4, 128, 12, 12) grad_mean=-0.000050
[BWD] #1006 | Mixed_6b.branch7x7_1.bn                  | out[0]_grad_shape=(4, 128, 12, 12) grad_mean=-0.000018
[BWD] #1007 | Mixed_6b.branch7x7_1.bn                  | out[0]_grad_shape=(4, 128, 12, 12) grad_mean=-0.000018
[BWD] #1002 | Mixed_6b.branch7x7_1.conv                | out[0]_grad_shape=(4, 128, 12, 12) grad_mean=0.000000
[BWD] #1003 | Mixed_6b.branch7x7_1.conv                | out[0]_grad_shape=(4, 128, 12, 12) grad_mean=0.000000
[BWD] #998 | relu_relu_30                             | out[0]_grad_shape=(4, 192, 12, 12) grad_mean=-0.000002
[BWD] #999 | relu_relu_30                             | out[0]_grad_shape=(4, 192, 12, 12) grad_mean=-0.000002
[BWD] #994 | Mixed_6b.branch1x1.bn                    | out[0]_grad_shape=(4, 192, 12, 12) grad_mean=0.000026
[BWD] #995 | Mixed_6b.branch1x1.bn                    | out[0]_grad_shape=(4, 192, 12, 12) grad_mean=0.000026
[BWD] #990 | Mixed_6b.branch1x1.conv                  | out[0]_grad_shape=(4, 192, 12, 12) grad_mean=-0.000000
[BWD] #991 | Mixed_6b.branch1x1.conv                  | out[0]_grad_shape=(4, 192, 12, 12) grad_mean=-0.000000
[BWD] #986 | cat_cat_3                                | out[0]_grad_shape=(4, 768, 12, 12) grad_mean=0.000007
[BWD] #987 | cat_cat_3                                | out[0]_grad_shape=(4, 768, 12, 12) grad_mean=0.000007
[BWD] #982 | relu_relu_29                             | out[0]_grad_shape=(4, 96, 12, 12) grad_mean=0.000011
[BWD] #983 | relu_relu_29                             | out[0]_grad_shape=(4, 96, 12, 12) grad_mean=0.000011
[BWD] #978 | Mixed_6a.branch3x3dbl_3.bn               | out[0]_grad_shape=(4, 96, 12, 12) grad_mean=-0.000034
[BWD] #979 | Mixed_6a.branch3x3dbl_3.bn               | out[0]_grad_shape=(4, 96, 12, 12) grad_mean=-0.000034
[BWD] #974 | Mixed_6a.branch3x3dbl_3.conv             | out[0]_grad_shape=(4, 96, 12, 12) grad_mean=-0.000000
[BWD] #975 | Mixed_6a.branch3x3dbl_3.conv             | out[0]_grad_shape=(4, 96, 12, 12) grad_mean=-0.000000
[BWD] #970 | relu_relu_28                             | out[0]_grad_shape=(4, 96, 25, 25) grad_mean=0.000000
[BWD] #971 | relu_relu_28                             | out[0]_grad_shape=(4, 96, 25, 25) grad_mean=0.000000
[BWD] #966 | Mixed_6a.branch3x3dbl_2.bn               | out[0]_grad_shape=(4, 96, 25, 25) grad_mean=-0.000002
[BWD] #967 | Mixed_6a.branch3x3dbl_2.bn               | out[0]_grad_shape=(4, 96, 25, 25) grad_mean=-0.000002
[BWD] #962 | Mixed_6a.branch3x3dbl_2.conv             | out[0]_grad_shape=(4, 96, 25, 25) grad_mean=0.000000
[BWD] #963 | Mixed_6a.branch3x3dbl_2.conv             | out[0]_grad_shape=(4, 96, 25, 25) grad_mean=0.000000
[BWD] #958 | relu_relu_27                             | out[0]_grad_shape=(4, 64, 25, 25) grad_mean=-0.000003
[BWD] #959 | relu_relu_27                             | out[0]_grad_shape=(4, 64, 25, 25) grad_mean=-0.000003
[BWD] #954 | Mixed_6a.branch3x3dbl_1.bn               | out[0]_grad_shape=(4, 64, 25, 25) grad_mean=-0.000005
[BWD] #955 | Mixed_6a.branch3x3dbl_1.bn               | out[0]_grad_shape=(4, 64, 25, 25) grad_mean=-0.000005
[BWD] #950 | Mixed_6a.branch3x3dbl_1.conv             | out[0]_grad_shape=(4, 64, 25, 25) grad_mean=-0.000000
[BWD] #951 | Mixed_6a.branch3x3dbl_1.conv             | out[0]_grad_shape=(4, 64, 25, 25) grad_mean=-0.000000
[BWD] #946 | relu_relu_26                             | out[0]_grad_shape=(4, 384, 12, 12) grad_mean=0.000008
[BWD] #947 | relu_relu_26                             | out[0]_grad_shape=(4, 384, 12, 12) grad_mean=0.000008
[BWD] #942 | Mixed_6a.branch3x3.bn                    | out[0]_grad_shape=(4, 384, 12, 12) grad_mean=0.000002
[BWD] #943 | Mixed_6a.branch3x3.bn                    | out[0]_grad_shape=(4, 384, 12, 12) grad_mean=0.000002
[BWD] #938 | Mixed_6a.branch3x3.conv                  | out[0]_grad_shape=(4, 384, 12, 12) grad_mean=-0.000000
[BWD] #939 | Mixed_6a.branch3x3.conv                  | out[0]_grad_shape=(4, 384, 12, 12) grad_mean=-0.000000
[BWD] #934 | cat_cat_2                                | out[0]_grad_shape=(4, 288, 25, 25) grad_mean=0.000001
[BWD] #935 | cat_cat_2                                | out[0]_grad_shape=(4, 288, 25, 25) grad_mean=0.000001
[BWD] #930 | relu_relu_25                             | out[0]_grad_shape=(4, 64, 25, 25) grad_mean=0.000000
[BWD] #931 | relu_relu_25                             | out[0]_grad_shape=(4, 64, 25, 25) grad_mean=0.000000
[BWD] #926 | Mixed_5d.branch_pool.bn                  | out[0]_grad_shape=(4, 64, 25, 25) grad_mean=-0.000024
[BWD] #927 | Mixed_5d.branch_pool.bn                  | out[0]_grad_shape=(4, 64, 25, 25) grad_mean=-0.000024
[BWD] #922 | Mixed_5d.branch_pool.conv                | out[0]_grad_shape=(4, 64, 25, 25) grad_mean=0.000000
[BWD] #923 | Mixed_5d.branch_pool.conv                | out[0]_grad_shape=(4, 64, 25, 25) grad_mean=0.000000
[BWD] #918 | relu_relu_24                             | out[0]_grad_shape=(4, 96, 25, 25) grad_mean=0.000002
[BWD] #919 | relu_relu_24                             | out[0]_grad_shape=(4, 96, 25, 25) grad_mean=0.000002
[BWD] #914 | Mixed_5d.branch3x3dbl_3.bn               | out[0]_grad_shape=(4, 96, 25, 25) grad_mean=0.000018
[BWD] #915 | Mixed_5d.branch3x3dbl_3.bn               | out[0]_grad_shape=(4, 96, 25, 25) grad_mean=0.000018
[BWD] #910 | Mixed_5d.branch3x3dbl_3.conv             | out[0]_grad_shape=(4, 96, 25, 25) grad_mean=0.000000
[BWD] #911 | Mixed_5d.branch3x3dbl_3.conv             | out[0]_grad_shape=(4, 96, 25, 25) grad_mean=0.000000
[BWD] #906 | relu_relu_23                             | out[0]_grad_shape=(4, 96, 25, 25) grad_mean=0.000004
[BWD] #907 | relu_relu_23                             | out[0]_grad_shape=(4, 96, 25, 25) grad_mean=0.000004
[BWD] #902 | Mixed_5d.branch3x3dbl_2.bn               | out[0]_grad_shape=(4, 96, 25, 25) grad_mean=-0.000027
[BWD] #903 | Mixed_5d.branch3x3dbl_2.bn               | out[0]_grad_shape=(4, 96, 25, 25) grad_mean=-0.000027
[BWD] #898 | Mixed_5d.branch3x3dbl_2.conv             | out[0]_grad_shape=(4, 96, 25, 25) grad_mean=0.000000
[BWD] #899 | Mixed_5d.branch3x3dbl_2.conv             | out[0]_grad_shape=(4, 96, 25, 25) grad_mean=0.000000
[BWD] #894 | relu_relu_22                             | out[0]_grad_shape=(4, 64, 25, 25) grad_mean=0.000008
[BWD] #895 | relu_relu_22                             | out[0]_grad_shape=(4, 64, 25, 25) grad_mean=0.000008
[BWD] #890 | Mixed_5d.branch3x3dbl_1.bn               | out[0]_grad_shape=(4, 64, 25, 25) grad_mean=0.000011
[BWD] #891 | Mixed_5d.branch3x3dbl_1.bn               | out[0]_grad_shape=(4, 64, 25, 25) grad_mean=0.000011
[BWD] #886 | Mixed_5d.branch3x3dbl_1.conv             | out[0]_grad_shape=(4, 64, 25, 25) grad_mean=-0.000000
[BWD] #887 | Mixed_5d.branch3x3dbl_1.conv             | out[0]_grad_shape=(4, 64, 25, 25) grad_mean=-0.000000
[BWD] #882 | relu_relu_21                             | out[0]_grad_shape=(4, 64, 25, 25) grad_mean=-0.000001
[BWD] #883 | relu_relu_21                             | out[0]_grad_shape=(4, 64, 25, 25) grad_mean=-0.000001
[BWD] #878 | Mixed_5d.branch5x5_2.bn                  | out[0]_grad_shape=(4, 64, 25, 25) grad_mean=0.000010
[BWD] #879 | Mixed_5d.branch5x5_2.bn                  | out[0]_grad_shape=(4, 64, 25, 25) grad_mean=0.000010
[BWD] #874 | Mixed_5d.branch5x5_2.conv                | out[0]_grad_shape=(4, 64, 25, 25) grad_mean=0.000000
[BWD] #875 | Mixed_5d.branch5x5_2.conv                | out[0]_grad_shape=(4, 64, 25, 25) grad_mean=0.000000
[BWD] #870 | relu_relu_20                             | out[0]_grad_shape=(4, 48, 25, 25) grad_mean=-0.000013
[BWD] #871 | relu_relu_20                             | out[0]_grad_shape=(4, 48, 25, 25) grad_mean=-0.000013
[BWD] #866 | Mixed_5d.branch5x5_1.bn                  | out[0]_grad_shape=(4, 48, 25, 25) grad_mean=-0.000002
[BWD] #867 | Mixed_5d.branch5x5_1.bn                  | out[0]_grad_shape=(4, 48, 25, 25) grad_mean=-0.000002
[BWD] #862 | Mixed_5d.branch5x5_1.conv                | out[0]_grad_shape=(4, 48, 25, 25) grad_mean=-0.000000
[BWD] #863 | Mixed_5d.branch5x5_1.conv                | out[0]_grad_shape=(4, 48, 25, 25) grad_mean=-0.000000
[BWD] #858 | relu_relu_19                             | out[0]_grad_shape=(4, 64, 25, 25) grad_mean=0.000001
[BWD] #859 | relu_relu_19                             | out[0]_grad_shape=(4, 64, 25, 25) grad_mean=0.000001
[BWD] #854 | Mixed_5d.branch1x1.bn                    | out[0]_grad_shape=(4, 64, 25, 25) grad_mean=-0.000005
[BWD] #855 | Mixed_5d.branch1x1.bn                    | out[0]_grad_shape=(4, 64, 25, 25) grad_mean=-0.000005
[BWD] #850 | Mixed_5d.branch1x1.conv                  | out[0]_grad_shape=(4, 64, 25, 25) grad_mean=-0.000000
[BWD] #851 | Mixed_5d.branch1x1.conv                  | out[0]_grad_shape=(4, 64, 25, 25) grad_mean=-0.000000
[BWD] #846 | cat_cat_1                                | out[0]_grad_shape=(4, 288, 25, 25) grad_mean=-0.000004
[BWD] #847 | cat_cat_1                                | out[0]_grad_shape=(4, 288, 25, 25) grad_mean=-0.000004
[BWD] #842 | relu_relu_18                             | out[0]_grad_shape=(4, 64, 25, 25) grad_mean=-0.000007
[BWD] #843 | relu_relu_18                             | out[0]_grad_shape=(4, 64, 25, 25) grad_mean=-0.000007
[BWD] #838 | Mixed_5c.branch_pool.bn                  | out[0]_grad_shape=(4, 64, 25, 25) grad_mean=-0.000003
[BWD] #839 | Mixed_5c.branch_pool.bn                  | out[0]_grad_shape=(4, 64, 25, 25) grad_mean=-0.000003
[BWD] #834 | Mixed_5c.branch_pool.conv                | out[0]_grad_shape=(4, 64, 25, 25) grad_mean=0.000000
[BWD] #835 | Mixed_5c.branch_pool.conv                | out[0]_grad_shape=(4, 64, 25, 25) grad_mean=0.000000
[BWD] #830 | relu_relu_17                             | out[0]_grad_shape=(4, 96, 25, 25) grad_mean=-0.000005
[BWD] #831 | relu_relu_17                             | out[0]_grad_shape=(4, 96, 25, 25) grad_mean=-0.000005
[BWD] #826 | Mixed_5c.branch3x3dbl_3.bn               | out[0]_grad_shape=(4, 96, 25, 25) grad_mean=-0.000016
[BWD] #827 | Mixed_5c.branch3x3dbl_3.bn               | out[0]_grad_shape=(4, 96, 25, 25) grad_mean=-0.000016
[BWD] #822 | Mixed_5c.branch3x3dbl_3.conv             | out[0]_grad_shape=(4, 96, 25, 25) grad_mean=-0.000000
[BWD] #823 | Mixed_5c.branch3x3dbl_3.conv             | out[0]_grad_shape=(4, 96, 25, 25) grad_mean=-0.000000
[BWD] #818 | relu_relu_16                             | out[0]_grad_shape=(4, 96, 25, 25) grad_mean=-0.000013
[BWD] #819 | relu_relu_16                             | out[0]_grad_shape=(4, 96, 25, 25) grad_mean=-0.000013
[BWD] #814 | Mixed_5c.branch3x3dbl_2.bn               | out[0]_grad_shape=(4, 96, 25, 25) grad_mean=-0.000030
[BWD] #815 | Mixed_5c.branch3x3dbl_2.bn               | out[0]_grad_shape=(4, 96, 25, 25) grad_mean=-0.000030
[BWD] #810 | Mixed_5c.branch3x3dbl_2.conv             | out[0]_grad_shape=(4, 96, 25, 25) grad_mean=-0.000000
[BWD] #811 | Mixed_5c.branch3x3dbl_2.conv             | out[0]_grad_shape=(4, 96, 25, 25) grad_mean=-0.000000
[BWD] #806 | relu_relu_15                             | out[0]_grad_shape=(4, 64, 25, 25) grad_mean=-0.000038
[BWD] #807 | relu_relu_15                             | out[0]_grad_shape=(4, 64, 25, 25) grad_mean=-0.000038
[BWD] #802 | Mixed_5c.branch3x3dbl_1.bn               | out[0]_grad_shape=(4, 64, 25, 25) grad_mean=0.000008
[BWD] #803 | Mixed_5c.branch3x3dbl_1.bn               | out[0]_grad_shape=(4, 64, 25, 25) grad_mean=0.000008
[BWD] #798 | Mixed_5c.branch3x3dbl_1.conv             | out[0]_grad_shape=(4, 64, 25, 25) grad_mean=0.000000
[BWD] #799 | Mixed_5c.branch3x3dbl_1.conv             | out[0]_grad_shape=(4, 64, 25, 25) grad_mean=0.000000
[BWD] #794 | relu_relu_14                             | out[0]_grad_shape=(4, 64, 25, 25) grad_mean=-0.000003
[BWD] #795 | relu_relu_14                             | out[0]_grad_shape=(4, 64, 25, 25) grad_mean=-0.000003
[BWD] #790 | Mixed_5c.branch5x5_2.bn                  | out[0]_grad_shape=(4, 64, 25, 25) grad_mean=0.000018
[BWD] #791 | Mixed_5c.branch5x5_2.bn                  | out[0]_grad_shape=(4, 64, 25, 25) grad_mean=0.000018
[BWD] #786 | Mixed_5c.branch5x5_2.conv                | out[0]_grad_shape=(4, 64, 25, 25) grad_mean=0.000000
[BWD] #787 | Mixed_5c.branch5x5_2.conv                | out[0]_grad_shape=(4, 64, 25, 25) grad_mean=0.000000
[BWD] #782 | relu_relu_13                             | out[0]_grad_shape=(4, 48, 25, 25) grad_mean=-0.000004
[BWD] #783 | relu_relu_13                             | out[0]_grad_shape=(4, 48, 25, 25) grad_mean=-0.000004
[BWD] #778 | Mixed_5c.branch5x5_1.bn                  | out[0]_grad_shape=(4, 48, 25, 25) grad_mean=0.000030
[BWD] #779 | Mixed_5c.branch5x5_1.bn                  | out[0]_grad_shape=(4, 48, 25, 25) grad_mean=0.000030
[BWD] #774 | Mixed_5c.branch5x5_1.conv                | out[0]_grad_shape=(4, 48, 25, 25) grad_mean=-0.000000
[BWD] #775 | Mixed_5c.branch5x5_1.conv                | out[0]_grad_shape=(4, 48, 25, 25) grad_mean=-0.000000
[BWD] #770 | relu_relu_12                             | out[0]_grad_shape=(4, 64, 25, 25) grad_mean=-0.000003
[BWD] #771 | relu_relu_12                             | out[0]_grad_shape=(4, 64, 25, 25) grad_mean=-0.000003
[BWD] #766 | Mixed_5c.branch1x1.bn                    | out[0]_grad_shape=(4, 64, 25, 25) grad_mean=-0.000035
[BWD] #767 | Mixed_5c.branch1x1.bn                    | out[0]_grad_shape=(4, 64, 25, 25) grad_mean=-0.000035
[BWD] #762 | Mixed_5c.branch1x1.conv                  | out[0]_grad_shape=(4, 64, 25, 25) grad_mean=0.000000
[BWD] #763 | Mixed_5c.branch1x1.conv                  | out[0]_grad_shape=(4, 64, 25, 25) grad_mean=0.000000
[BWD] #758 | cat_cat                                  | out[0]_grad_shape=(4, 256, 25, 25) grad_mean=0.000005
[BWD] #759 | cat_cat                                  | out[0]_grad_shape=(4, 256, 25, 25) grad_mean=0.000005
[BWD] #754 | relu_relu_11                             | out[0]_grad_shape=(4, 32, 25, 25) grad_mean=-0.000006
[BWD] #755 | relu_relu_11                             | out[0]_grad_shape=(4, 32, 25, 25) grad_mean=-0.000006
[BWD] #750 | Mixed_5b.branch_pool.bn                  | out[0]_grad_shape=(4, 32, 25, 25) grad_mean=0.000008
[BWD] #751 | Mixed_5b.branch_pool.bn                  | out[0]_grad_shape=(4, 32, 25, 25) grad_mean=0.000008
[BWD] #746 | Mixed_5b.branch_pool.conv                | out[0]_grad_shape=(4, 32, 25, 25) grad_mean=-0.000000
[BWD] #747 | Mixed_5b.branch_pool.conv                | out[0]_grad_shape=(4, 32, 25, 25) grad_mean=-0.000000
[BWD] #742 | relu_relu_10                             | out[0]_grad_shape=(4, 96, 25, 25) grad_mean=0.000005
[BWD] #743 | relu_relu_10                             | out[0]_grad_shape=(4, 96, 25, 25) grad_mean=0.000005
[BWD] #738 | Mixed_5b.branch3x3dbl_3.bn               | out[0]_grad_shape=(4, 96, 25, 25) grad_mean=0.000008
[BWD] #739 | Mixed_5b.branch3x3dbl_3.bn               | out[0]_grad_shape=(4, 96, 25, 25) grad_mean=0.000008
[BWD] #734 | Mixed_5b.branch3x3dbl_3.conv             | out[0]_grad_shape=(4, 96, 25, 25) grad_mean=0.000000
[BWD] #735 | Mixed_5b.branch3x3dbl_3.conv             | out[0]_grad_shape=(4, 96, 25, 25) grad_mean=0.000000
[BWD] #730 | relu_relu_9                              | out[0]_grad_shape=(4, 96, 25, 25) grad_mean=-0.000010
[BWD] #731 | relu_relu_9                              | out[0]_grad_shape=(4, 96, 25, 25) grad_mean=-0.000010
[BWD] #726 | Mixed_5b.branch3x3dbl_2.bn               | out[0]_grad_shape=(4, 96, 25, 25) grad_mean=0.000026
[BWD] #727 | Mixed_5b.branch3x3dbl_2.bn               | out[0]_grad_shape=(4, 96, 25, 25) grad_mean=0.000026
[BWD] #722 | Mixed_5b.branch3x3dbl_2.conv             | out[0]_grad_shape=(4, 96, 25, 25) grad_mean=0.000000
[BWD] #723 | Mixed_5b.branch3x3dbl_2.conv             | out[0]_grad_shape=(4, 96, 25, 25) grad_mean=0.000000
[BWD] #718 | relu_relu_8                              | out[0]_grad_shape=(4, 64, 25, 25) grad_mean=-0.000013
[BWD] #719 | relu_relu_8                              | out[0]_grad_shape=(4, 64, 25, 25) grad_mean=-0.000013
[BWD] #714 | Mixed_5b.branch3x3dbl_1.bn               | out[0]_grad_shape=(4, 64, 25, 25) grad_mean=0.000003
[BWD] #715 | Mixed_5b.branch3x3dbl_1.bn               | out[0]_grad_shape=(4, 64, 25, 25) grad_mean=0.000003
[BWD] #710 | Mixed_5b.branch3x3dbl_1.conv             | out[0]_grad_shape=(4, 64, 25, 25) grad_mean=0.000000
[BWD] #711 | Mixed_5b.branch3x3dbl_1.conv             | out[0]_grad_shape=(4, 64, 25, 25) grad_mean=0.000000
[BWD] #706 | relu_relu_7                              | out[0]_grad_shape=(4, 64, 25, 25) grad_mean=0.000011
[BWD] #707 | relu_relu_7                              | out[0]_grad_shape=(4, 64, 25, 25) grad_mean=0.000011
[BWD] #702 | Mixed_5b.branch5x5_2.bn                  | out[0]_grad_shape=(4, 64, 25, 25) grad_mean=0.000010
[BWD] #703 | Mixed_5b.branch5x5_2.bn                  | out[0]_grad_shape=(4, 64, 25, 25) grad_mean=0.000010
[BWD] #698 | Mixed_5b.branch5x5_2.conv                | out[0]_grad_shape=(4, 64, 25, 25) grad_mean=-0.000000
[BWD] #699 | Mixed_5b.branch5x5_2.conv                | out[0]_grad_shape=(4, 64, 25, 25) grad_mean=-0.000000
[BWD] #694 | relu_relu_6                              | out[0]_grad_shape=(4, 48, 25, 25) grad_mean=-0.000062
[BWD] #695 | relu_relu_6                              | out[0]_grad_shape=(4, 48, 25, 25) grad_mean=-0.000062
[BWD] #690 | Mixed_5b.branch5x5_1.bn                  | out[0]_grad_shape=(4, 48, 25, 25) grad_mean=0.000015
[BWD] #691 | Mixed_5b.branch5x5_1.bn                  | out[0]_grad_shape=(4, 48, 25, 25) grad_mean=0.000015
[BWD] #686 | Mixed_5b.branch5x5_1.conv                | out[0]_grad_shape=(4, 48, 25, 25) grad_mean=0.000000
[BWD] #687 | Mixed_5b.branch5x5_1.conv                | out[0]_grad_shape=(4, 48, 25, 25) grad_mean=0.000000
[BWD] #682 | relu_relu_5                              | out[0]_grad_shape=(4, 64, 25, 25) grad_mean=0.000005
[BWD] #683 | relu_relu_5                              | out[0]_grad_shape=(4, 64, 25, 25) grad_mean=0.000005
[BWD] #678 | Mixed_5b.branch1x1.bn                    | out[0]_grad_shape=(4, 64, 25, 25) grad_mean=-0.000021
[BWD] #679 | Mixed_5b.branch1x1.bn                    | out[0]_grad_shape=(4, 64, 25, 25) grad_mean=-0.000021
[BWD] #674 | Mixed_5b.branch1x1.conv                  | out[0]_grad_shape=(4, 64, 25, 25) grad_mean=-0.000000
[BWD] #675 | Mixed_5b.branch1x1.conv                  | out[0]_grad_shape=(4, 64, 25, 25) grad_mean=-0.000000
[BWD] #670 | maxpool2                                 | out[0]_grad_shape=(4, 192, 25, 25) grad_mean=-0.000003
[BWD] #671 | maxpool2                                 | out[0]_grad_shape=(4, 192, 25, 25) grad_mean=-0.000003
[BWD] #666 | relu_relu_4                              | out[0]_grad_shape=(4, 192, 52, 52) grad_mean=-0.000001
[BWD] #667 | relu_relu_4                              | out[0]_grad_shape=(4, 192, 52, 52) grad_mean=-0.000001
[BWD] #662 | Conv2d_4a_3x3.bn                         | out[0]_grad_shape=(4, 192, 52, 52) grad_mean=-0.000002
[BWD] #663 | Conv2d_4a_3x3.bn                         | out[0]_grad_shape=(4, 192, 52, 52) grad_mean=-0.000002
[BWD] #658 | Conv2d_4a_3x3.conv                       | out[0]_grad_shape=(4, 192, 52, 52) grad_mean=0.000000
[BWD] #659 | Conv2d_4a_3x3.conv                       | out[0]_grad_shape=(4, 192, 52, 52) grad_mean=0.000000
[BWD] #654 | relu_relu_3                              | out[0]_grad_shape=(4, 80, 54, 54) grad_mean=-0.000000
[BWD] #655 | relu_relu_3                              | out[0]_grad_shape=(4, 80, 54, 54) grad_mean=-0.000000
[BWD] #650 | Conv2d_3b_1x1.bn                         | out[0]_grad_shape=(4, 80, 54, 54) grad_mean=0.000011
[BWD] #651 | Conv2d_3b_1x1.bn                         | out[0]_grad_shape=(4, 80, 54, 54) grad_mean=0.000011
[BWD] #646 | Conv2d_3b_1x1.conv                       | out[0]_grad_shape=(4, 80, 54, 54) grad_mean=-0.000000
[BWD] #647 | Conv2d_3b_1x1.conv                       | out[0]_grad_shape=(4, 80, 54, 54) grad_mean=-0.000000
[BWD] #642 | maxpool1                                 | out[0]_grad_shape=(4, 64, 54, 54) grad_mean=0.000000
[BWD] #643 | maxpool1                                 | out[0]_grad_shape=(4, 64, 54, 54) grad_mean=0.000000
[BWD] #638 | relu_relu_2                              | out[0]_grad_shape=(4, 64, 109, 109) grad_mean=0.000000
[BWD] #639 | relu_relu_2                              | out[0]_grad_shape=(4, 64, 109, 109) grad_mean=0.000000
[BWD] #634 | Conv2d_2b_3x3.bn                         | out[0]_grad_shape=(4, 64, 109, 109) grad_mean=0.000001
[BWD] #635 | Conv2d_2b_3x3.bn                         | out[0]_grad_shape=(4, 64, 109, 109) grad_mean=0.000001
[BWD] #630 | Conv2d_2b_3x3.conv                       | out[0]_grad_shape=(4, 64, 109, 109) grad_mean=-0.000000
[BWD] #631 | Conv2d_2b_3x3.conv                       | out[0]_grad_shape=(4, 64, 109, 109) grad_mean=-0.000000
[BWD] #626 | relu_relu_1                              | out[0]_grad_shape=(4, 32, 109, 109) grad_mean=0.000000
[BWD] #627 | relu_relu_1                              | out[0]_grad_shape=(4, 32, 109, 109) grad_mean=0.000000
[BWD] #622 | Conv2d_2a_3x3.bn                         | out[0]_grad_shape=(4, 32, 109, 109) grad_mean=0.000004
[BWD] #623 | Conv2d_2a_3x3.bn                         | out[0]_grad_shape=(4, 32, 109, 109) grad_mean=0.000004
[BWD] #618 | Conv2d_2a_3x3.conv                       | out[0]_grad_shape=(4, 32, 109, 109) grad_mean=0.000000
[BWD] #619 | Conv2d_2a_3x3.conv                       | out[0]_grad_shape=(4, 32, 109, 109) grad_mean=0.000000
[BWD] #614 | relu_relu                                | out[0]_grad_shape=(4, 32, 111, 111) grad_mean=0.000000
[BWD] #615 | relu_relu                                | out[0]_grad_shape=(4, 32, 111, 111) grad_mean=0.000000
[BWD] #610 | Conv2d_1a_3x3.bn                         | out[0]_grad_shape=(4, 32, 111, 111) grad_mean=-0.000007
[BWD] #611 | Conv2d_1a_3x3.bn                         | out[0]_grad_shape=(4, 32, 111, 111) grad_mean=-0.000007
[BWD] #606 | Conv2d_1a_3x3.conv                       | out[0]_grad_shape=(4, 32, 111, 111) grad_mean=-0.000000
[BWD] #607 | Conv2d_1a_3x3.conv                       | out[0]_grad_shape=(4, 32, 111, 111) grad_mean=-0.000000
